Galaxy,R_kpc,Vobs_kms,errV_kms,Vgas_kms,Vdisk_kms,Vbul_kms,Vbar_kms,gobs_km2s2_per_kpc,gbar_km2s2_per_kpc,log10_gobs,log10_gbar,is_outer
CamB,0.16,1.99,1.5,1.86,3.75,0.0,4.185940754478018,24.750625,109.513125,1.3935861701634884,2.039466171902035,False
CamB,0.41,4.84,1.5,4.24,9.47,0.0,10.375861410022784,57.135609756097566,262.5817073170732,1.7569068665690895,2.419264467800793,False
CamB,0.57,6.79,1.5,5.61,11.76,0.0,13.029570215475259,80.8843859649123,297.8415789473685,1.9078646928885121,2.4739853255414928,False
CamB,0.73,8.87,1.5,6.77,13.72,0.0,15.299388876683931,107.77657534246575,320.64561643835617,2.032524379542997,2.5060253070330925,False
CamB,0.9,10.9,1.5,7.77,14.8,0.0,16.715648357153245,132.01111111111112,310.4587777777778,2.1206104864419224,2.4920039434107357,False
CamB,1.06,12.9,1.5,8.44,15.24,0.0,17.420998823259247,156.99056603773585,286.31245283018865,2.1958735553337276,2.4568402375703995,False
CamB,1.22,14.7,1.5,8.64,15.11,0.0,17.405795012006777,177.12295081967213,248.32926229508197,2.248274838821604,2.395027898388602,True
CamB,1.47,16.8,1.5,8.08,15.9,0.0,17.835257217096704,192.0,216.39210884353744,2.2833012287035497,2.3352414193356665,True
CamB,1.79,20.1,1.5,6.91,14.91,0.0,16.433386747715762,225.70391061452517,150.86938547486034,2.353539083861085,2.1786011213645127,True
D512-2,0.96,22.9,2.71,4.08,14.85,0.0,15.400288958328021,546.2604166666666,247.05093749999997,2.7373997316402074,2.3927865062736213,False
D512-2,1.92,33.5,2.71,6.24,21.2,0.0,22.099266956168478,584.5052083333334,254.36333333333334,2.7667883853701407,2.4054545076104734,False
D512-2,2.88,37.2,4.19,7.45,20.56,0.0,21.86815264259878,480.50000000000006,166.04725694444443,2.681693392004564,2.220231705566857,False
D512-2,3.83,35.9,5.98,8.09,20.08,0.0,21.64842950423887,336.50391644908615,122.36409921671016,2.5269901231880154,2.0876540174902924,True
D564-8,0.51,8.54,1.53,3.47,6.36,0.0,7.245032781154272,143.00313725490193,102.92254901960786,2.1553455652800735,2.01251053357641,False
D564-8,1.02,15.1,1.41,5.33,8.66,0.0,10.168800322555262,223.5392156862745,101.37696078431372,2.3493537228244215,2.0059392672149943,False
D564-8,1.53,19.8,1.8,6.34,9.09,0.0,11.082585438425458,256.2352941176471,80.27692810457516,2.4086389497054634,1.9045907453207134,True
D564-8,2.04,21.9,1.82,6.86,8.75,0.0,11.118547567016117,235.10294117647055,60.59906862745098,2.3712580622543378,1.7824659493632002,True
D564-8,2.56,24.0,1.89,7.05,8.17,0.0,10.791264986089443,225.0,45.488828125,2.3521825181113627,1.657904748757818,True
D564-8,3.07,25.0,2.05,7.04,7.65,0.0,10.39635032114636,203.5830618892508,35.20654723127036,2.308741641866889,1.5466234351260097,True
D631-7,0.45,8.41,1.58,8.4,9.99,0.0,13.052206709978202,157.17355555555554,378.578,2.196379477820481,2.5781553725537885,False
D631-7,0.9,17.8,2.22,13.51,15.52,0.0,20.57645499108143,352.0444444444445,470.4338888888889,2.5465974951784633,2.672498599690774,False
D631-7,1.35,26.0,2.35,16.7,20.76,0.0,26.643340631384795,500.7407407407407,525.8278518518518,2.69961292744663,2.7208435859263322,False
D631-7,1.8,30.9,2.22,18.72,21.37,0.0,28.40977472631559,530.4499999999999,448.3973888888888,2.724644453746363,2.6516630749433436,True
D631-7,2.25,34.7,1.82,19.9,19.92,0.0,28.156995578363823,535.1511111111112,352.3628444444444,2.728476431470385,2.546990107164843,True
D631-7,2.69,38.8,1.81,20.61,18.76,0.0,27.869512015821158,559.6431226765799,288.7396654275093,2.7479111711860065,2.4605064489066897,True
D631-7,3.14,42.5,1.57,20.73,17.36,0.0,27.03890715247197,575.2388535031847,232.83519108280254,2.759848212027408,2.3670486209007224,True
D631-7,3.59,45.6,1.59,20.61,16.32,0.0,26.289056658617476,579.2089136490251,192.5110027855153,2.7628352367505506,2.2844555562470044,True
D631-7,4.04,48.8,1.83,20.38,15.37,0.0,25.52609057415569,589.4653465346533,161.28249999999997,2.770458278894816,2.2075872467085724,True
D631-7,4.49,51.8,1.91,19.9,14.49,0.0,24.616459940454476,597.6035634743874,134.95993318485523,2.7764131784871426,2.1302048545732455,True
D631-7,4.94,54.8,2.19,19.43,13.72,0.0,23.785779364990336,607.902834008097,114.52698380566802,2.7838341680450913,2.058907823245702,True
D631-7,5.39,56.6,2.73,18.84,13.04,0.0,22.912599154177162,594.352504638219,97.40022263450837,2.774044097189804,1.9885599495770545,True
D631-7,5.84,58.4,3.27,18.25,12.45,0.0,22.092193191261025,584.0,83.57277397260273,2.7664128471123997,1.9220648176392374,True
D631-7,6.29,58.5,3.95,17.65,11.93,0.0,21.303694515271285,544.0779014308426,72.15379968203496,2.735661086719092,1.8582592063579957,True
D631-7,6.74,57.7,4.07,17.06,11.48,0.0,20.562927807099843,493.95994065281906,62.735014836795244,2.693691729776143,1.79751000503929,True
D631-7,7.19,57.3,3.94,16.47,11.08,0.0,19.850120906432785,456.6467315716272,54.80212795549373,2.659580353551897,1.7387974223782738,True
DDO064,0.1,6.29,4.62,-1.13,1.96,0.0,2.262410219213129,395.641,51.18499999999999,2.5973012908905377,1.7091427076227974,False
DDO064,0.3,13.9,4.62,-2.45,6.31,0.0,6.768943787622999,644.0333333333334,152.72866666666664,2.8089083457885278,2.1839205603483918,False
DDO064,0.49,15.6,4.62,-0.64,9.67,0.0,9.691155761827378,496.65306122448976,191.6704081632653,2.6960531166804094,2.282555067685449,False
DDO064,0.69,18.4,4.62,2.49,13.92,0.0,14.140951170271396,490.66666666666663,289.80652173913046,2.6907865552818175,2.4621081545079893,False
DDO064,0.89,22.5,4.62,1.87,15.16,0.0,15.274897708331798,568.8202247191011,262.16011235955057,2.754975029577812,2.4185666145092077,False
DDO064,1.09,26.5,4.62,4.97,16.41,0.0,17.146107429967888,644.2660550458716,269.7146788990825,2.809065249932992,2.4309045830542777,False
DDO064,1.29,35.3,4.62,9.29,17.34,0.0,19.671799612643476,965.9612403100773,299.98426356589147,2.984959700476396,2.4770984733004995,False
DDO064,1.48,40.5,4.62,13.62,18.34,0.0,22.844255295369116,1108.277027027027,352.60810810810807,3.04464833103438,2.5472922945376766,False
DDO064,1.68,44.2,4.89,16.26,19.12,0.0,25.09904380648793,1162.8809523809525,374.97738095238105,3.065535256972321,2.5740050713974845,False
DDO064,1.88,46.3,4.62,18.16,19.54,0.0,26.6757792763398,1140.2606382978722,378.5091489361702,3.057004132772226,2.578076381285164,True
DDO064,2.08,46.4,4.62,19.64,19.1,0.0,27.395977806970134,1035.076923076923,360.8363461538462,3.0149726261470002,2.557310276483647,True
DDO064,2.27,46.3,4.62,20.17,18.77,0.0,27.55252801468497,944.3568281938324,334.4237004405287,2.9751361248427832,2.5242970480905518,True
DDO064,2.37,46.4,6.73,20.59,18.61,0.0,27.75392224533318,908.42194092827,325.01274261603373,2.9582876150996578,2.5119003884845412,True
DDO064,2.98,46.9,8.65,22.17,17.21,0.0,28.065868951450625,738.1241610738253,264.32651006711416,2.868129421353911,2.422140721960687,True
DDO154,0.49,13.8,1.6,3.74,12.31,0.0,12.865601423952167,388.6530612244899,337.8034693877552,2.5895620927739595,2.5286641056500883,False
DDO154,0.99,21.6,0.8,7.46,14.55,0.0,16.350966332299752,471.2727272727273,270.0546464646465,2.673272307704312,2.4314516539986095,True
DDO154,1.48,28.9,0.7,10.87,12.95,0.0,16.907377088123397,564.331081081081,193.1482432432432,2.7515339701181385,2.2858907624252596,True
DDO154,1.97,34.3,0.5,13.32,11.54,0.0,17.623677255328978,597.2030456852791,157.66192893401015,2.776122013923948,2.197726835687933,True
DDO154,2.47,38.2,0.4,14.77,10.18,0.0,17.938375065763342,590.7854251012146,130.27744939271255,2.7714297725637516,2.114869247240748,True
DDO154,2.96,42.0,0.2,16.2,9.16,0.0,18.61036270468687,595.9459459459459,117.00864864864865,2.7752068697368624,2.0682179636398943,True
DDO154,3.46,44.6,0.2,17.6,8.37,0.0,19.48889170784219,574.9017341040462,109.77367052023122,2.759593618631507,2.0404981860248994,True
DDO154,3.95,46.3,0.2,17.91,7.77,0.0,19.522832786253126,542.706329113924,96.4913924050633,2.734564886409446,1.9844885734711033,True
DDO154,4.44,47.4,0.3,17.48,7.29,0.0,18.93923176900267,506.0270270270269,80.78704954954955,2.7041737132335504,1.9073417474089542,True
DDO154,4.94,48.2,0.6,16.93,6.89,0.0,18.278320491773854,470.2914979757085,67.63097165991901,2.672367127554052,1.830145627015905,True
DDO154,5.43,47.4,0.7,16.28,6.55,0.0,17.548244926487662,413.76795580110496,56.71103130755065,2.6167568537593233,1.753667545136569,True
DDO154,5.92,45.5,1.3,15.64,6.26,0.0,16.8462814888034,349.7043918918919,47.93871621621622,2.5437010865913052,1.6806863995833554,True
DDO161,0.6,16.0,3.53,6.82,12.59,0.0,14.318536936433135,426.6666666666667,341.7008333333333,2.6300887149282057,2.5336460379489734,False
DDO161,0.73,16.6,4.83,8.12,14.22,0.0,16.375066412079065,377.4794520547946,367.318904109589,2.5768933159596545,2.565043279935855,False
DDO161,0.85,18.6,2.5,9.3,15.27,0.0,17.879119105817267,407.0117647058824,376.07400000000007,2.60960696272154,2.575273309368034,False
DDO161,0.98,20.0,7.58,10.41,17.04,0.0,19.968217246414362,408.16326530612247,406.8670408163265,2.6108339156354674,2.609452510272675,False
DDO161,1.07,21.4,4.03,11.27,18.03,0.0,21.26249750146958,427.9999999999999,422.51757009345795,2.631443769013172,2.6258447734892063,False
DDO161,1.54,28.9,2.74,15.22,22.44,0.0,27.1146086086449,542.3441558441558,477.40389610389616,2.7342749646766324,2.678885958972199,False
DDO161,2.02,32.9,2.65,18.74,24.92,0.0,31.18002565746218,535.8465346534653,481.28415841584155,2.7290404264533246,2.682401567004991,False
DDO161,2.49,35.2,2.88,21.52,25.85,0.0,33.63529247680181,497.6064257028113,454.35056224899597,2.6968859798605256,2.6573910698188996,False
DDO161,2.96,37.6,3.05,23.28,26.01,0.0,34.90671138907245,477.6216216216217,411.64814189189195,2.679083978796384,2.614526159422216,False
DDO161,3.43,40.6,3.68,24.59,25.36,0.0,35.32418010371932,480.5714285714286,363.789416909621,2.6817579471116177,2.5608500607400906,True
DDO161,3.9,42.7,3.25,25.62,25.01,0.0,35.80341464162322,467.5102564102565,328.6883333333334,2.6697911430235486,2.5167842892386796,True
DDO161,4.37,45.5,2.99,26.35,24.48,0.0,35.96655251758222,473.74141876430207,296.0166819221968,2.675541356343803,2.4713161862704682,True
DDO161,4.86,48.9,1.96,27.08,23.7,0.0,35.986336295877635,492.0185185185185,266.4642798353909,2.691981448984947,2.425638999065714,True
DDO161,5.34,51.5,1.53,27.81,22.69,0.0,35.891951744088814,496.6760299625468,241.24198501872658,2.6960732010538258,2.382452893332047,True
DDO161,5.81,53.0,1.86,28.4,21.59,0.0,35.67475437897225,483.4767641996558,219.05130808950085,2.684375606811247,2.3405458509602375,True
DDO161,6.28,55.0,1.48,28.98,20.86,0.0,35.70686208559918,481.68789808917194,203.02229299363057,2.6827657352512917,2.307543728516885,True
DDO161,6.75,57.6,0.99,29.57,20.11,0.0,35.760271251767655,491.52000000000004,189.4514074074074,2.6915411940153993,2.2774978359345828,True
DDO161,7.22,59.7,1.19,30.3,19.38,0.0,35.96768549684563,493.6412742382272,179.17927977839335,2.693411464689099,2.2532877865862107,True
DDO161,7.69,60.5,1.26,31.18,18.7,0.0,36.35770069737634,475.9752925877763,171.89628088426525,2.6775844095035066,2.235266480474638,True
DDO161,8.16,61.8,1.33,32.06,18.06,0.0,36.796836820574676,468.0441176470588,165.9322549019608,2.6702867914237705,2.2199308149837105,True
DDO161,8.64,62.9,1.35,32.64,17.47,0.0,37.021216889778216,457.917824074074,158.63084490740738,2.6607875484116446,2.2003876373991744,True
DDO161,9.11,63.0,2.09,33.23,16.94,0.0,37.29874662773536,435.6750823271131,152.7109220636663,2.639162721934165,2.183870099416282,True
DDO161,9.58,64.5,2.38,33.38,16.44,0.0,37.20884303495609,434.2640918580376,144.519624217119,2.637753920191991,2.1599268236360634,True
DDO161,10.05,65.6,1.08,33.38,15.98,0.0,37.007901858927376,428.1950248756218,136.27709452736318,2.6316416169948127,2.134422865692841,True
DDO161,10.52,67.5,3.22,32.79,15.57,0.0,36.29888428037424,433.1036121673004,125.24800380228136,2.6365918058443296,2.097770812826209,True
DDO161,10.99,66.8,2.37,32.06,15.18,0.0,35.472186287287116,406.0272975432211,114.49281164695178,2.6085552325276007,2.058778220649158,True
DDO161,11.46,66.8,0.95,31.18,14.81,0.0,34.518524012477705,389.3752181500872,103.9728184991274,2.59036830731972,2.0169198170030187,True
DDO161,11.94,66.6,0.96,30.3,14.47,0.0,33.57783346197309,371.4874371859296,94.42804857621441,2.5699441315472518,1.9751010147699384,True
DDO161,12.41,66.8,0.99,29.42,14.16,0.0,32.650298620380184,359.5680902497985,85.90185334407737,2.5557811434523616,1.934002533894373,True
DDO161,12.9,66.3,0.74,28.69,13.86,0.0,31.86244968611171,340.7511627906976,78.69889147286823,2.532437346510297,1.8959686150705388,True
DDO161,13.37,66.1,1.31,27.81,13.59,0.0,30.952935240458213,326.792071802543,71.65925205684367,2.514271511709296,1.8552722709068326,True
DDO168,0.41,15.0,4.1,10.41,8.28,0.0,13.301372109673498,548.7804878048781,431.5280487804878,2.7393986613916272,2.6350090295638413,False
DDO168,0.82,23.4,1.3,18.08,12.66,0.0,22.071746645881923,667.7560975609756,594.0999999999999,2.824617862436569,2.773859552376687,False
DDO168,1.24,29.2,1.5,20.09,15.11,0.0,25.138022993067693,687.6129032258065,509.61306451612904,2.8373440177346017,2.7072405531077792,False
DDO168,1.64,36.2,1.1,20.2,15.99,0.0,25.762765767673315,799.0487804878051,404.7073780487805,2.9025732930186336,2.6071411219024756,False
DDO168,2.06,44.0,1.1,22.0,16.89,0.0,27.735754902291735,939.8058252427185,373.4330582524272,2.9730381326032216,2.5722127613396597,False
DDO168,2.47,52.1,1.2,22.63,17.03,0.0,28.32203735609428,1098.9514170040486,324.7521457489878,3.040978493339383,2.5115520292873788,False
DDO168,2.89,52.9,1.7,22.95,16.99,0.0,28.554554803043242,968.3079584775086,282.13238754325255,2.9860135013138236,2.450452944092071,True
DDO168,3.3,54.8,2.2,22.74,17.19,0.0,28.506204587773517,910.0121212121211,246.24354545454545,2.959047177090851,2.3913648555748788,True
DDO168,3.71,55.0,2.5,22.74,17.16,0.0,28.488123841348344,815.3638814016173,218.75288409703504,2.9113514693734417,2.339953787587702,True
DDO168,4.12,52.0,2.7,22.74,16.37,0.0,28.01935937882949,656.3106796116505,190.5544902912621,2.817109471236464,2.280019187092655,True
DDO170,1.87,27.7,3.0,8.68,18.19,0.0,20.154862936770375,410.3155080213903,217.22914438502676,2.6131179315923982,2.3369180916188474,False
DDO170,3.36,42.4,1.5,15.07,19.75,0.0,24.84285410334328,535.047619047619,183.68077380952383,2.7283924357956213,2.2640637003155404,False
DDO170,4.86,52.5,1.0,20.59,19.94,0.0,28.66272317837229,567.1296296296296,169.0435596707819,2.75368233754962,2.2279986293891505,False
DDO170,6.35,55.6,1.0,24.61,19.17,0.0,31.195207965326983,486.82834645669294,153.2505511811024,2.6873758578721394,2.185402045177277,True
DDO170,7.85,58.6,1.1,26.94,18.71,0.0,32.79981249946408,437.4471337579618,137.04811464968157,2.640925575290929,2.1368730653926877,True
DDO170,9.34,59.0,1.2,27.6,17.41,0.0,32.63231680405178,372.6980728051392,114.01157387580301,2.571357147054195,2.056948940943981,True
DDO170,10.83,60.0,1.3,26.77,16.05,0.0,31.212744192076414,332.409972299169,89.95710064635273,2.521674044141967,1.954035449502793,True
DDO170,12.33,62.2,1.0,24.9,15.01,0.0,29.074217100379503,313.77453365774534,68.55718572587185,2.4966176927859056,1.836052981482087,True
ESO079-G014,0.41,33.2,11.6,2.21,28.95,0.0,29.034231520741166,2688.3902439024396,2056.0648780487804,3.429492310688337,3.3130368144740334,False
ESO079-G014,0.98,50.4,11.8,4.41,47.6,0.0,47.803850263341765,2592.0,2331.8450000000003,3.413634997198556,3.3676996790707188,False
ESO079-G014,1.78,53.9,9.75,6.75,62.09,0.0,62.455829191517424,1632.1404494382023,2191.4216853932585,3.2127575280645835,3.340725954930983,False
ESO079-G014,2.69,67.6,5.1,8.55,75.48,0.0,75.96270729772604,1698.795539033457,2145.1051672862454,3.230141111880864,3.331448589039374,False
ESO079-G014,3.36,81.7,5.06,9.18,82.21,0.0,82.7209556279423,1986.574404761905,2036.5346726190473,3.298104835674987,3.3088918084799297,False
ESO079-G014,4.39,102.0,5.35,9.29,86.87,0.0,87.36533065238179,2369.9316628701595,1738.6562642369024,3.3747358232817137,3.240213729615766,False
ESO079-G014,5.65,116.0,6.44,9.5,92.23,0.0,92.71797506416974,2381.592920353982,1521.5261769911504,3.3768675306343985,3.1822794285476297,False
ESO079-G014,6.34,132.0,9.1,10.22,96.19,0.0,96.73140389759676,2748.2649842271294,1475.86190851735,3.439058604529967,3.169045723899941,False
ESO079-G014,6.89,137.0,5.25,11.87,100.53,0.0,101.22834484471234,2724.0928882438316,1487.253671988389,3.4352219124051877,3.172385049859451,False
ESO079-G014,8.34,154.0,4.2,17.23,113.81,0.0,115.10685904845114,2843.6450839328536,1588.6797362110312,3.4538753910351874,3.2010363561029767,False
ESO079-G014,10.04,163.0,3.28,24.23,128.72,0.0,130.9806523880531,2646.314741035857,1708.758097609562,3.4226414959989153,3.2326805856527283,False
ESO079-G014,11.65,170.0,2.41,30.75,133.41,0.0,136.90796397580382,2480.68669527897,1608.9090643776824,3.39457191739451,3.2065314984464326,False
ESO079-G014,13.36,175.0,2.18,36.2,132.99,0.0,137.8288072211321,2292.2904191616767,1421.9146781437125,3.360269639233062,3.152873537376107,True
ESO079-G014,15.06,177.0,2.23,39.42,128.51,0.0,134.42007476563907,2080.2788844621514,1199.78462815405,3.3181215608589314,3.079103293381867,True
ESO079-G014,16.67,178.0,2.03,40.49,124.23,0.0,130.66190339957552,1900.6598680263946,1024.1471505698862,3.2789044047897824,3.0103623610237964,True
ESO116-G012,0.25,20.9,3.4,-0.22,17.33,0.0,17.33139636613276,1747.2399999999998,1201.5091999999997,3.2423525635500705,3.0797271005614224,False
ESO116-G012,0.83,40.0,3.29,-1.8,34.96,0.0,35.00630800298712,1927.710843373494,1476.4356626506026,3.285041890279851,3.169214526841495,False
ESO116-G012,1.38,51.5,2.96,-1.55,51.34,0.0,51.36339260601854,1921.9202898550727,1911.7377536231888,3.2837353716811455,3.2814283168283236,False
ESO116-G012,1.85,67.9,3.45,5.01,61.73,0.0,61.93297183245771,2492.1135135135137,2073.3475675675672,3.3965678201579896,3.316672111560302,False
ESO116-G012,2.68,80.2,2.93,12.54,60.49,0.0,61.776141834854016,2400.0149253731347,1423.9894402985074,3.3802139425395383,3.153506768769171,False
ESO116-G012,3.19,83.3,3.08,16.68,63.17,0.0,65.33506944972203,2175.2006269592475,1338.141473354232,3.337499319756394,3.1265020311067464,False
ESO116-G012,3.68,91.4,2.83,20.19,65.14,0.0,68.19718249312064,2270.0978260869565,1263.819483695652,3.3560445727941453,3.1016850463882193,False
ESO116-G012,4.13,102.0,5.4,22.31,66.32,0.0,69.97198367918405,2519.128329297821,1185.491162227603,3.4012502918674343,3.073898320684438,True
ESO116-G012,5.23,105.0,4.21,25.63,64.52,0.0,69.42425584765024,2108.0305927342256,921.5539770554492,3.323876909272602,2.96452077770029,True
ESO116-G012,6.05,109.0,2.1,27.28,60.09,0.0,65.99247305564477,1963.801652892562,719.8357851239671,3.2930976212287786,2.857233432891449,True
ESO116-G012,6.81,108.0,2.1,28.58,55.74,0.0,62.639955300111765,1712.775330396476,576.176798825257,3.233700399061114,2.7605557663619016,True
ESO116-G012,7.56,109.0,2.1,30.7,53.61,0.0,61.778006604292436,1571.5608465608466,504.83096560846565,3.196331200380041,2.7031459860546803,True
ESO116-G012,8.32,110.0,2.1,33.83,51.18,0.0,61.35031621760397,1454.326923076923,452.3871754807692,3.1626620440257263,2.655510284810271,True
ESO116-G012,9.09,111.0,2.33,35.49,49.08,0.0,60.56720647347044,1355.4455445544554,403.5628712871287,3.1320820743513473,2.6059112033110163,True
ESO116-G012,9.86,112.0,4.74,33.74,46.34,0.0,57.32175154337139,1272.210953346856,333.2437322515214,3.104559130399152,2.522761989821301,True
ESO444-G084,0.26,18.3,1.8,4.59,8.31,0.0,9.493376638478008,1288.0384615384617,346.6315384615385,3.109928831490041,2.539868074698387,False
ESO444-G084,0.77,35.3,3.0,11.55,14.79,0.0,18.765569535721532,1618.298701298701,457.3332467532467,3.2090586856031633,2.6602327744325778,False
ESO444-G084,1.29,47.8,4.63,16.45,14.54,0.0,21.954819516452417,1771.1937984496121,373.65434108527126,3.2482660829249888,2.572470032218916,True
ESO444-G084,1.81,52.8,1.26,19.03,13.66,0.0,23.4251253998778,1540.2430939226517,303.16933701657456,3.18758927019844,2.481685274011744,True
ESO444-G084,2.32,58.0,3.11,20.09,12.28,0.0,23.545838273461406,1450.0,238.96831896551723,3.161368002234975,2.3783403285194598,True
ESO444-G084,3.39,63.1,1.35,17.39,9.97,0.0,20.045273757172787,1174.5162241887906,118.52890855457227,3.0698590202851865,2.073824285321475,True
ESO444-G084,4.44,62.7,7.36,14.45,8.53,0.0,16.779851012449424,885.4256756756757,63.41518018018017,2.947152111546813,1.8021932307422162,True
ESO563-G021,0.45,18.9,9.78,0.0,65.19,0.0,65.19,793.7999999999998,9443.858,2.8997110945711446,3.9751494483050305,False
ESO563-G021,1.34,58.3,10.5,0.0,120.17,0.0,120.17,2536.4850746268653,10776.737985074627,3.4042323111532204,4.032487323979912,False
ESO563-G021,2.23,74.1,5.69,0.0,137.48,0.0,137.48,2462.2466367713,8475.672825112106,3.3913315529104957,3.9281741838822146,False
ESO563-G021,3.12,119.0,4.27,0.0,146.18,0.0,146.18,4538.782051282051,6848.907820512821,3.6569393287666188,3.8356213210774657,False
ESO563-G021,4.01,141.0,3.76,0.0,157.86,0.0,157.86,4957.85536159601,6214.408877805488,3.6952938526905776,3.793399824318511,False
ESO563-G021,4.9,195.0,4.54,0.0,175.79,0.0,175.79,7760.204081632653,6306.555938775509,3.8898731426965223,3.7997922522508243,False
ESO563-G021,5.79,227.0,4.2,0.0,199.19,0.0,199.19,8899.65457685665,6852.617633851468,3.9493731506588095,3.8358564994897675,False
ESO563-G021,6.69,246.0,4.24,0.0,217.87,0.0,217.87,9045.739910313901,7095.267100149476,3.9564440964389354,3.8509687490447404,False
ESO563-G021,7.58,268.0,5.56,0.0,228.65,0.0,228.65,9475.461741424802,6897.206134564644,3.976600382425524,3.838673205801348,False
ESO563-G021,8.47,283.0,2.96,0.0,241.76,0.0,241.76,9455.6080283353,6900.578229043683,3.9756894607178737,3.8388854836591935,False
ESO563-G021,10.23,291.0,9.81,0.0,260.94,0.0,260.94,8277.712609970675,6655.8830498533725,3.9179103442596546,3.823205682385799,False
ESO563-G021,12.06,310.0,4.74,0.04,275.04,0.0,275.0400029086679,7968.49087893864,6272.554162520732,3.901376079864413,3.797444420067529,False
ESO563-G021,13.44,310.0,20.4,0.4,277.98,0.0,277.98028779033956,7150.297619047619,5749.4821726190485,3.854324118950739,3.759628731698123,False
ESO563-G021,15.18,310.0,16.1,3.11,282.25,0.0,282.2671334038024,6330.698287220026,5248.664993412384,3.801451616109084,3.7200488539349443,True
ESO563-G021,16.83,314.0,13.5,15.18,283.33,0.0,283.7363587910439,5858.348187759953,4783.500968508616,3.7677751801706063,3.6797458662296334,True
ESO563-G021,18.56,317.0,12.7,22.91,276.47,0.0,277.4176075882712,5414.2780172413795,4146.580226293105,3.7335405525526597,3.617690072346905,True
ESO563-G021,20.3,319.0,10.4,33.06,272.19,0.0,274.1903712751416,5012.857142857143,3703.4659950738915,3.7000853282011494,3.5686083613490105,True
ESO563-G021,21.94,318.0,10.8,33.62,273.0,0.0,275.0623645648383,4609.1157702825885,3448.4641932543295,3.663617616730173,3.537625720899763,True
ESO563-G021,23.68,317.0,9.3,39.67,271.34,0.0,274.2245512349323,4243.623310810811,3175.637858952702,3.627736826384621,3.501830970825013,True
ESO563-G021,25.41,317.0,7.23,44.98,261.62,0.0,265.4585180400132,3954.7028728846913,2773.247729240457,3.5971138593851335,3.442988666057017,True
ESO563-G021,27.06,312.0,8.39,46.29,252.97,0.0,257.17034238029856,3597.339246119734,2444.071877309682,3.5559813957752815,3.3881139738536397,True
ESO563-G021,28.8,312.0,8.37,43.21,243.84,0.0,247.63895028851982,3380.0,2129.342003472222,3.5289167002776547,3.32824542108702,True
ESO563-G021,30.53,311.0,11.5,45.08,233.85,0.0,238.15547211853016,3168.0641991483785,1857.7801801506714,3.5007939737550133,3.2689943252683107,True
ESO563-G021,32.18,310.0,14.5,52.43,224.75,0.0,230.78446091537447,2986.3269111249224,1655.1108576755748,3.4751373479055347,3.2188270876974747,True
ESO563-G021,33.91,313.0,15.9,59.7,216.21,0.0,224.30081163473304,2889.0887643762903,1483.6583338248304,3.460760885314811,3.1713339003913994,True
ESO563-G021,35.65,320.0,8.83,61.56,208.83,0.0,217.71449767987434,2872.3702664796633,1329.582117812062,3.4582404224519276,3.1237151654444197,True
ESO563-G021,37.3,321.0,7.88,63.33,202.65,0.0,212.31512287164097,2762.4932975871316,1208.5177319034854,3.4413012330010564,3.0822530269499926,True
ESO563-G021,39.03,320.0,8.0,62.96,196.77,0.0,206.59717931278735,2623.6228542147064,1093.579157058673,3.418901405358563,3.03885022425484,True
ESO563-G021,40.76,315.0,9.82,62.4,191.39,0.0,201.30546962266078,2434.3719332679098,994.2073626104024,3.3863869322448124,2.9974769749860726,True
ESO563-G021,42.41,312.0,9.07,62.21,186.89,0.0,196.97196805637088,2295.3077104456497,914.8303749115773,3.360840915577176,2.9613405759581957,True
F563-1,1.07,22.1,7.17,1.98,18.3,0.0,18.40680309016207,456.4579439252337,316.6452336448598,2.659400769685012,2.500572955122486,False
F563-1,1.78,42.7,10.66,4.03,24.51,0.0,24.83910223820499,1024.3202247191011,346.61853932584273,3.0104357477411536,2.5398517877823554,False
F563-1,2.49,60.6,7.69,6.25,27.45,0.0,28.152530969701463,1474.8433734939758,318.29919678714856,3.168745901236836,2.502835542700961,False
F563-1,2.97,76.8,11.1,7.78,28.28,0.0,29.33064608903118,1985.9393939393938,289.65885521885525,3.2979659907458116,2.4618868099415816,False
F563-1,3.04,81.6,17.5,8.01,28.2,0.0,29.315526602808962,2190.315789473684,282.6974013157895,3.3405067338989687,2.451321816273743,False
F563-1,3.19,87.0,8.93,8.49,28.16,0.0,29.411999252005973,2372.727272727273,271.18047021943573,3.375247822180056,2.433258409452623,False
F563-1,6.95,90.0,24.8,17.83,29.57,0.0,34.52960758537519,1165.4676258992806,171.55306474820142,3.066500214288536,2.2343984810126716,False
F563-1,8.58,97.8,9.4,22.83,29.09,0.0,36.978872346246575,1114.7832167832169,159.37494172494172,3.0471904217264973,2.2024200389793425,False
F563-1,9.26,93.7,25.3,24.91,28.73,0.0,38.02526791490101,948.1306695464364,156.14697624190066,2.976868195093622,2.1935335786131467,True
F563-1,9.89,103.0,23.8,26.69,28.7,0.0,39.19242401281146,1072.6996966632962,155.31305358948433,3.0304781578131648,2.1912079583920487,True
F563-1,10.08,97.4,11.0,27.31,28.73,0.0,39.63898333711398,941.1468253968254,155.87787698412697,2.9736573816477248,2.1927844821837947,True
F563-1,11.84,106.5,9.48,30.86,27.77,0.0,41.515208056807325,957.9603040540541,145.5669341216216,2.981347513162612,2.163062735146063,True
F563-1,14.56,112.0,11.0,30.44,25.73,0.0,39.8575776986008,861.5384615384615,109.10896291208792,2.935274670363345,2.0378604277962054,True
F563-1,15.43,111.5,9.4,30.7,25.11,0.0,39.661090504422596,805.7193778353857,101.94440051847052,2.9061838087052108,2.0083633763553093,True
F563-1,17.93,111.0,24.3,33.36,23.48,0.0,40.794607486774524,687.1723368655884,92.81650864472951,2.837065668011132,1.9676252281118212,True
F563-1,19.02,112.5,7.75,34.35,22.95,0.0,41.311318061761234,665.4179810725552,89.72791798107255,2.8230945322933674,1.9529275906327166,True
F563-1,20.1,106.0,10.7,35.34,22.07,0.0,41.6653393121909,559.0049751243781,86.368184079602,2.7474156731090518,1.9363537885047826,True
F563-V2,0.28,11.9,7.89,0.95,6.22,0.0,6.2921300050142,505.75,141.39607142857142,2.703935891442842,2.1504373431200388,False
F563-V2,0.87,34.8,7.89,2.93,17.64,0.0,17.881680569789854,1391.9999999999998,367.533908045977,3.1436392352745433,2.5652974125302483,False
F563-V2,1.46,58.5,8.68,4.98,27.33,0.0,27.78001619869938,2344.0068493150684,528.581712328767,3.3699588763799238,2.7231121334985047,False
F563-V2,2.05,81.5,14.2,7.2,35.16,0.0,35.88963081448456,3240.1219512195125,628.3246829268292,3.510561356424199,2.7981841207510536,False
F563-V2,2.35,91.8,17.5,8.24,37.71,0.0,38.599762952640006,3586.059574468085,634.017744680851,3.5546175001307487,2.802101412943457,False
F563-V2,4.76,114.0,8.68,16.62,45.06,0.0,48.02736719829643,2730.2521008403364,484.58571428571435,3.436202749952452,2.685370606874673,False
F563-V2,7.86,116.0,8.68,34.33,41.16,0.0,53.59752326367329,1711.9592875318065,365.4827608142493,3.233493432414429,2.5628668968621064,True
F563-V2,8.7,117.0,16.6,39.57,40.09,0.0,56.32932628746771,1573.448275862069,364.71183908045987,3.1968524708737047,2.5619498613775624,True
F563-V2,10.18,118.0,51.9,39.57,38.11,0.0,54.93775568768714,1367.779960707269,296.4790766208252,3.136016236611511,2.471994049373956,True
F563-V2,10.47,118.0,40.3,39.57,37.78,0.0,54.70935294810203,1329.8949379178605,285.8751957975167,3.1238173329334082,2.4561764750656208,True
F565-V2,1.26,21.7,10.0,5.7,11.4,0.0,12.745587471748802,373.72222222222223,128.92857142857144,2.572548922579496,2.1103491705634387,False
F565-V2,2.51,40.3,10.0,10.7,17.23,0.0,20.2820832263355,647.0478087649402,163.88960159362549,2.8109363708011808,2.2145513994901465,False
F565-V2,3.78,57.7,7.0,14.75,19.15,0.0,24.17198791990431,880.7645502645504,154.57275132275132,2.9448598264742376,2.1891329372331856,False
F565-V2,5.03,68.5,7.0,18.18,18.51,0.0,25.94479716629136,932.8528827037773,133.82355864811134,2.9698131579289235,2.1265325744949033,False
F565-V2,6.29,73.5,7.0,21.5,20.41,0.0,29.644866334662396,858.8632750397456,139.71670906200316,2.933924032723121,2.1452483475564725,True
F565-V2,7.54,78.5,5.0,24.72,20.52,0.0,32.127072695781045,817.2745358090185,136.88976127320953,2.912367967620731,2.136370966111812,True
F565-V2,8.8,83.1,6.0,27.11,18.68,0.0,32.922553060174415,784.7284090909089,123.16982954545452,2.8947193754180534,2.090504340404966,True
F568-1,0.44,15.7,9.1,-2.08,12.26,0.0,12.435191996909417,560.2045454545454,351.44090909090914,2.74834662833228,2.5458523136713738,False
F568-1,1.32,44.5,9.1,-5.39,28.49,0.0,28.995382390994603,1500.1893939393938,636.9183333333333,3.176146090756013,2.8040837499861615,False
F568-1,2.2,69.4,9.1,-6.26,35.84,0.0,36.38259473979282,2189.2545454545457,601.6787272727273,3.3402962600875035,2.7793646570103756,False
F568-1,3.08,90.0,11.4,-3.53,40.15,0.0,40.30488059776384,2629.87012987013,527.4296753246753,3.4199343023782056,2.7221645613072214,False
F568-1,3.96,105.0,9.88,1.83,41.23,0.0,41.270592435776834,2784.090909090909,430.1166161616161,3.444683412214364,2.6335862204380938,False
F568-1,4.84,113.0,16.2,8.4,42.44,0.0,43.26330546779799,2638.223140495868,386.71768595041317,3.421311525322427,2.587394034330711,False
F568-1,5.53,117.0,24.8,13.64,43.19,0.0,45.29266717692832,2475.406871609403,370.96305605786614,3.393646592187625,2.5693306606956,False
F568-1,7.48,124.0,9.1,27.27,47.2,0.0,54.511401559673736,2055.614973262032,397.2584090909091,3.3129417724600088,2.5990730990402144,False
F568-1,8.37,127.0,9.1,32.13,48.6,0.0,58.26059474464709,1927.0011947431303,405.53129032258073,3.2848819839186536,2.6080243694970053,False
F568-1,9.24,130.0,9.1,36.26,48.96,0.0,60.92511140736634,1829.004329004329,401.7174458874459,3.262214733393567,2.6039206927924803,False
F568-1,10.13,133.0,9.1,39.77,48.92,0.0,63.04616800409046,1746.1994076999013,392.38097729516284,3.242093836573891,2.593707944538704,False
F568-1,13.23,142.0,23.8,47.41,49.96,0.0,68.87459400969271,1524.1118669690097,358.557044595616,3.183016844578612,2.5545582595359617,True
F568-3,0.64,12.4,8.6,1.18,13.56,0.0,13.611245350811954,240.25000000000003,289.47812500000003,2.380663396340583,2.4616157509624768,False
F568-3,1.18,21.9,6.2,1.55,21.17,0.0,21.226667190117247,406.4491525423729,381.8401694915255,2.609006222374111,2.5818816141332186,False
F568-3,1.8,32.3,1.88,1.6,27.72,0.0,27.76613765002255,579.6055555555554,428.31022222222214,2.7631325395588995,2.6317584395652047,False
F568-3,2.03,37.9,6.2,1.54,29.76,0.0,29.79981879139536,707.5911330049261,437.4528078817735,2.8497823820229318,2.640931208485181,False
F568-3,2.78,53.1,9.5,1.46,36.4,0.0,36.42926845271532,1014.248201438849,477.3710791366906,3.0061442462448618,2.678856104340175,False
F568-3,3.0,62.4,11.0,1.62,38.08,0.0,38.11444345651658,1297.9199999999998,484.2369333333333,3.1132479246451856,2.6850579105314814,False
F568-3,3.64,68.0,6.2,2.96,42.4,0.0,42.50319517401015,1270.3296703296703,496.29714285714283,3.103916441763417,2.6957417750060104,False
F568-3,4.19,78.0,7.98,5.28,45.43,0.0,45.735798888835426,1452.0286396181382,499.2275178997613,3.1619751824146656,2.698298516062673,False
F568-3,4.6,82.3,6.2,6.86,46.43,0.0,46.93404414707942,1472.454347826087,478.87054347826097,3.168041838742966,2.6802181233272226,False
F568-3,5.14,85.7,6.3,8.92,47.19,0.0,48.025644191410905,1428.8891050583659,448.72811284046696,3.1549985248511208,2.6519832789581295,False
F568-3,5.39,85.5,6.51,9.95,47.91,0.0,48.93230630166536,1356.26159554731,444.2246011131725,3.1323434642696064,2.647602606062638,False
F568-3,6.31,89.5,15.6,14.48,50.48,0.0,52.515719551387654,1269.4532488114105,437.0682725832012,3.10361671138769,2.640549281570529,False
F568-3,9.1,95.2,15.5,26.69,51.31,0.0,57.83659913929933,995.9384615384616,367.59035164835166,2.9982325044478553,2.5653641036910284,False
F568-3,10.17,97.5,6.2,29.9,52.01,0.0,59.992083644427616,934.7345132743363,353.8888987217305,2.970688278474329,2.5488669392989642,False
F568-3,11.99,101.0,10.2,33.72,51.6,0.0,61.64088253748481,850.7923269391159,316.89728106755626,2.9298235644664365,2.500918513022984,False
F568-3,14.02,107.0,10.7,36.41,50.13,0.0,61.95728367189769,816.6191155492154,273.80206847360915,2.9120195417397796,2.437436724744944,True
F568-3,15.94,117.0,11.7,38.69,49.27,0.0,62.64542281763289,858.7829360100377,246.2013174404015,2.93388340643223,2.3912903725415435,True
F568-3,17.98,120.0,12.0,39.0,48.97,0.0,62.60240330849927,800.8898776418242,217.96779199110122,2.90357280469804,2.3383923248250746,True
F568-V1,0.39,17.4,30.4,-1.11,12.25,0.0,12.30018699044856,776.3076923076922,387.9348717948718,2.8900338895387003,2.5887588204543612,False
F568-V1,1.18,46.3,37.1,-2.76,28.99,0.0,29.12108686158537,1816.686440677966,718.6760169491525,3.2592799747297807,2.85653315218883,False
F568-V1,1.95,69.1,13.1,-2.63,34.78,0.0,34.879296151155344,2448.6205128205124,623.879641025641,3.3889214833858787,2.7951008135923985,False
F568-V1,2.74,85.2,6.2,-0.03,37.08,0.0,37.08001213592034,2649.284671532847,501.79828467153277,3.4231286267130123,2.7005291724051337,False
F568-V1,3.53,93.2,6.2,3.84,41.2,0.0,41.37856449902534,2460.691218130312,485.03841359773384,3.3910571193201404,2.685776134793797,False
F568-V1,4.3,100.0,12.4,7.34,44.37,0.0,44.97301968958722,2325.5813953488373,470.3656976744186,3.3665315444204134,2.6724356424602784,False
F568-V1,5.09,108.0,6.2,9.92,45.35,0.0,46.422288827674144,2291.5520628683694,423.3848526522593,3.3601297286371405,2.626735316302158,False
F568-V1,5.87,112.0,6.2,12.15,44.94,0.0,46.55347570267981,2136.9676320272574,369.2037649063032,3.329797944092749,2.56726612103669,False
F568-V1,6.4,113.0,24.9,13.65,45.12,0.0,47.139547091587545,1995.15625,347.208890625,3.2999769129829524,2.540590837184015,False
F568-V1,7.44,113.0,15.5,17.06,45.76,0.0,48.83667883875806,1716.263440860215,320.5673655913978,3.234583951420961,2.5059193082084916,True
F568-V1,8.21,112.0,13.1,19.87,46.01,0.0,50.11723256525644,1527.8928136419,305.93629719853834,3.1840928882209223,2.4856310060395073,True
F568-V1,9.0,111.0,26.4,22.99,44.52,0.0,50.10559350012731,1369.0,278.9522777777778,3.13640344813399,2.445529911981488,True
F568-V1,9.72,111.0,19.4,26.1,43.69,0.0,50.89229902450861,1267.5925925925926,266.4635905349794,3.10297969264704,2.4256378756139982,True
F568-V1,11.79,113.0,12.5,34.23,40.77,0.0,53.23425400998872,1083.0364715860899,240.3635114503817,3.0346430818717502,2.380868539959211,True
F568-V1,17.63,118.0,14.6,36.03,33.12,0.0,48.939710869599544,789.7901304594442,135.85339194554737,2.897511702312929,2.1330704862198204,True
F571-8,0.22,12.4,7.0,0.92,38.29,0.0,38.3010508994205,698.909090909091,6668.047727272727,2.844420689502264,3.823998699676814,False
F571-8,0.78,37.5,4.0,2.67,85.69,0.0,85.73158694436958,1802.8846153846152,9422.955128205127,3.2559679327649573,3.9741871230273995,False
F571-8,1.33,56.5,4.0,3.9,104.0,0.0,104.07309931005226,2400.187969924812,8143.766917293232,3.380245254671791,3.9108253352306543,False
F571-8,2.33,69.1,4.0,5.34,114.45,0.0,114.57450894505287,2049.2746781115875,5634.042103004292,3.3116001737223777,3.750820088129718,False
F571-8,3.44,85.5,7.5,7.09,107.32,0.0,107.55394228014146,2125.0726744186045,3362.747238372093,3.327373786884815,3.52669422470218,False
F571-8,3.78,87.1,8.4,7.29,103.7,0.0,103.95592383313227,2006.9867724867722,2858.95082010582,3.302544510178101,3.456206684654817,False
F571-8,4.77,105.0,4.0,8.42,92.03,0.0,92.41437821031963,2311.3207547169814,1790.4438784067086,3.363860219099762,3.2529607125692177,False
F571-8,5.44,112.0,6.7,8.94,86.43,0.0,86.89113015722607,2305.882352941176,1387.8802389705884,3.362837145642183,3.142351992200817,False
F571-8,6.11,116.0,4.0,9.45,81.42,0.0,81.96657184486857,2202.291325695581,1099.5939279869067,3.3428747682112827,3.0412323329820334,False
F571-8,7.22,124.0,4.0,10.47,76.23,0.0,76.94565484808093,2129.639889196676,820.0323822714682,3.328306172754831,2.9138310025838763,False
F571-8,9.33,135.0,4.0,11.28,68.45,0.0,69.3732001568329,1953.3762057877814,515.8243193997856,3.290785893243512,2.712501813823923,True
F571-8,11.1,140.0,4.0,11.8,64.24,0.0,65.31475790355499,1765.7657657657658,384.32590990990985,3.2469330925698188,2.584699664067754,True
F571-8,15.55,144.0,5.0,11.28,55.43,0.0,56.566096736472815,1333.5048231511253,205.76998713826367,3.124994590827643,2.3133820304323978,True
F571-V1,1.95,32.0,10.0,7.85,23.82,0.0,25.080169457162764,525.1282051282052,322.5717435897436,2.720265345277294,2.5086263216998224,False
F571-V1,3.88,57.6,10.0,15.1,35.57,0.0,38.64239769993575,855.0927835051547,384.8543556701031,2.932013241252217,2.585296406142442,False
F571-V1,5.83,70.9,7.0,20.84,33.21,0.0,39.20726590824716,862.2315608919383,263.67233276157805,2.935623915607119,2.4210645614985475,False
F571-V1,7.78,77.0,6.0,25.68,32.58,0.0,41.48395834536526,762.0822622107969,221.19778920308482,2.8820018533552747,2.3447807820282347,True
F571-V1,9.72,82.5,6.0,29.5,31.97,0.0,43.500929875118764,700.2314814814814,194.6842489711934,2.8452416321735754,2.2893308161239965,True
F571-V1,11.66,84.3,6.0,30.81,29.08,0.0,42.36628966525154,609.4759862778731,153.9367495711835,2.7849565988264895,2.187342312038958,True
F571-V1,13.59,83.9,6.0,28.8,26.58,0.0,39.191024482654186,517.9698307579104,113.01960264900663,2.7143044649249064,2.053153776084803,True
F574-1,0.47,15.3,4.4,0.25,12.99,0.0,12.992405473968244,498.0638297872341,359.15446808510643,2.69728500369948,2.555281273672384,False
F574-1,1.41,41.0,4.36,0.88,32.88,0.0,32.891774047624736,1192.1985815602839,767.2828368794328,3.0763486007840912,2.884955483705854,False
F574-1,2.35,60.7,4.4,1.88,41.13,0.0,41.172943785937875,1567.868085106383,721.3665106382979,3.195309519878779,2.858155976376312,False
F574-1,3.29,74.9,4.4,3.41,42.43,0.0,42.566806316659466,1705.1702127659578,550.7395136778115,3.231767737448959,2.7409462367438797,False
F574-1,4.22,83.0,6.28,5.43,44.37,0.0,44.701026833843535,1632.4644549763034,473.50279620853075,3.212843733790474,2.6753225480158487,False
F574-1,5.17,86.8,4.4,7.8,46.69,0.0,47.33704785894448,1457.2998065764023,433.42284332688587,3.1635489072590413,2.63691179685315,False
F574-1,6.11,89.4,4.4,10.44,48.85,0.0,49.95313904050475,1308.0785597381343,408.3987070376432,3.1166338273492813,2.6110843584704413,False
F574-1,7.05,92.5,4.4,13.15,49.34,0.0,51.06229626642343,1213.6524822695035,369.83802836879437,3.0840943484866665,2.5680115651833364,False
F574-1,7.99,94.7,4.4,16.07,50.15,0.0,52.661821085108706,1122.4142678347935,347.0922903629537,3.0501531786925553,2.540444967200619,False
F574-1,8.92,96.3,4.4,18.98,49.17,0.0,52.706065115885856,1039.6513452914796,311.4270515695068,3.016887719872946,2.493356334105894,False
F574-1,9.87,97.8,4.4,21.99,49.76,0.0,54.40236851461524,969.082066869301,299.8599493414387,2.986360556905566,2.4769184632868555,False
F574-1,10.79,98.8,4.62,25.0,50.33,0.0,56.197054193258204,904.6746987951807,292.6884986098239,2.9564924444923455,2.4664056568771566,False
F574-1,11.8,99.5,4.4,27.82,50.68,0.0,57.813621232370494,839.0042372881355,283.25549152542374,2.9237641541853256,2.45217833836269,True
F574-1,12.6,99.7,5.14,30.02,50.19,0.0,58.48278806623364,788.8960317460318,271.4473412698413,2.8970197715057484,2.433685592252551,True
F579-V1,0.42,35.7,9.1,-1.7,15.39,0.0,15.483607460795433,3034.5000000000005,570.8145238095238,3.482087141826486,2.7564950147756266,False
F579-V1,1.47,83.3,9.3,-4.3,40.7,0.0,40.92651951974417,4720.333333333333,1139.4421768707484,3.673972668065399,3.056692290987975,False
F579-V1,2.11,94.2,10.4,-3.8,48.7,0.0,48.84802964296513,4205.5165876777255,1130.867298578199,3.6238193502880622,3.0534116457066443,False
F579-V1,2.84,97.6,9.1,-0.8,53.6,0.0,53.605969816803054,3354.140845070422,1011.830985915493,3.525581295286346,3.005107974940173,False
F579-V1,3.9,101.0,9.1,5.9,57.61,0.0,57.91132963419162,2615.641025641026,859.9287435897436,3.417578140538786,2.9344624657227634,False
F579-V1,4.74,105.0,16.7,10.47,63.1,0.0,63.96273055459718,2325.9493670886077,863.12888185654,3.3666002564657913,2.9360756491335205,False
F579-V1,5.69,106.0,9.1,13.24,67.96,0.0,69.23770071283418,1974.6924428822495,842.5060105448152,3.2954994641344695,2.9255730078663853,False
F579-V1,6.32,108.0,11.5,14.88,69.85,0.0,71.41734313176316,1845.5696202531644,807.031155063291,3.266130432691514,2.9068903007826634,False
F579-V1,7.37,110.0,23.0,17.96,72.36,0.0,74.55555780758401,1641.7910447761194,754.2104748982362,3.2153178824573985,2.8774925598369196,False
F579-V1,8.21,112.0,19.7,20.83,72.55,0.0,75.48106650014955,1527.8928136419,693.9575395858708,3.1840928882209223,2.8413328985705784,False
F579-V1,9.16,113.0,9.1,23.19,73.73,0.0,77.29093737301936,1393.995633187773,652.171288209607,3.144261413298989,2.814361675109909,True
F579-V1,10.85,114.0,9.1,26.37,73.37,0.0,77.96495238246479,1197.7880184331798,560.2335299539171,3.0783799644883967,2.7483690977724335,True
F579-V1,12.21,114.0,9.1,28.32,69.96,0.0,75.47465799856266,1064.3734643734642,466.537592137592,3.0270940387280625,2.668886643581233,True
F579-V1,15.16,114.0,11.2,33.04,63.57,0.0,71.64346795067922,857.2559366754617,338.5743073878628,2.9331105013769103,2.5296539987137523,True
F583-1,0.26,14.6,13.0,-0.5,5.06,0.0,5.084643546995206,819.8461538461538,99.43692307692307,2.913732363598056,1.9975476772648426,False
F583-1,0.44,10.0,7.0,-0.86,8.17,0.0,8.215138465053403,227.27272727272728,153.3829545454545,2.3565473235138126,2.18577709912946,False
F583-1,0.77,10.7,7.13,-1.55,13.14,0.0,13.23110350651071,148.68831168831167,227.35337662337665,2.172276830197937,2.356701408675326,False
F583-1,0.89,17.4,9.6,-1.78,14.55,0.0,14.658475364102502,340.1797752808988,241.42797752808988,2.5317084899202866,2.3827875962585088,False
F583-1,1.22,23.5,11.2,-2.43,17.29,0.0,17.45992554394205,452.6639344262295,249.87622950819673,2.655775893868724,2.3977249440638886,False
F583-1,1.55,31.0,5.2,-2.98,18.37,0.0,18.61013970930901,620.0,223.4434193548387,2.792391689498254,2.3491675687526317,False
F583-1,1.8,32.3,2.41,-3.18,18.25,0.0,18.524980431838518,579.6055555555554,190.6527222222222,2.7631325395588995,2.2802430106988543,False
F583-1,2.21,40.9,5.9,-3.53,19.06,0.0,19.384130106868348,756.9276018099547,170.02013574660631,2.8790543423295727,2.230500358588786,False
F583-1,2.31,43.8,4.26,-3.66,19.39,0.0,19.732402286594503,830.4935064935064,168.55744588744588,2.9193362411160546,2.2267479418846166,False
F583-1,2.54,44.8,4.5,-4.08,20.16,0.0,20.568714106623194,790.1732283464565,166.56377952755906,2.89772231137635,2.2215805669295494,False
F583-1,3.1,51.7,12.7,-5.16,22.16,0.0,22.752828395608315,862.2225806451613,166.99716129032257,2.9356193923536122,2.2227090888336503,False
F583-1,3.43,55.7,4.5,-4.94,23.71,0.0,24.21915977072698,904.5160349854227,171.01099125364433,2.9564162703046875,2.23302402435358,False
F583-1,3.86,59.4,9.85,-3.07,24.94,0.0,25.128241084485005,914.0829015544041,163.5825129533679,2.960985585290632,2.2137368755347424,False
F583-1,4.09,62.0,4.5,1.31,25.34,0.0,25.37383888969109,939.8533007334963,157.41606356968214,2.973060070989166,2.1970490479957916,False
F583-1,4.37,63.0,3.2,4.42,25.74,0.0,26.11673792800318,908.2379862700228,156.08329519450797,2.9581996619367414,2.1933564252081243,False
F583-1,4.76,66.6,6.9,7.13,26.09,0.0,27.046718839814933,931.8403361344538,153.68172268907563,2.969341505620109,2.1866222200874113,False
F583-1,5.4,71.3,2.95,11.25,26.17,0.0,28.48563497624724,941.4240740740739,150.26507407407408,2.9737852998807623,2.1768580497850176,False
F583-1,5.86,72.3,15.5,13.88,25.92,0.0,29.402394460315644,892.0290102389077,147.5257337883959,2.950378978570971,2.1688677834836088,False
F583-1,6.08,73.4,6.0,14.94,25.73,0.0,29.75292422603197,886.1118421052632,145.59810855263157,2.947488540559406,2.163155733146726,True
F583-1,6.43,72.4,5.81,16.72,25.39,0.0,30.400830580758807,815.2037325038882,143.7341368584759,2.9112661594700717,2.1575599253270163,True
F583-1,6.97,77.1,12.1,19.67,24.74,0.0,31.606589502823617,852.8565279770444,143.3251793400287,2.9308759780039044,2.15632249387135,True
F583-1,7.96,80.3,13.5,24.09,23.76,0.0,33.83586410895989,810.0615577889446,143.82734924623117,2.9085180228196927,2.157841476431883,True
F583-1,10.29,84.7,6.0,31.66,22.09,0.0,38.60471085243354,697.1904761904763,144.8322351797862,2.843351445898981,2.1608652331501745,True
F583-1,15.49,86.9,5.6,39.34,17.78,0.0,43.17133308110835,487.5151710781149,120.32046481601034,2.6879881351381267,2.0803395009955596,True
F583-1,16.26,85.8,8.6,39.55,17.09,0.0,43.08445891501946,452.74538745387446,114.16178351783516,2.6558540344393613,2.0575207450216544,True
F583-4,0.22,10.7,4.9,0.47,5.59,0.0,5.6097237008608545,520.4090909090908,143.04090909090908,2.716344874548213,2.1554602616022254,False
F583-4,0.76,24.7,4.9,1.87,17.63,0.0,17.728897314836022,802.7499999999999,413.57078947368416,2.9045803142385402,2.6165498569273096,False
F583-4,1.31,38.9,4.9,3.27,26.64,0.0,26.83994225031045,1155.12213740458,549.9103053435115,3.062627906995651,2.740291858455992,False
F583-4,1.94,42.7,7.89,4.87,32.27,0.0,32.63540715235525,939.8402061855671,549.0050515463918,2.9730540201198217,2.739576340531385,False
F583-4,3.92,55.0,4.9,8.5,38.26,0.0,39.19282587413161,771.6836734693877,391.85653061224485,2.8874393119680306,2.593127089039956,False
F583-4,4.35,57.2,4.9,9.17,38.43,0.0,39.508907856330325,752.1471264367817,358.83995402298854,2.8763028006314113,2.5549007923589095,False
F583-4,5.0,59.8,4.9,10.3,39.09,0.0,40.42422664690074,715.2079999999999,326.82362,2.854432363640803,2.5143134360640875,True
F583-4,5.05,62.5,3.43,10.4,39.06,0.0,40.42083126309997,773.5148514851486,323.5333861386139,2.888468656569489,2.5099191031426873,True
F583-4,5.83,61.8,3.98,12.1,38.38,0.0,40.24219675912338,655.1012006861063,277.77605488850776,2.8163083954186177,2.4436948055556686,True
F583-4,6.09,64.4,4.9,12.72,38.13,0.0,40.195712457922674,681.0114942528737,265.30300492610843,2.833154442086749,2.4237421690001835,True
F583-4,6.74,67.2,4.9,14.18,39.23,0.0,41.714089945724574,670.0059347181009,258.1699258160237,2.8260786495723305,2.411905649964254,True
F583-4,7.29,69.9,4.9,15.33,36.96,0.0,40.0131290953357,670.2345679012348,219.62283950617285,2.8262268231733882,2.3416775022430785,True
IC2574,0.85,10.3,0.2,0.0,9.59,0.0,9.59,124.81176470588238,108.19776470588235,2.0962555236960516,2.0342182886270344,False
IC2574,1.14,12.9,2.7,0.0,11.99,0.0,11.99,145.97368421052633,126.10535087719299,2.1642745692620253,2.1007335148612247,False
IC2574,1.42,16.4,1.8,0.94,13.83,0.0,13.861908238045727,189.40845070422534,135.318661971831,2.277399351712339,2.1313576948421966,False
IC2574,1.71,18.6,2.1,3.44,15.27,0.0,15.652683476005,202.31578947368425,143.27865497076024,2.306029778043679,2.1561814959180365,False
IC2574,1.99,19.8,2.0,5.14,16.76,0.0,17.53046491111973,197.00502512562815,154.43075376884426,2.2944773041133555,2.188733791220727,False
IC2574,2.28,26.1,0.6,5.82,17.77,0.0,18.698804774637335,298.7763157894737,153.353201754386,2.475346167676108,2.1856928477443045,False
IC2574,2.55,27.7,2.7,6.87,18.7,0.0,19.922020479860972,300.89803921568625,155.64192156862745,2.478419357694942,2.1921265840020463,False
IC2574,2.84,29.7,2.6,7.58,19.36,0.0,20.791007671587252,310.5950704225352,152.206338028169,2.492194558587387,2.182432737279161,False
IC2574,3.13,33.0,3.4,8.21,19.89,0.0,21.517811226981244,347.9233226837061,147.92849840255593,2.5414835422093267,2.170051848822531,False
IC2574,3.41,34.8,1.2,8.78,20.19,0.0,22.01645975174029,355.1436950146627,142.14794721407625,2.550404108900664,2.1527405923413645,False
IC2574,3.7,35.0,0.9,8.64,20.15,0.0,21.924235448471173,331.08108108108104,129.91137837837834,2.5199343646335564,2.113647190722998,False
IC2574,3.98,39.0,10.2,7.98,20.39,0.0,21.89594711356419,382.1608040201005,120.4604271356784,2.5822461419793106,2.0808443987842487,False
IC2574,4.26,35.9,5.4,7.97,21.28,0.0,22.723540657212734,302.537558685446,121.211103286385,2.4807792980539194,2.0835424042786364,False
IC2574,4.55,40.0,4.1,10.01,22.72,0.0,24.82737400531921,351.64835164835165,135.4721978021978,2.5461085859988124,2.131850176538985,False
IC2574,4.84,38.7,1.4,11.42,24.6,0.0,27.12151175727489,309.44008264462815,151.97859504132234,2.4905765683934105,2.1817824253786835,False
IC2574,5.12,41.8,0.5,12.67,25.34,0.0,28.330981274922337,341.25781249999994,156.76650390625,2.5330826025742397,2.195253273127071,False
IC2574,5.41,42.9,0.4,13.13,25.74,0.0,28.895406209292158,340.1866913123844,154.3335489833641,2.531717319262879,2.1884603431377267,False
IC2574,5.68,44.4,1.7,13.93,26.48,0.0,29.920482950647706,347.07042253521126,157.61184859154932,2.540417604518221,2.1975888628014073,False
IC2574,5.97,46.1,1.3,14.5,27.15,0.0,30.779416823585205,355.9815745393635,158.6888609715243,2.5514275196499274,2.200546442896102,False
IC2574,6.26,49.0,0.9,15.98,27.39,0.0,31.710763157010273,383.54632587859425,160.63458466453676,2.5838178268465977,2.205839054715723,False
IC2574,6.54,51.9,0.6,17.58,27.31,0.0,32.47910867003588,411.86697247706417,161.2985474006116,2.6147569673726485,2.2076304562994427,False
IC2574,6.83,53.1,2.1,18.38,26.75,0.0,32.45592241795016,412.8272327964861,154.22941434846265,2.6157683384814057,2.1881672094541416,False
IC2574,7.1,54.0,0.5,19.29,26.25,0.0,32.57555218258011,410.7042253521127,149.46008450704227,2.6135291709268618,2.1745252234770334,True
IC2574,7.39,55.9,1.1,19.86,26.04,0.0,32.749064108765,422.8430311231394,145.12871447902572,2.6261791773780208,2.16175334838556,True
IC2574,7.68,58.8,3.6,21.01,25.86,0.0,33.319059110365046,450.18749999999994,144.55204427083336,2.653393432120765,2.1600242378902093,True
IC2574,7.96,57.3,4.6,21.81,25.77,0.0,33.76046504419037,412.4736180904522,143.18706030150753,2.6153961761971107,2.155903772905033,True
IC2574,8.25,54.0,9.0,22.49,25.57,0.0,34.0532670972992,353.45454545454544,140.56060606060606,2.5483335710960118,2.1478636210556044,True
IC2574,8.52,63.8,12.0,22.38,25.47,0.0,33.90553494637712,477.7511737089202,134.92785211267602,2.6792017626756244,2.130101606975943,True
IC2574,8.81,60.5,6.2,22.6,25.41,0.0,34.00629500548391,415.4653802497162,131.26312145289444,2.61853484089289,2.1181427276189764,True
IC2574,9.1,61.0,5.7,22.95,25.38,0.0,34.217640187482246,408.9010989010989,128.6644945054945,2.6116182777004404,2.1094587180953006,True
IC2574,9.38,66.0,1.3,23.63,25.51,0.0,34.77264729640238,464.39232409381657,128.90586353944565,2.666885032704673,2.1102726725505203,True
IC2574,9.67,65.2,3.4,24.89,25.74,0.0,35.80586125203526,439.6111685625646,132.58114788004136,2.6430687173808387,2.1224817747947244,True
IC2574,9.96,67.1,4.7,25.8,24.84,0.0,35.81432115788319,452.04919678714845,128.78168674698793,2.6551857019142853,2.1098541090626117,True
IC2574,10.23,67.5,9.3,27.17,23.97,0.0,36.23216526789422,445.38123167155425,128.3254936461388,2.6487319119498896,2.108312943592311,True
IC4202,0.77,35.1,3.96,2.22,20.98,133.76,135.41353846643253,1600.012987012987,23814.060259740258,3.2041235077591663,4.376833448242666,False
IC4202,1.59,77.9,3.95,3.89,40.96,176.62,181.3490504524355,3816.610062893082,20683.948490566036,3.5816777910246773,4.315633447573694,False
IC4202,2.36,115.0,6.7,4.02,58.24,176.92,186.30282982284513,5603.813559322034,14707.095084745763,3.748483677737117,4.167526900242804,False
IC4202,3.13,156.0,3.16,0.9,74.68,172.53,188.001365154618,7775.079872204473,11292.176773162942,3.890704859162475,4.052777668182666,False
IC4202,3.95,192.0,3.14,0.0,91.45,173.49,196.11701252058683,9332.6582278481,9737.185468354432,3.970005361780639,3.9884334422786436,False
IC4202,4.73,204.0,2.9,0.0,107.35,174.08,204.51862726900941,8798.30866807611,8843.101247357294,3.944399194113986,3.946604597413285,False
IC4202,5.5,209.0,3.36,0.0,120.52,167.74,206.54727788087646,7942.0,7756.686909090909,3.8999298827278643,3.889676261935569,False
IC4202,6.27,220.0,3.25,0.0,132.68,159.21,207.24817610777666,7719.298245614035,6850.367862838917,3.887577820813696,3.835713893610879,False
IC4202,7.08,231.0,3.49,0.0,150.86,150.44,213.0514801638327,7536.864406779661,6411.148757062147,3.8771907020945195,3.8069358538797893,False
IC4202,7.86,235.0,4.65,0.24,170.8,142.84,222.65660376463126,7026.081424936387,6307.374452926209,3.8467131785040647,3.7998486147276207,False
IC4202,8.66,245.0,6.0,0.0,187.59,136.33,231.89626344553292,6931.293302540415,6209.685565819862,3.8408142767117184,3.7930696097600496,False
IC4202,9.45,246.0,5.57,3.8,199.82,130.53,238.70599762050387,6403.809523809524,6029.68817989418,3.806438405697495,3.7802948535575887,False
IC4202,10.24,239.0,6.95,0.0,208.12,125.41,242.98477832983693,5578.22265625,5765.781494140624,3.7464958452564634,3.7608581799031944,False
IC4202,11.02,240.0,7.16,3.35,212.98,120.9,244.92552521123642,5226.8602540834845,5443.603711433757,3.7182408889074456,3.735886501505218,False
IC4202,11.79,240.0,4.85,15.63,214.9,116.92,245.14606523458622,4885.496183206107,5097.251340118746,3.688908678328123,3.7073360487222047,False
IC4202,12.47,246.0,7.68,22.51,214.77,113.67,244.03631266678326,4852.927024859663,4775.759574979952,3.6860037607282155,3.6790424550794887,True
IC4202,13.34,241.0,6.21,30.77,213.03,109.94,241.6927334447604,4353.898050974512,4378.963823088456,3.6388782555692067,3.641371357272976,True
IC4202,14.11,250.0,5.62,37.16,210.67,106.85,239.12264008244807,4429.482636428065,4052.4193479801556,3.6463530035897276,3.6077143801952656,True
IC4202,14.59,242.0,5.1,39.71,209.26,105.08,237.50460648164278,4013.9821795750513,3866.239760109664,3.6035754400674107,3.587288782766487,True
IC4202,14.98,244.0,7.41,41.88,208.03,103.7,236.18659000883179,3974.365821094793,3723.9055607476635,3.599267839314011,3.570998658623422,True
IC4202,15.75,248.0,5.08,44.73,205.55,101.13,233.40705280689355,3905.0158730158732,3458.9747492063493,3.591622803526813,3.5389473916413134,True
IC4202,16.52,249.0,5.22,46.3,203.07,98.75,230.50526544962048,3753.087167070218,3216.263765133172,3.5743886512071095,3.507351657938523,True
IC4202,17.1,246.0,6.35,46.79,201.06,97.06,228.11197097039866,3538.9473684210525,3042.986625730994,3.5488741038146046,3.483300043589191,True
IC4202,17.88,241.0,16.2,46.99,198.19,94.92,224.71569282095098,3248.37807606264,2824.2249776286353,3.511666570689838,3.450899289635756,True
IC4202,18.65,247.0,14.6,47.18,195.23,92.94,221.31097781176604,3271.260053619303,2626.195651474531,3.514715070374625,3.419327077880857,True
IC4202,19.62,234.0,20.9,47.77,191.47,90.61,217.1471986924998,2790.8256880733943,2403.3081498470947,3.445732711776356,3.3808094591926605,True
IC4202,20.78,249.0,10.0,51.51,186.83,88.05,212.86505467079374,2983.686236766121,2180.5356833493747,3.4747531509703142,3.3385631980743056,True
IC4202,22.13,236.0,16.1,57.31,181.4,85.32,208.49436083501155,2516.7645729778583,1964.2972661545411,3.400842592012955,3.293207212209257,True
IC4202,23.0,245.0,22.1,59.87,177.88,83.69,205.49872846321944,2609.782608695652,1836.075104347826,3.416604332711472,3.263890441972366,True
IC4202,23.58,243.0,4.2,61.24,175.64,82.65,203.54549786227156,2504.198473282443,1757.0300975402884,3.3986687464375542,3.2447792009282557,True
IC4202,25.03,238.0,7.76,61.05,170.07,80.22,197.70218966920928,2263.044346783859,1561.572345185777,3.3546930645048008,3.1935621092112156,True
IC4202,25.9,247.0,6.14,60.16,166.98,78.87,194.22158196245852,2355.5598455598456,1456.4487606177606,3.3720941424380797,3.1632952103008645,True
KK98-251,0.25,4.25,2.0,1.87,2.88,0.0,3.433846240005513,72.25,47.1652,1.8588378514285855,1.6736216803672823,False
KK98-251,0.41,6.84,2.0,3.32,3.93,0.0,5.14463798532025,114.11121951219512,64.55439024390245,2.057328346720497,1.809925783300582,False
KK98-251,0.57,9.56,2.0,4.8,4.8,0.0,6.788225099390856,160.33964912280703,80.8421052631579,2.2050409288797086,1.9076376147426644,False
KK98-251,0.74,12.3,2.0,6.44,6.36,0.0,9.051143574156804,204.44594594594597,110.70702702702704,2.31057850314782,2.044175188197647,False
KK98-251,0.9,15.1,2.0,8.03,7.43,0.0,10.940100547984008,253.34444444444443,132.9842222222222,2.4037113851470138,2.1238001175964407,False
KK98-251,1.07,17.5,2.0,9.79,8.56,0.0,13.004526135157713,286.21495327102804,158.05392523364483,2.456692319687379,2.1988052859151996,False
KK98-251,1.24,19.7,2.0,11.57,9.52,0.0,14.983167221919402,312.97580645161287,181.04459677419354,2.4955107671609507,2.2577855679480123,False
KK98-251,1.4,21.8,2.0,13.11,10.08,0.0,16.537185371156724,339.4571428571429,195.34178571428572,2.5307849515309715,2.290795153498024,False
KK98-251,1.57,24.4,2.0,14.44,10.55,0.0,17.883402920026153,379.21019108280245,203.70452229299363,2.578880000268225,2.309000670556825,False
KK98-251,1.72,27.3,2.0,15.54,10.95,0.0,19.01036822368257,433.30813953488376,210.1128488372093,2.6367968471739633,2.322452611227826,False
KK98-251,1.89,30.3,2.0,16.53,11.36,0.0,20.057180759019946,485.7619047619048,212.85211640211642,2.6864234528313657,2.328077972752249,False
KK98-251,2.06,32.6,2.0,17.3,11.57,0.0,20.81237372334064,515.9029126213592,210.26936893203882,2.7125679797667246,2.3227760112850087,False
KK98-251,2.46,33.3,2.0,18.07,12.23,0.0,21.81966544198146,450.76829268292676,193.53569105691057,2.6539533599092606,2.2867610675446923,False
KK98-251,2.79,34.6,2.0,18.07,12.94,0.0,22.22540213359479,429.0896057347671,177.04964157706092,2.6325479943119556,2.2480950519003304,False
KK98-251,3.13,34.2,2.0,17.41,12.45,0.0,21.403518402356188,373.6869009584665,146.361214057508,2.5725078745658214,2.165426003276237,False
NGC0024,0.21,17.4,6.51,1.51,18.55,0.0,18.6113567479644,1441.7142857142856,1649.4409523809525,3.15887920183128,3.217336773040425,False
NGC0024,0.32,31.0,8.86,2.27,25.65,0.0,25.750250484218594,3003.125,2072.110625,3.4775734093486395,3.316412937629453,False
NGC0024,0.43,36.1,8.16,3.03,29.58,0.0,29.73478266273355,3030.720930232558,2056.1797674418603,3.4815459482317292,3.3130610814298,False
NGC0024,0.54,46.0,8.52,3.84,33.96,0.0,34.17641291885384,3918.5185185185182,2163.0133333333333,3.5931219035401796,3.3350591965427645,False
NGC0024,0.64,58.0,6.9,4.53,36.83,0.0,37.10754370744579,5256.25,2151.5153124999997,3.7206760131419876,3.3327444413368124,False
NGC0024,0.74,63.4,9.55,5.28,39.62,0.0,39.970273954527755,5431.8378378378375,2158.9497297297294,3.734946796032489,3.3342425300808003,False
NGC0024,0.85,71.9,8.52,6.04,43.11,0.0,43.5310659184909,6081.89411764706,2229.357294117647,3.7840388550514725,3.348179677465703,False
NGC0024,0.96,76.4,6.82,6.8,46.75,0.0,47.24195698740686,6080.166666666668,2324.794270833333,3.7839154841118114,3.3663845266904677,False
NGC0024,1.07,78.1,6.65,7.62,50.04,0.0,50.616854900319524,5700.570093457943,2394.4542056074765,3.755918290069391,3.3792065354934073,False
NGC0024,1.17,80.5,6.14,8.31,52.76,0.0,53.410426884644906,5538.675213675214,2438.182649572649,3.7434058989895753,3.3870662364465525,False
NGC0024,1.28,82.8,5.8,9.07,55.72,0.0,56.45337279560894,5356.124999999999,2489.8307031249997,3.728850703921892,3.3961698181004643,False
NGC0024,1.38,85.6,6.48,9.82,58.31,0.0,59.131112791828976,5309.681159420289,2533.6873188405802,3.72506844295307,3.403753017776693,False
NGC0024,1.48,88.0,7.5,10.57,61.08,0.0,61.98783187045664,5232.4324324324325,2596.2779054054054,3.71870362890538,3.4143511774674513,False
NGC0024,1.59,92.0,8.52,11.19,63.47,0.0,64.44887120811349,5323.270440251572,2612.362893081761,3.726178530370659,3.417033506261478,False
NGC0024,1.7,92.4,8.52,11.92,65.59,0.0,66.66434204280426,5022.211764705882,2614.196764705883,3.7008950210619393,3.4173382728428265,False
NGC0024,1.8,95.1,9.2,12.54,66.83,0.0,67.9963271066901,5024.449999999999,2568.6113888888885,3.7010885287715216,3.4096984038274813,False
NGC0024,1.91,96.5,8.52,13.26,68.03,0.0,69.31023373211202,4875.523560209424,2515.135340314136,3.6880212594398576,3.4005613595590076,False
NGC0024,2.02,101.0,8.86,13.88,68.59,0.0,69.98030079958217,5050.0,2424.377475247525,3.7032913781186614,3.3846002403515225,False
NGC0024,2.13,99.9,9.55,14.61,69.0,0.0,70.52979583126553,4685.450704225354,2335.423521126761,3.670751373013227,3.368365649874084,False
NGC0024,2.23,103.0,8.18,15.23,69.17,0.0,70.82684378115405,4757.399103139013,2249.5254708520183,3.677369586362184,3.3520909149445086,False
NGC0024,2.34,104.0,8.52,15.96,69.56,0.0,71.36746597715236,4622.222222222223,2176.6304273504275,3.664850821187418,3.337784695927806,False
NGC0024,2.44,107.0,9.2,16.58,69.75,0.0,71.6935066794755,4692.213114754099,2106.5405327868853,3.67137772903169,3.323569819976669,False
NGC0024,2.54,107.0,9.55,17.3,69.69,0.0,71.80519549447658,4507.48031496063,2029.9157874015748,3.6539338387504814,3.307478021250443,False
NGC0024,2.65,106.0,11.2,17.92,69.65,0.0,71.91834884089039,4240.0,1951.7920377358494,3.6273658565927325,3.2904335419806743,False
NGC0024,2.76,107.0,11.2,18.55,69.52,0.0,71.95229600228195,4148.188405797102,1875.7727898550725,3.6178584733052017,3.273180231650618,False
NGC0024,7.07,104.0,3.11,26.32,52.21,0.0,58.469021712356366,1529.8444130127298,483.5398161244696,3.1846472648006614,2.6844322410068053,True
NGC0024,8.49,106.0,2.55,24.76,47.19,0.0,53.29121597411716,1323.439340400471,334.50573616018846,3.121704040285588,2.524403569521951,True
NGC0024,9.91,109.0,4.95,22.59,43.11,0.0,48.670116087800736,1198.8900100908174,239.02928355196772,3.078779341395972,2.3784511097597467,True
NGC0024,11.27,110.0,2.83,20.52,40.05,0.0,45.00080999271013,1073.6468500443657,179.6870363797693,3.0308614542703434,2.2545167458245134,True
NGC0055,1.23,28.7,3.4,13.65,27.5,0.0,30.701343618806,669.6666666666666,766.319105691057,2.8258586820285867,2.884409653421442,False
NGC0055,1.84,37.6,2.6,18.65,32.63,0.0,37.58376511207998,768.3478260869566,767.6844565217392,2.8855578668457857,2.8851827474387135,False
NGC0055,2.46,43.1,1.2,21.85,36.38,0.0,42.437329086548324,755.1260162601627,732.0841056910571,2.878019433218084,2.8645609779699437,False
NGC0055,3.07,50.1,2.8,25.04,38.7,0.0,46.09437709742914,817.5928338762216,692.0819543973942,2.912537076257305,2.8401575254323363,False
NGC0055,3.68,58.1,4.5,28.73,39.68,0.0,48.98893038228126,917.2853260869565,652.1508967391304,2.9625044461071437,2.814348095791534,False
NGC0055,4.3,64.6,4.1,32.28,39.98,0.0,51.38481098534858,970.5023255813951,614.0462325581395,2.9869965804105814,2.7882010711232392,False
NGC0055,4.91,68.5,2.7,34.59,39.99,0.0,52.87407871537811,955.6517311608961,569.3825254582486,2.9802996508618826,2.755404134371331,False
NGC0055,5.52,72.3,0.8,36.37,39.87,0.0,53.96659892933776,946.9728260869566,527.6075724637682,2.976337516859863,2.7223110201109244,False
NGC0055,6.14,74.2,2.4,37.73,39.71,0.0,54.776244851212645,896.684039087948,488.6705211726385,2.9526394394168864,2.6890161412008737,False
NGC0055,6.75,78.9,2.6,38.68,39.75,0.0,55.463545685431974,922.2533333333334,455.7340592592592,2.964850233587816,2.658711486768997,False
NGC0055,7.37,82.4,2.3,39.3,40.35,0.0,56.32594872702989,921.2700135685212,430.4765943012212,2.96438693553518,2.6339495431481814,False
NGC0055,7.98,84.3,4.8,39.72,41.04,0.0,57.11357106677887,890.5375939849623,408.76691729323306,2.949652257898755,2.611475739821404,False
NGC0055,8.59,85.4,7.3,40.39,41.57,0.0,57.96047791383367,849.0291036088475,391.08463329452854,2.9289225775467678,2.592270751757545,False
NGC0055,9.21,85.3,4.6,40.44,42.03,0.0,58.32593334015324,790.0206297502713,369.37182410423446,2.897638432138197,2.5674637641341342,False
NGC0055,9.82,86.8,4.0,39.94,42.44,0.0,58.27827382481399,767.234215885947,345.8612219959266,2.8849279625660342,2.5389018715915093,False
NGC0055,10.43,85.4,5.7,39.15,42.87,0.0,58.0565190138024,699.2483221476512,323.16005752636624,2.8446314329514792,2.509417676768769,False
NGC0055,11.05,85.4,7.0,37.71,43.32,0.0,57.43401866489929,660.0144796380091,298.5218552036199,2.819553463356881,2.4749761319373413,False
NGC0055,11.66,86.2,4.1,36.23,43.95,0.0,56.95801436145751,637.2590051457977,278.23459691252145,2.80431598122643,2.4444111310981826,False
NGC0055,12.28,86.1,6.2,35.41,44.71,0.0,57.033781217801085,603.6815960912052,264.8902442996743,2.7808079361021605,2.4230659638659833,False
NGC0055,12.89,87.4,2.5,34.67,45.88,0.0,57.50637616821286,592.6113266097751,256.55417377812256,2.7727699479154033,2.4091790844135925,False
NGC0055,13.5,86.5,5.5,33.61,48.0,0.0,58.597202151638605,554.2407407407408,254.3431185185185,2.7436984464346224,2.405419991899106,False
NGC0100,0.23,6.81,8.19,-0.86,9.67,0.0,9.708166665236027,201.6352173913043,409.7760869565217,2.304566387807977,2.6125466109567173,False
NGC0100,0.69,20.0,4.09,-1.93,23.77,0.0,23.848224252551802,579.7101449275362,824.2576811594204,2.7632109005907073,2.916063002972737,False
NGC0100,1.15,33.0,4.0,-3.62,34.7,0.0,34.888313229504234,946.9565217391305,1058.4299130434783,2.9763300394021632,3.0246621052593228,False
NGC0100,1.59,42.7,4.0,-4.31,41.73,0.0,41.9519844584258,1146.7232704402516,1106.8987421383647,3.0594586257295964,3.0441078939212507,False
NGC0100,2.05,49.9,4.0,-3.92,46.7,0.0,46.864233696925,1214.639024390244,1071.3445853658538,3.0844472301910257,3.029929179005086,False
NGC0100,2.51,55.5,4.0,3.21,50.33,0.0,50.432261499956546,1227.191235059761,1013.3119521912349,3.0889122447643143,3.005743165260807,False
NGC0100,2.97,61.9,4.0,7.43,53.12,0.0,53.637107490989855,1290.104377104377,968.6664309764309,3.1106248487230235,2.9861742495723664,False
NGC0100,3.42,67.9,4.0,10.05,55.1,0.0,56.00903944900323,1348.073099415205,917.2551169590645,3.1297134425048685,2.9624901431708444,False
NGC0100,3.88,73.1,4.0,11.97,55.08,0.0,56.365657097207695,1377.219072164948,818.8369329896908,3.1390030283215133,2.9131974229400117,False
NGC0100,4.34,76.1,3.0,13.61,54.16,0.0,55.843868956224725,1334.3801843317972,718.5570737327189,3.125279584028635,2.8564612690920526,True
NGC0100,4.79,77.8,5.34,14.82,53.32,0.0,55.34125766550666,1263.6409185803757,639.3851356993737,3.1016236805648147,2.805762535659822,True
NGC0100,5.24,79.0,4.0,15.7,52.48,0.0,54.778101463997444,1191.030534351145,572.6412977099235,3.0759228955971563,2.7578826652377777,True
NGC0100,5.7,78.5,5.6,16.36,50.92,0.0,53.48360496451226,1081.0964912280701,501.8414035087719,3.0338644578180136,2.7005664891300722,True
NGC0100,6.16,79.8,7.15,16.58,49.36,0.0,52.07020261147444,1033.7727272727273,440.1470779220779,3.0144250705370332,2.643597822978552,True
NGC0100,7.16,83.4,5.12,17.02,46.44,0.0,49.460630808755354,971.4469273743018,341.6695530726256,2.987419078967622,2.533606279583971,True
NGC0100,7.52,84.6,4.0,17.46,45.44,0.0,48.679001633147735,951.7499999999999,315.11239361702127,2.978522885486405,2.498465484651731,True
NGC0100,7.98,86.1,5.53,18.01,44.24,0.0,47.76544462265583,928.9736842105261,285.9069799498747,2.96800341155658,2.456224758074713,True
NGC0100,8.44,87.5,10.2,18.77,43.11,0.0,47.0189855271251,907.1386255924172,261.94135071090045,2.9576736594189716,2.4182040626406374,True
NGC0100,8.9,89.0,7.77,19.76,41.91,0.0,46.33471376840478,890.0,241.22535955056176,2.949390006644913,2.382422962398204,True
NGC0100,9.35,90.4,5.16,20.86,40.72,0.0,45.752136562132264,874.0278074866311,223.87786096256684,2.9415252500782088,2.350011148794851,True
NGC0100,9.62,91.2,13.7,21.63,40.12,0.0,45.579285865401616,864.5987525987528,215.95335758835756,2.9368146046190193,2.3343599607371197,True
NGC0247,1.08,34.6,0.9,2.87,22.18,0.0,22.36491225111335,1108.4814814814815,463.13824074074074,3.0447284420986036,2.665710641622329,False
NGC0247,1.61,47.0,0.8,4.22,29.63,0.0,29.9290043269067,1372.0496894409937,556.3635403726707,3.137369839839585,2.7453586620572947,False
NGC0247,2.15,59.1,3.1,5.53,34.54,0.0,34.97988707814821,1624.5627906976745,569.1127906976744,3.2107365018469056,2.755198346400798,False
NGC0247,2.7,64.4,1.4,7.02,38.17,0.0,38.81017005889049,1536.0592592592593,557.8627037037037,3.1864079705606367,2.746527327323409,False
NGC0247,3.22,67.4,2.3,8.74,41.49,0.0,42.40056249626885,1410.7950310559008,558.3253726708075,3.149463921374809,2.7468873644804477,False
NGC0247,3.77,69.8,0.7,10.74,44.33,0.0,45.61245992050856,1292.318302387268,551.8558355437665,3.1113694950405293,2.7418256393142015,False
NGC0247,4.31,71.3,1.1,12.87,46.65,0.0,48.3927618554676,1179.5104408352668,543.3548491879351,3.0717017895429994,2.735083547289052,False
NGC0247,4.85,73.2,1.7,14.02,48.71,0.0,50.68751818741967,1104.7917525773198,529.7370103092784,3.04328042351452,2.724060316170624,False
NGC0247,5.38,75.1,3.0,14.25,50.36,0.0,52.3372916762035,1048.3289962825277,509.1435130111524,3.0204975983419473,2.70684021480024,False
NGC0247,5.92,78.5,3.8,15.4,51.67,0.0,53.916128384742166,1040.9206081081081,491.03866554054053,3.0174176067675855,2.691115690839362,False
NGC0247,6.46,81.4,5.0,17.47,52.6,0.0,55.42527311615162,1025.6904024767803,475.5357430340557,3.0110162917833185,2.6771831656878575,False
NGC0247,6.99,83.5,7.0,20.12,53.23,0.0,56.90559990018557,997.4606580829757,463.2685693848355,2.9988957752215226,2.665832836344386,False
NGC0247,7.53,87.1,7.2,23.34,53.67,0.0,58.525417555110195,1007.4913678618856,454.87709163346614,3.0032413338146258,2.6578940655885956,False
NGC0247,8.07,90.7,4.8,25.63,54.09,0.0,59.8550332052368,1019.3915737298636,443.9436183395291,3.00834103939812,2.6473278174144927,False
NGC0247,8.62,93.1,1.4,27.36,54.75,0.0,61.20565415057664,1005.5232018561485,434.586090487239,3.0023920961379726,2.638075822027512,False
NGC0247,9.14,95.9,2.1,29.31,55.29,0.0,62.578432386885495,1006.2155361050329,428.4529759299781,3.002691018607496,2.63190316368094,False
NGC0247,9.69,98.4,5.2,31.5,55.46,0.0,63.78135777795892,999.2321981424151,419.8205985552116,2.9996664198119176,2.6230637434874384,True
NGC0247,10.23,101.0,8.2,33.45,55.35,0.0,64.67244390001045,997.1652003910068,408.8489736070381,2.998767113853125,2.611562911816976,True
NGC0247,10.76,103.0,9.4,35.18,54.98,0.0,65.27199093026043,985.9665427509294,395.9510037174721,2.993862178079974,2.597641448219359,True
NGC0247,11.3,104.0,9.4,36.44,54.45,0.0,65.51851722986412,957.1681415929203,379.88284070796465,2.980988235114141,2.579649676934164,True
NGC0247,11.84,105.0,8.9,37.01,53.82,0.0,65.3171684934367,931.1655405405405,360.33213682432427,2.9690268957529753,2.556702997129699,True
NGC0247,12.38,105.0,8.4,37.01,53.2,0.0,64.80725345206352,890.5492730210016,339.2552584814216,2.9496579534557767,2.53052658798031,True
NGC0247,12.91,105.0,9.0,36.33,52.54,0.0,63.8773864524841,853.9891556932611,316.0589078233927,2.9314523558734558,2.4997680350182443,True
NGC0247,13.48,106.0,8.4,35.29,51.7,0.0,62.596118889273,833.5311572700297,290.6731528189911,2.9209218383302393,2.463404921275065,True
NGC0247,14.01,108.0,7.7,34.03,50.9,0.0,61.22786048850637,832.5481798715203,267.5839329050678,2.920409375688125,2.4274600326377964,True
NGC0247,14.54,107.0,9.2,32.65,50.18,0.0,59.86697670669532,787.4140302613481,246.49621045392024,2.8962031488474005,2.3918102469738893,True
NGC0289,1.5,164.0,28.2,3.86,179.05,0.0,179.09160253903588,17930.666666666668,21382.534733333337,4.253596437039715,4.330059186160426,False
NGC0289,2.52,194.0,32.0,5.64,226.49,0.0,226.56021208499962,14934.920634920634,20368.860992063495,4.174202919078908,4.308966744331926,False
NGC0289,3.46,175.0,25.2,6.85,215.85,0.0,215.95866502643509,8851.156069364162,13479.232658959536,3.946999998579812,4.129665169538688,False
NGC0289,4.32,185.0,31.5,7.4,220.68,0.0,220.8040361949935,7922.4537037037035,11285.745925925927,3.8988597099911155,4.052530268846443,False
NGC0289,5.43,175.0,27.9,6.0,221.66,0.0,221.74119058037007,5639.963167587477,9055.093112338858,3.751276267783742,3.9568929204664274,False
NGC0289,6.38,167.0,27.2,4.74,211.57,0.0,211.6230906588409,4371.316614420063,7019.487852664578,3.6406122635740044,3.8463054268198955,False
NGC0289,7.57,176.0,7.18,7.37,198.06,0.0,198.1970749027341,4091.9418758256274,5189.1784015852045,3.6119294561282267,3.715098601797675,False
NGC0289,10.6,185.0,4.29,21.99,170.85,0.0,172.25934691621237,3228.7735849056603,2799.3662830188678,3.5090375915412575,3.447059727435935,False
NGC0289,13.57,183.0,4.22,32.44,151.82,0.0,155.24711269456833,2467.870302137067,1776.0991893883565,3.3923223318011217,3.24946721606034,False
NGC0289,16.64,172.0,4.33,38.81,136.17,0.0,141.59267283302478,1777.8846153846152,1204.8368389423074,3.2499035718603926,3.0809282379940504,False
NGC0289,19.71,161.0,4.24,42.5,127.01,0.0,133.93203537615636,1315.1192288178588,910.0857483510908,3.1189651277842563,2.9590823135093096,True
NGC0289,22.68,156.0,5.08,49.56,119.49,0.0,129.36017045443313,1073.015873015873,737.8330555555555,3.0306061464880543,2.8679581080929966,True
NGC0289,25.75,159.0,6.49,54.94,111.5,0.0,124.3006580835355,981.7864077669902,600.0253825242718,2.992017015263693,2.7781696224787513,True
NGC0289,28.72,173.0,6.97,55.53,105.68,0.0,119.3810843475632,1042.0961002785516,496.2340981894151,3.0179077706873283,2.6956866030371853,True
NGC0289,31.79,177.0,6.57,60.71,100.59,0.0,117.49064728734795,985.4985844605222,434.2262409562756,2.9936560048088405,2.6377160649916287,True
NGC0289,34.77,179.0,4.47,65.78,96.09,0.0,116.4486861239748,921.512798389416,389.9998993385102,2.964501371276528,2.5910644949323065,True
NGC0289,37.84,181.0,4.26,67.48,92.02,0.0,114.11060774529247,865.7769556025369,344.1128646934461,2.937406022008614,2.5367009090665484,True
NGC0289,40.81,182.0,4.26,68.67,88.49,0.0,112.0091469479167,811.663807890223,307.4258515069835,2.909376181196879,2.4877403846171133,True
NGC0289,43.88,182.0,4.83,68.27,85.15,0.0,109.13897287403799,754.876937101185,271.4520373746581,2.877876157067476,2.4336931055873925,True
NGC0289,46.85,180.0,5.5,67.18,82.29,0.0,106.22992280897131,691.5688367129135,240.8707897545358,2.839835414982815,2.381784136579533,True
NGC0289,49.92,177.0,8.5,65.98,79.64,0.0,103.42093598493489,627.5841346153846,214.26061698717947,2.797671956049246,2.330942351177292,True
NGC0289,52.99,175.0,11.0,65.09,77.21,0.0,100.98560392451985,577.9392338177014,192.45314587658046,2.761882177858259,2.2843250145507614,True
NGC0289,55.96,172.0,11.6,64.29,75.06,0.0,98.82918445479554,528.6633309506791,174.53909399571123,2.723179187995308,2.2418927172839376,True
NGC0289,59.03,168.0,12.6,62.6,72.97,0.0,96.14250308786431,478.1297645265119,156.5878519396917,2.679545780230531,2.194758066532897,True
NGC0289,62.0,158.0,5.38,59.81,71.15,0.0,92.94922592469504,402.64516129032256,139.34771935483872,2.6049224844105914,2.1440998651934637,True
NGC0289,65.07,158.0,6.5,57.13,69.42,0.0,89.9053574599423,383.6483786691256,124.21966036575998,2.5839333671749896,2.0941903374881994,True
NGC0289,68.05,166.0,15.5,55.14,67.85,0.0,87.43021274136304,404.9375459221161,112.32978839088905,2.607388046540757,2.05049494075196,True
NGC0289,71.12,165.0,8.75,53.24,66.34,0.0,85.06170231073442,382.8037120359955,101.73640607424072,2.5829761404656555,2.007476391741434,True
NGC0300,0.91,33.1,3.9,0.0,31.52,0.0,31.52,1203.967032967033,1091.7696703296704,3.080614595230344,3.038131025313942,False
NGC0300,1.36,46.7,2.7,0.0,37.5,0.0,37.5,1603.5955882352941,1034.0073529411764,3.2050948527620067,3.0145236270852203,False
NGC0300,1.82,53.9,4.7,0.0,42.04,0.0,42.04,1596.2692307692307,971.0778021978022,3.2031061423884024,2.987254026727334,False
NGC0300,2.27,58.8,2.5,2.86,46.16,0.0,46.24851565185633,1523.101321585903,942.2577973568281,3.182728794959154,2.9741697400033433,False
NGC0300,2.72,65.6,2.6,7.4,48.37,0.0,48.932779401951,1582.1176470588232,880.3003308823529,3.199238774717122,2.944630865096484,False
NGC0300,3.17,70.8,2.7,8.38,49.78,0.0,50.480419966557335,1581.2744479495266,803.871545741325,3.1990072531617866,2.905186656419212,False
NGC0300,3.63,82.1,4.9,8.42,50.48,0.0,51.177405170641464,1856.8622589531678,721.5225344352616,3.268779689202769,2.858249899432367,False
NGC0300,4.08,84.1,6.6,9.19,50.65,0.0,51.47697155039329,1733.531862745098,649.4800490196077,3.2389318285059443,2.8125658147873795,False
NGC0300,4.54,83.4,6.2,12.0,50.39,0.0,51.799151537452815,1532.0616740088108,591.002665198238,3.1852762484183734,2.77158943938934,True
NGC0300,4.99,81.5,2.7,12.98,49.84,0.0,51.50248537692138,1331.1122244488977,531.5643286573147,3.124214671856563,2.7255558293303634,True
NGC0300,5.45,80.8,4.0,13.57,49.05,0.0,50.89250828953118,1197.915596330275,475.2380550458714,3.07842621927253,2.676911209823943,True
NGC0300,5.9,82.8,12.4,15.44,48.12,0.0,50.53640272120681,1162.0067796610167,432.8691525423728,3.065208661927616,2.6363566378853065,True
NGC0300,6.36,88.2,11.7,20.16,47.07,0.0,51.20557098597769,1223.1509433962265,412.2658018867924,3.0874800546152255,2.6151773108677148,True
NGC0300,6.81,88.5,8.5,24.2,45.98,0.0,51.959603539673004,1150.1101321585904,396.44646108663727,3.0607394294828656,2.5981845454377255,True
NGC0300,7.26,88.4,8.9,27.05,44.86,0.0,52.38436885178631,1076.3856749311296,377.97825068870526,3.0319679093260525,2.5774668107429637,True
NGC0300,7.71,88.2,10.8,28.23,43.73,0.0,52.05041594454361,1008.9805447470818,351.3937483787289,3.0038827922126825,2.545794030725661,True
NGC0300,8.17,89.5,3.1,27.84,42.59,0.0,50.88195849218071,980.4467564259486,316.88784577723385,2.9914240140994086,2.5009055821593558,True
NGC0300,8.62,89.7,9.5,26.95,41.5,0.0,49.48285056461481,933.4211136890953,284.0548143851508,2.9700776202634716,2.453402154441251,True
NGC0300,9.07,93.7,7.3,26.46,40.45,0.0,48.335640059897834,967.9922822491732,257.5892061742007,2.985871894715461,2.41092766071729,True
NGC0300,9.53,97.0,5.7,26.26,39.41,0.0,47.357530552173,987.3032528856244,235.3342812172088,2.9944505678941633,2.3716851955952047,True
NGC0300,9.96,96.2,1.5,25.18,38.5,0.0,46.003069462808675,929.1606425702811,212.47815261044175,2.968090805651927,2.3273142817345214,True
NGC0300,10.45,94.8,2.1,24.1,37.5,0.0,44.57645118221055,860.0038277511961,190.14928229665074,2.9345003842290596,2.279094690540699,True
NGC0300,10.93,92.5,13.9,23.02,36.62,0.0,43.25441942738337,782.8225068618482,171.17518755718206,2.8936633035283625,2.233440812397423,True
NGC0300,11.32,92.8,10.6,22.03,35.97,0.0,42.18011142706951,760.7632508833922,157.1697703180212,2.8812495255854715,2.1963690185064846,True
NGC0300,11.8,93.5,12.1,21.74,35.19,0.0,41.36379697271516,740.8686440677966,144.99692372881353,2.86974121443891,2.1613587882917096,True
NGC0801,1.17,123.0,6.2,2.58,183.66,0.0,183.67812063498474,12930.769230769232,28835.600000000002,4.111624361132634,4.459928992472359,False
NGC0801,1.56,142.0,6.2,3.43,210.66,0.0,210.68792205534706,12925.641025641025,28454.743910256413,4.111452090411651,4.454154681356644,False
NGC0801,1.96,205.0,6.2,4.28,232.37,0.0,232.4094131054076,21441.326530612245,27558.23229591837,4.331251650755033,4.4402513566046125,False
NGC0801,2.73,228.0,6.2,5.96,264.64,0.0,264.70710455142677,19041.75824175824,25666.612161172157,4.2797070469601515,4.4093685481881195,False
NGC0801,3.52,238.0,6.2,7.61,281.54,0.0,281.64283001702705,16092.045454545454,22534.853323863637,4.206611250634893,4.352854735655545,False
NGC0801,10.59,229.0,4.2,23.2,269.17,0.0,270.16796423706495,4951.935788479698,6892.420103871578,3.694775004572291,3.8383717405161053,False
NGC0801,17.65,225.0,6.9,37.46,243.6,0.0,246.46340823740957,2868.271954674221,3441.5983909348447,3.4576203264988834,3.536760189995886,False
NGC0801,24.61,220.0,4.0,47.21,226.69,0.0,231.55375229090976,1966.6802112962212,2178.6729053230392,3.29373374794161,3.3381920324140104,True
NGC0801,31.67,222.0,2.4,59.26,219.45,0.0,227.31047072231408,1556.1730344174296,1631.5140543100727,3.192057885529365,3.2125908192719304,True
NGC0801,38.74,219.0,4.1,61.77,202.4,0.0,211.61590890100868,1238.022715539494,1155.9445766649458,3.0927286132971448,3.062937011744018,True
NGC0801,45.8,214.0,4.7,58.45,183.36,0.0,192.45075240175083,999.9126637554585,808.6745000000002,2.9999620686945123,2.907773748682654,True
NGC0801,52.86,216.0,2.6,58.96,169.7,0.0,179.65069329117546,882.633371169126,610.5632160423761,2.9457803435061702,2.7857306362695122,True
NGC0801,59.82,216.0,8.8,66.89,158.21,0.0,171.7692527782548,779.9398194583752,493.2242761618188,2.8920610936065625,2.6930444441273758,True
NGC0891,0.92,234.0,12.0,-5.19,121.44,254.98,282.470193294797,59517.391304347824,86727.61967391304,4.77464388747473,4.938157426908354,False
NGC0891,2.32,192.0,12.0,-10.42,280.89,185.98,337.04054489037367,15889.655172413793,48963.934870689656,4.2011144725162,4.689876311587671,False
NGC0891,3.24,212.0,6.3,-11.44,325.09,158.37,361.794746506911,13871.604938271605,40399.826728395055,4.14212671165089,4.606379502460524,False
NGC0891,4.17,223.0,4.41,-11.64,311.44,139.66,341.5190753091253,11925.419664268586,27970.09083932854,4.076473671122564,4.44669387684543,False
NGC0891,5.1,222.0,4.01,-11.54,293.95,126.35,320.16260962204814,9663.529411764706,20098.842470588235,3.985135772803341,4.303171046320397,False
NGC0891,6.03,224.0,3.85,-11.44,280.55,116.3,303.9158865541583,8321.06135986733,15317.556567164182,3.9201787245281743,4.185189492840251,False
NGC0891,6.96,224.0,3.23,-9.02,271.7,108.06,292.53925206713717,7209.19540229885,12295.86408045977,3.8578867970577635,4.089759053789626,True
NGC0891,7.89,226.0,3.4,6.44,260.33,101.6,279.5277132951221,6473.510773130545,9903.135931558934,3.8111398750853813,3.9957727402658483,True
NGC0891,8.8,226.0,3.21,16.24,254.4,96.17,272.4550724431461,5804.090909090909,8435.428011363636,3.7637342061446333,3.926107123470196,True
NGC0891,9.73,227.0,2.75,25.64,241.26,91.46,259.2850338912757,5295.889003083247,6909.427420349434,3.7239388741178936,3.839442059170741,True
NGC0891,10.64,227.0,2.65,32.27,231.49,87.46,249.55605502571962,4842.951127819549,5853.216597744361,3.685110086427216,3.7673945954390864,True
NGC0891,11.58,224.0,2.35,35.44,224.36,83.84,242.12093837584558,4332.987910189982,5062.396269430053,3.636787477276908,3.7043561374423453,True
NGC0891,12.52,220.0,2.43,42.18,213.5,80.63,232.08317323752706,3865.8146964856232,4302.124544728435,3.5872410327700015,3.633682978879285,True
NGC0891,13.46,218.0,2.3,46.37,208.0,77.76,226.8497178750725,3530.75780089153,3823.238818722139,3.5478679273212514,3.5824314270835766,True
NGC0891,14.4,217.0,2.77,49.33,200.84,75.18,220.0504189952839,3270.0694444444443,3362.651868055556,3.5145569756018094,3.5266819075737668,True
NGC0891,15.33,216.0,4.43,49.33,193.84,72.86,212.87548966473335,3043.4442270058707,2956.032230919765,3.483365347447487,3.470709165052385,True
NGC0891,16.27,210.0,4.47,47.29,188.07,70.73,206.4204493261266,2710.5101413644747,2618.893786109404,3.43305103653098,3.4181178851980545,True
NGC0891,17.11,208.0,4.35,45.04,182.56,68.97,200.283838838784,2528.5797779076565,2344.4544769140853,3.4028766603844227,3.3700418043101186,True
NGC1003,1.25,47.0,7.6,2.05,56.98,0.0,57.01686504886076,1767.2,2600.7383199999995,3.2472857028633784,3.4150966567336525,False
NGC1003,2.08,59.5,4.5,6.07,64.63,0.0,64.91441904538621,1702.0432692307693,2025.904711538461,3.2309705964943376,3.306619014456517,False
NGC1003,2.9,71.6,3.7,10.81,74.91,0.0,75.68595774646707,1767.7793103448275,1975.2979999999998,3.247428046716755,3.295632624009451,False
NGC1003,3.73,77.6,3.1,14.74,77.71,0.0,79.09558584396477,1614.4128686327076,1677.2417426273457,3.2080146107076892,3.2245956624407635,False
NGC1003,4.56,83.4,3.6,17.0,79.57,0.0,81.36574770749667,1525.3421052631584,1451.838793859649,3.1833672586110424,3.1619183967883715,True
NGC1003,5.39,89.7,3.8,19.26,79.39,0.0,81.69283750733598,1492.7810760667905,1238.1669202226346,3.1739961209014456,3.0927791969013394,True
NGC1003,6.22,93.8,2.4,21.62,73.38,0.0,76.49868495601739,1414.540192926045,940.8438585209003,3.15061529206731,2.9735175543418038,True
NGC1003,7.04,99.0,3.0,23.59,69.52,0.0,73.41334006840991,1392.1875,765.5566051136364,3.143697730052988,2.883977307875084,True
NGC1003,7.87,103.0,2.5,27.03,65.95,0.0,71.27428287959128,1348.030495552732,645.4921728081322,3.1296997170512797,2.8098909804105774,True
NGC1003,8.7,100.0,2.3,28.5,62.8,0.0,68.96441111181912,1149.4252873563219,546.677011494253,3.0604807473813813,2.7377308116067467,True
NGC1003,9.54,98.3,2.0,29.19,59.81,0.0,66.5529278093759,1012.8815513626835,464.28639412997904,3.005558660960176,2.6667859568928565,True
NGC1003,10.34,98.4,1.7,29.29,56.87,0.0,63.969531810073455,936.4177949709866,395.7544487427466,2.9714696581047595,2.597425805539616,True
NGC1003,11.21,94.5,1.8,30.27,54.18,0.0,62.062430664613835,796.6324710080285,343.59904549509366,2.9012580044235525,2.5360519487075472,True
NGC1003,11.98,94.9,2.4,31.35,52.09,0.0,60.79630416398681,751.7537562604341,308.5301001669449,2.876075606801293,2.4892975401641384,True
NGC1003,12.85,95.3,1.6,32.24,49.97,0.0,59.46779380471416,706.7774319066148,275.2076653696498,2.8492826736093395,2.439660526152785,True
NGC1003,13.72,96.9,1.8,32.83,48.07,0.0,58.21111405908669,684.3739067055394,246.97768221574344,2.835293442730798,2.3926577106343143,True
NGC1003,14.49,97.2,1.3,33.03,46.57,0.0,57.09418359167596,652.0248447204968,224.96520358868185,2.8142641443813745,2.352115348964348,True
NGC1003,15.36,100.0,1.8,33.12,45.03,0.0,55.8984373663522,651.0416666666667,203.42677734375,2.813608784304507,2.3084081191236474,True
NGC1003,16.13,104.0,2.7,32.83,43.81,0.0,54.746004420414096,670.5517668939864,185.81060136391818,2.8264323112085994,2.2690704888960767,True
NGC1003,17.0,104.0,3.2,33.52,42.53,0.0,54.151558610994755,636.2352941176471,172.49360588235297,2.803617757219287,2.236773000965938,True
NGC1003,17.78,105.0,3.4,32.34,41.49,0.0,52.60509195885889,620.0787401574803,155.64092800899888,2.792446841505681,2.1921238116201773,True
NGC1003,18.65,109.0,3.9,31.65,40.42,0.0,51.33711035888171,637.0509383378017,141.3136139410188,2.804174159736541,2.1501840031412236,True
NGC1003,19.52,110.0,3.8,29.88,39.42,0.0,49.46464191723215,619.8770491803278,125.34584016393441,2.792305556985777,2.0981099256590046,True
NGC1003,20.29,107.0,3.8,29.39,38.61,0.0,48.5232336103026,564.268112370626,116.04259241005421,2.7514855083370735,2.0646174224471143,True
NGC1003,21.16,106.0,3.8,29.0,37.75,0.0,47.603177414958346,531.0018903591682,107.09180056710775,2.725096067166392,2.0297562205538138,True
NGC1003,21.93,106.0,4.0,27.91,37.04,0.0,46.378116606865355,512.3575011399909,98.08160966712265,2.7095730988520175,1.9915875846601947,True
NGC1003,22.8,108.0,3.4,27.03,36.29,0.0,45.25024861810154,511.57894736842104,89.80635964912281,2.7089126639734458,1.9533070923769287,True
NGC1003,23.67,109.0,3.2,25.65,35.58,0.0,43.86181596787802,501.9433882551753,81.27836501901139,2.7006547379521644,1.9099749588379362,True
NGC1003,24.44,110.0,3.3,26.24,34.99,0.0,43.73600004572892,495.0900163666121,78.26668166939443,2.6946841687459333,1.8935769211046527,True
NGC1003,25.31,110.0,2.7,25.85,34.35,0.0,42.9900569899599,478.0719083366259,73.02034768866062,2.679493225158196,1.8634438965253388,True
NGC1003,26.08,110.0,2.4,25.26,33.82,0.0,42.2120835780467,463.95705521472394,68.32285276073621,2.6664777832565676,1.8345659916443586,True
NGC1003,26.95,113.0,2.5,26.83,33.25,0.0,42.72483352805485,473.80333951762526,67.7332615955473,2.675598117444082,1.8308019889216318,True
NGC1003,27.73,114.0,2.2,30.76,32.76,0.0,44.93768129309744,468.66209880995314,72.82348359177786,2.6708598330950837,1.8622714500510975,True
NGC1003,28.6,112.0,1.7,31.75,32.24,0.0,45.24908949360197,438.60139860139856,71.5902132867133,2.6420700122113203,1.854853656301123,True
NGC1003,29.47,113.0,1.8,34.6,31.75,0.0,46.95979663499406,433.2880895826264,74.82940278249066,2.6367767511169142,1.8740722791091258,True
NGC1003,30.24,115.0,1.6,37.45,31.33,0.0,48.82695362194943,437.3346560846561,78.83833994708996,2.6408138938780543,1.8967374710182532,True
NGC1090,0.35,20.9,9.81,-0.82,48.76,0.0,48.76689450846752,1248.0285714285712,6794.885714285713,3.0962245278718323,3.8321821565692527,False
NGC1090,1.07,61.7,8.19,-2.5,98.26,0.0,98.2917982336268,3557.841121495327,9029.23140186916,3.551186550381274,3.9556507832998165,False
NGC1090,1.6,81.3,4.32,-3.73,114.22,0.0,114.28088772843864,4131.05625,8162.575812499999,3.6160611085322114,3.911827227948981,False
NGC1090,3.7,124.0,3.41,-7.4,144.04,0.0,144.2299608264524,4155.675675675676,5622.238270270269,3.6186416462574753,3.7499092470470927,False
NGC1090,5.09,156.0,7.02,-9.39,154.24,0.0,154.52556325734588,4781.139489194499,4691.188546168959,3.6795314143721645,3.6712828882690953,False
NGC1090,6.61,166.0,6.34,-10.89,166.19,0.0,166.54641455161982,4168.835098335854,4196.324992435703,3.62001471659447,3.6228691155929744,False
NGC1090,8.17,165.0,12.1,-5.79,171.87,0.0,171.96749983645165,3332.313341493268,3619.6843329253365,3.522745831895397,3.558670698034193,False
NGC1090,9.11,174.0,4.84,9.64,169.05,0.0,169.32463524248325,3323.3809001097698,3147.182447859496,3.521580119592201,3.4979219204797407,True
NGC1090,10.37,164.0,5.86,17.85,166.21,0.0,167.16574589311054,2593.6354869816782,2694.733519768564,3.4139089397063547,3.4305158245817067,True
NGC1090,11.28,176.0,7.35,22.68,167.76,0.0,169.28614828154133,2746.099290780142,2540.5851063829787,3.438716235980976,3.4049337478050306,True
NGC1090,13.62,174.0,3.28,31.86,164.88,0.0,167.92996754599818,2222.9074889867843,2070.519383259912,3.346921388988433,3.316079300524665,True
NGC1090,15.04,168.0,2.23,35.59,159.31,0.0,163.23701847313924,1876.595744680851,1771.6970877659578,3.2733707271961023,3.2483894712998387,True
NGC1090,16.37,166.0,2.23,38.11,153.0,0.0,157.67489368951544,1683.3231521075136,1518.7154612095296,3.2261674966681686,3.1814764142828467,True
NGC1090,17.59,167.0,4.59,40.13,146.12,0.0,151.53043027722188,1585.5031267765776,1305.370739056282,3.2001671028377054,3.115733873406059,True
NGC1090,18.8,167.0,5.3,41.74,140.2,0.0,146.28146704213765,1483.4574468085107,1138.2057234042552,3.1712750930314866,3.056220765103475,True
NGC1090,20.13,165.0,3.48,42.85,134.43,0.0,141.09410831072998,1352.4590163934427,988.9492001987086,3.131124113539158,2.9951739835688587,True
NGC1090,21.35,165.0,3.12,43.55,129.7,0.0,136.81627278946024,1275.1756440281029,876.7537470725994,3.1055700090667697,2.9428776306464695,True
NGC1090,22.57,165.0,2.39,44.16,125.69,0.0,133.22192649860608,1206.2472308373947,786.357186530793,3.0814363293500504,2.8956198601653975,True
NGC1090,23.89,165.0,2.23,45.07,121.68,0.0,129.75872725947954,1139.5981582251989,704.7855713687736,3.0567517386779346,2.848057004457531,True
NGC1090,25.11,163.0,2.23,46.68,118.15,0.0,127.03717920357016,1058.10434090004,642.7098725607328,3.024528496094993,2.8080149710878044,True
NGC1090,26.33,162.0,2.23,48.39,114.89,0.0,124.66476727608327,996.7337637675656,590.2508241549564,2.9985791699791937,2.7710366021475457,True
NGC1090,27.65,162.0,2.23,50.01,111.67,0.0,122.35681019052434,949.1500904159133,541.4534900542496,2.977334893444545,2.733561157396614,True
NGC1090,28.87,162.0,2.23,51.42,108.99,0.0,120.51073188724729,909.0405264980949,503.0424835469345,2.9585832452045415,2.7016046641630584,True
NGC1090,30.09,160.0,2.23,52.53,106.1,0.0,118.391768717255,850.7809903622466,465.82289464938515,2.929817777571769,2.6682208297880674,True
NGC2403,0.16,24.5,2.83,0.0,23.21,0.0,23.21,3751.5625,3366.900625,3.57421218607314,3.5272302982559105,False
NGC2403,0.26,35.3,2.46,0.0,35.33,0.0,35.33,4792.653846153845,4800.80346153846,3.680576062804827,3.681313926898873,False
NGC2403,0.36,43.2,1.12,1.92,46.97,0.0,47.00922569028339,5184.000000000001,6138.520277777778,3.714664992862537,3.7880636948146345,False
NGC2403,0.46,52.0,1.25,2.29,56.68,0.0,56.726241722856976,5878.260869565217,6995.361956521738,3.769248855588024,3.844810190829729,False
NGC2403,0.56,60.9,2.93,2.64,63.77,0.0,63.8246229914443,6622.874999999999,7274.254464285715,3.82104655825955,3.8617884892540464,False
NGC2403,0.66,65.8,1.25,3.0,67.56,0.0,67.62657465819188,6560.060606060605,6929.323636363637,3.816907851686042,3.8406908456752364,False
NGC2403,0.76,71.7,1.25,3.34,70.83,0.0,70.9087053893949,6764.328947368422,6615.848026315789,3.830224719054809,3.82058552041231,False
NGC2403,0.86,74.6,1.6,3.68,72.8,0.0,72.89295164829038,6471.116279069766,6178.351627906976,3.81097920370177,3.790872621627137,False
NGC2403,0.96,74.6,1.03,4.02,74.87,0.0,74.9778453944897,5797.041666666666,5855.913854166667,3.7632064219057693,3.767594679229427,False
NGC2403,1.06,76.6,1.12,4.37,77.12,0.0,77.24371366007722,5535.43396226415,5628.859716981132,3.7431516740004374,3.750420425263476,False
NGC2403,1.16,78.5,1.6,4.75,79.47,0.0,79.61182952300493,5312.284482758621,5463.830517241379,3.7252813242635865,3.737497219485991,False
NGC2403,1.27,83.4,1.8,5.15,82.18,0.0,82.34121021699889,5476.818897637796,5338.641653543308,3.738528380319521,3.7274307706215817,False
NGC2403,1.36,86.4,1.6,5.51,85.19,0.0,85.36800454502846,5488.941176470588,5358.600147058823,3.739488576587569,3.729051351668598,False
NGC2403,1.47,87.4,1.41,5.76,87.94,0.0,88.12843581954691,5196.435374149661,5283.415782312925,3.71570553052063,3.722914789157291,False
NGC2403,1.57,90.3,1.41,5.98,90.77,0.0,90.96677030652457,5193.6878980891715,5270.670891719745,3.715475848217778,3.72186589908873,False
NGC2403,1.67,93.3,1.6,6.21,93.98,0.0,94.184948372869,5212.508982035928,5311.858982035928,3.7170468163454164,3.7252465369667807,False
NGC2403,1.77,93.3,1.41,6.42,96.86,0.0,97.07252958484186,4918.016949152542,5323.771751412429,3.6917900211311934,3.7262194274887728,False
NGC2403,1.87,95.2,1.25,6.61,99.21,0.0,99.42995625061896,4846.545454545455,5286.800106951871,3.6854322902324497,3.723192890112141,False
NGC2403,1.97,97.2,1.6,6.81,101.42,0.0,101.64837677011866,4795.8578680203045,5244.869289340101,3.6808663036909564,3.7197346693406965,False
NGC2403,2.08,99.1,2.02,7.01,103.79,0.0,104.02645913420298,4721.543269230769,5202.646250000001,3.674083974007789,3.7162242973748203,False
NGC2403,2.18,98.2,2.02,7.27,106.07,0.0,106.31884969279906,4423.504587155963,5185.182477064219,3.6457664819692943,3.7147640446956642,False
NGC2403,2.28,98.2,1.6,7.54,106.73,0.0,106.99600226176678,4229.491228070176,5021.11600877193,3.6262881285734454,3.7008002555084794,False
NGC2403,2.37,98.2,1.0,7.81,106.19,0.0,106.47681531676274,4068.8776371308013,4783.676033755274,3.6094746295637954,3.6797617601282386,False
NGC2403,2.47,97.2,1.12,8.25,105.57,0.0,105.8918665431864,3825.0364372469635,4539.711497975708,3.5826355765928835,3.6570282539984316,False
NGC2403,2.57,98.2,1.41,8.77,105.08,0.0,105.44533797186104,3752.2334630350197,4326.349922178988,3.5742898522426048,3.6361216429637992,False
NGC2403,2.68,98.2,1.12,9.31,104.39,0.0,104.8043329256954,3598.2238805970146,4098.488134328359,3.5560881815451104,3.612623682083813,False
NGC2403,2.78,98.2,1.6,9.95,103.8,0.0,104.27580016475538,3468.791366906475,3911.3102517985612,3.540178179655823,3.5923222662973227,False
NGC2403,2.88,99.1,2.69,10.97,103.16,0.0,103.74163339759018,3410.003472222222,3736.918923611111,3.53275482121132,3.5725136754760025,False
NGC2403,2.98,100.0,2.69,11.96,102.68,0.0,103.37419407182821,3355.7046979865772,3585.981208053692,3.5257837359237447,3.554608009358911,False
NGC2403,3.08,102.0,3.16,13.06,102.46,0.0,103.28898876453384,3377.9220779220777,3463.8361038961034,3.5286496270233907,3.539557334598926,False
NGC2403,3.19,101.0,3.4,14.06,102.29,0.0,103.25176850785657,3197.8056426332287,3341.9836050156746,3.504852064508104,3.5240043150161733,False
NGC2403,3.29,101.0,3.4,15.05,102.51,0.0,103.60889247550135,3100.607902735562,3262.857933130699,3.491446849615311,3.5135981647469365,False
NGC2403,3.39,103.0,2.93,16.15,102.82,0.0,104.08061731177423,3129.4985250737464,3195.5088200589967,3.4954747512072624,3.50454002060079,False
NGC2403,3.49,107.0,2.46,17.15,103.06,0.0,104.47720373363751,3280.515759312321,3127.646446991404,3.5159421284112393,3.495217653978959,True
NGC2403,3.59,110.0,2.46,18.14,102.95,0.0,104.53593688296863,3370.473537604457,3043.944874651811,3.527690921738131,3.4834367831670927,True
NGC2403,3.69,112.0,3.4,19.24,103.12,0.0,104.8995328874252,3399.457994579946,2982.089972899729,3.5314096791813028,3.474520742451786,True
NGC2403,3.79,114.0,5.1,20.24,102.93,0.0,104.90110819243047,3429.023746701847,2903.4940633245387,3.535170492704873,3.4629209423831093,True
NGC2403,3.9,118.0,5.1,21.03,102.5,0.0,104.635132245341,3570.25641025641,2807.310487179487,3.5526994075857514,3.4482904480500784,True
NGC2403,3.99,118.0,4.85,21.83,101.99,0.0,104.30009108337345,3489.7243107769423,2726.4433583959894,3.5427911189255026,3.4355964796895964,True
NGC2403,4.47,118.0,5.36,25.72,99.49,0.0,102.76078288919368,3114.9888143176736,2362.366554809844,3.4934564914803143,3.373347285479055,True
NGC2403,4.97,121.0,2.57,27.81,97.06,0.0,100.96553718967677,2945.8752515090546,2051.1146277666,3.469214351899568,3.311989931853216,True
NGC2403,5.47,124.0,0.22,29.41,94.4,0.0,98.87521479116998,2810.9689213893967,1787.2592504570384,3.4488560439910394,3.252187553555781,True
NGC2403,5.96,125.0,0.88,30.7,91.13,0.0,96.16219059484865,2621.6442953020132,1551.5380704697984,3.4185737662758764,3.1907624364410405,True
NGC2403,6.46,126.0,0.45,31.7,87.9,0.0,93.44142550282504,2457.5851393188855,1351.5944272445822,3.3905085722400417,3.1308463924681176,True
NGC2403,6.96,126.0,0.55,33.29,84.95,0.0,91.23993971940139,2281.034482758621,1196.081408045977,3.358131850624564,3.0777607397376343,True
NGC2403,7.45,126.0,0.45,34.99,81.98,0.0,89.13484447734231,2131.006711409396,1066.4457046979867,3.328584817486833,3.0279387493772822,True
NGC2403,7.95,126.0,0.24,36.58,79.11,0.0,87.15783671018917,1996.9811320754716,955.533144654088,3.3003739615786554,2.980245756059498,True
NGC2403,8.45,127.0,1.45,38.38,76.42,0.0,85.51631891048632,1908.7573964497044,865.4486153846156,3.2807507329622214,2.9372412874426166,True
NGC2403,8.94,128.0,1.12,39.97,74.09,0.0,84.18389988590455,1832.6621923937362,792.7213646532439,3.2630824204998192,2.899120563032528,True
NGC2403,9.44,128.0,1.68,41.47,71.75,0.0,82.87233193291956,1735.5932203389832,727.5236652542374,3.239447944997668,2.861847124836182,True
NGC2403,9.94,127.0,2.56,42.57,69.58,0.0,81.5694875550901,1622.6358148893362,669.3743762575452,3.2102210575146004,2.8256690834879272,True
NGC2403,10.43,127.0,1.24,43.96,67.61,0.0,80.64486158460439,1546.4046021093002,623.5468552253117,3.189323133485383,2.7948690932616187,True
NGC2403,10.93,128.0,0.21,45.06,65.75,0.0,79.70863253123842,1498.9935956084173,581.2869258920402,3.175799777346034,2.764390555062364,True
NGC2403,11.43,130.0,1.13,45.76,64.12,0.0,78.77405664303446,1478.565179352581,542.9004374453194,3.169840474218392,2.734720191591233,True
NGC2403,11.92,130.0,2.23,46.15,62.55,0.0,77.73239350489601,1417.7852348993288,506.9064597315435,3.151610449209456,2.7049278256639,True
NGC2403,12.42,132.0,2.68,46.65,61.06,0.0,76.84104437083087,1402.8985507246377,475.4062882447665,3.1470262665711384,2.6770649218850973,True
NGC2403,12.92,133.0,2.68,46.95,59.67,0.0,75.92635510809143,1369.1176470588236,446.1928328173375,3.1364407682751065,2.649522589944053,True
NGC2403,13.42,133.0,3.37,46.75,58.37,0.0,74.7838177682846,1318.107302533532,416.7376602086438,3.1199507661011983,2.61986274903361,True
NGC2403,13.91,133.0,3.81,46.25,57.26,0.0,73.60550319099788,1271.6750539180446,389.4874263120057,3.1043761519421254,2.590493442056196,True
NGC2403,14.41,133.0,2.56,45.95,56.12,0.0,72.53176476551498,1227.5503122831367,365.08375433726576,3.089039301120182,2.562392507946563,True
NGC2403,14.91,134.0,0.56,45.66,55.05,0.0,71.52159184470099,1204.2924211938296,343.08102615694156,3.080731953276621,2.5353967003843674,True
NGC2403,15.4,134.0,0.79,45.26,54.06,0.0,70.50497287425901,1165.9740259740258,322.7890389610389,3.0666888758931523,2.5089187788395013,True
NGC2403,15.9,133.0,0.67,44.76,53.11,0.0,69.45595510825547,1112.5157232704403,303.4043836477987,3.0463061576137203,2.4820218512704093,True
NGC2403,16.4,134.0,2.35,44.16,52.26,0.0,68.41939198794446,1094.878048780488,285.43982926829267,3.0393657486819174,2.455514572929141,True
NGC2403,16.89,134.0,4.13,43.36,51.43,0.0,67.26911995856642,1063.1142687981053,267.9179692125518,3.0265799471586066,2.428001842641973,True
NGC2403,17.39,136.0,3.91,42.67,50.61,0.0,66.19743952752252,1063.5997699827487,251.98970672800462,3.026778234737723,2.4013828010889697,True
NGC2403,17.89,136.0,6.38,41.87,49.84,0.0,65.09318320684586,1033.8736724427054,236.84306875349358,3.014467476173062,2.374460679559407,True
NGC2403,18.38,135.0,8.39,41.07,49.16,0.0,64.05818058608908,991.5669205658324,223.25628400435255,2.9963220299399196,2.348803691838327,True
NGC2403,18.88,133.0,7.83,40.27,48.46,0.0,63.00828913722384,936.917372881356,210.277780720339,2.9717012919721215,2.3227933848101663,True
NGC2403,19.38,134.0,6.26,39.87,47.78,0.0,62.22977824161034,926.5221878224975,199.82173890608874,2.9668558240148686,2.3006427340069973,True
NGC2403,19.87,136.0,5.6,39.87,47.15,0.0,61.74738375024483,930.8505284348263,191.88421741318567,2.9688799496306197,2.2830392552344785,True
NGC2403,20.37,135.0,5.24,39.87,46.52,0.0,61.267669288132716,894.6980854197349,184.27723613156604,2.951676507989848,2.2654716898959717,True
NGC2403,20.87,134.0,3.12,39.87,45.97,0.0,60.85111174004958,860.3737422137038,177.42490656444656,2.934687147664161,2.2490145851927044,True
NGC2683,2.89,189.0,10.0,7.68,203.92,89.57,222.856756011569,12360.207612456747,17185.167370242212,4.09202576558994,4.235153766186288,False
NGC2683,5.77,212.0,5.0,21.36,229.24,63.44,238.81344350768867,7789.254766031197,9884.20464471404,3.8914959087017715,3.9949417285501547,True
NGC2683,8.66,206.0,5.0,17.89,197.87,51.78,205.3138022637543,4900.230946882217,4867.639422632795,3.69021654872096,3.687318399763287,True
NGC2683,11.54,200.0,5.0,24.41,185.0,44.86,191.9199512817779,3466.2045060658584,3191.790961871751,3.53985418250825,3.504034440611531,True
NGC2683,14.43,172.0,12.0,25.8,159.52,40.12,166.49890329969145,2050.1732501732504,1921.1285377685379,3.3117905627216038,3.2835564233604213,True
NGC2683,17.31,190.0,10.0,25.8,143.29,36.63,150.1313458275786,2085.4997111496245,1302.1040439052572,3.319210134030264,3.114645687679648,True
NGC2683,20.2,169.0,10.0,23.72,130.86,33.91,137.24746300023182,1413.9108910891089,932.5181237623764,3.1504220397807234,2.9696572812029802,True
NGC2683,23.08,150.0,10.0,20.53,121.26,31.72,127.01034170491788,974.8700173310226,698.9439731369151,2.988946713627669,2.844442364397077,True
NGC2683,28.85,160.0,10.0,17.48,107.36,28.37,112.4125299955481,887.3483535528595,438.00959792027726,2.9480941478200995,2.6414836271208677,True
NGC2683,31.74,155.0,10.0,16.5,102.03,27.05,106.83666692666895,756.9313169502205,359.61163831127914,2.8790564739217537,2.555833738602282,True
NGC2683,34.62,151.0,12.0,15.67,97.49,25.9,102.08162910142059,658.6077411900636,301.0011265164644,2.8186268310469638,2.478568120972477,True
NGC2841,3.44,285.0,14.4,-0.57,163.4,239.5,289.9312589218348,23611.918604651164,24436.085726744186,4.3731312774454905,4.388031640055758,False
NGC2841,3.77,297.0,13.6,-0.57,171.13,229.25,286.07929722368937,23397.61273209549,21708.584694960213,4.369171548428632,4.33663151027132,False
NGC2841,4.13,303.0,8.47,-0.43,180.88,219.24,284.22515177232293,22229.782082324455,19560.275278450365,4.346935205348209,4.291374962469513,False
NGC2841,4.47,306.0,5.93,-0.1,188.37,210.91,282.78312361242496,20947.65100671141,17889.551454138702,4.321135329831224,4.252599451610719,False
NGC2841,4.8,307.0,5.93,-0.19,194.64,203.54,281.6261658653187,19635.208333333336,16523.603604166663,4.293035513578785,4.218104767847275,False
NGC2841,5.13,304.0,8.47,-0.28,200.57,196.88,281.0518416591501,18014.814814814814,15397.687660818712,4.255629802105691,4.1874555058008625,False
NGC2841,5.48,308.0,8.47,-0.38,206.64,190.44,281.0117926351134,17310.948905109486,14410.151021897806,4.2383208745165195,4.158668532349949,False
NGC2841,5.83,313.0,12.7,-0.48,211.29,184.57,280.55263213878425,16804.288164665522,13500.819794168096,4.225420120333883,4.130360140441216,False
NGC2841,6.16,314.0,9.32,-0.53,215.14,179.57,280.233626461922,16005.844155844155,12748.520357142857,4.2042785839820045,4.105459781788173,False
NGC2841,6.51,315.0,6.78,3.83,221.84,174.68,282.3840592172299,15241.935483870968,12248.964193548389,4.183040119011009,4.088099365104976,False
NGC2841,6.86,317.0,8.47,8.02,227.72,170.15,284.37957257862246,14648.542274052477,11788.88357142857,4.165794408728751,4.071472678570426,False
NGC2841,7.18,320.0,7.63,12.15,231.73,166.32,285.497386678057,14261.838440111422,11352.194679665738,4.1541755123975115,4.055079830262984,False
NGC2841,7.51,316.0,20.5,16.24,235.48,162.63,286.64103840866886,13296.404793608523,10940.49066577896,4.12373422823264,4.03903679993724,False
NGC2841,7.85,318.0,23.4,20.27,239.96,159.08,288.61413842707015,12882.03821656051,10611.22559235669,4.109984583223612,4.0257655476391365,False
NGC2841,8.21,321.0,8.48,24.66,243.42,155.54,289.92085747665686,12550.669914738122,10238.015054811203,4.098666907690303,4.010215763836674,False
NGC2841,8.57,323.0,8.66,27.1,245.15,152.23,289.8394476257502,12173.745624270712,9802.439369894983,4.085424222739007,3.9913341647797957,False
NGC2841,8.9,321.0,12.7,29.42,245.8,149.38,289.1324277904504,11577.640449438202,9392.984359550563,4.063620058164831,3.9728035991845987,False
NGC2841,9.24,323.0,11.0,31.74,245.24,146.61,287.4796989354205,11291.017316017316,8944.218322510822,4.052733073442099,3.951542391515572,True
NGC2841,9.6,323.0,10.4,34.31,244.14,143.83,285.42702149586324,10867.604166666668,8486.310895833332,4.036133811622637,3.9287189380918743,True
NGC2841,9.93,322.0,13.6,36.63,243.64,141.42,284.0806626646734,10441.490433031218,8127.071792547834,4.018762494896281,3.909934096220119,True
NGC2841,10.27,321.0,13.6,38.95,243.6,139.06,283.18853454898203,10033.203505355405,7808.738666017527,4.001439621212466,3.8925808885984363,True
NGC2841,10.6,323.0,9.32,41.02,243.38,136.88,282.22792065988085,9842.358490566037,7514.396150943397,3.9930991793974355,3.8758940868723744,True
NGC2841,10.93,322.0,11.9,43.22,243.08,134.8,281.29503159494305,9486.184812442818,7239.423129002746,3.977091581441959,3.8597039609661543,True
NGC2841,11.27,321.0,11.0,45.42,242.44,132.75,280.11192852143944,9142.945874001774,6962.084516415262,3.9610861487636377,3.8427392911100027,True
NGC2841,12.31,323.0,4.24,52.25,237.3,127.02,274.1813868591375,8475.142160844842,6106.858887083673,3.9281469917308893,3.7858178847463257,True
NGC2841,14.35,319.0,4.24,56.77,222.06,117.64,257.62889220737645,7091.358885017422,4625.271505226481,3.8507294650443513,3.665137231077392,True
NGC2841,16.4,308.0,4.24,51.89,207.98,110.04,240.95031458788344,5784.39024390244,3540.064274390244,3.7622575849531907,3.549011147268613,True
NGC2841,18.48,299.0,5.66,48.35,196.87,103.67,227.6905538225071,4837.7164502164505,2805.3565097402598,3.6846404097647714,3.447988060021582,True
NGC2841,20.57,299.0,5.66,54.45,185.72,98.26,217.05240956967052,4346.183762761303,2290.313490520175,3.638108084954135,3.3598949311979345,True
NGC2841,22.51,298.0,5.66,63.61,176.98,93.93,210.21654882525306,3945.091070635273,1963.1718080852952,3.5960570331519905,3.292958308789153,True
NGC2841,24.59,296.0,5.66,66.17,168.93,89.87,202.46587539632452,3563.0744204961366,1667.0366287108582,3.55182489337916,3.2219451424028343,True
NGC2841,26.68,293.0,4.24,61.9,161.21,86.28,193.0401836406089,3217.728635682159,1396.7208583208399,3.5075494154637075,3.145109618852691,True
NGC2841,28.77,289.0,4.24,58.85,153.59,83.08,184.27017392947778,2903.0587417448733,1180.2397288842542,3.46285582362277,3.0719702296427536,True
NGC2841,30.7,289.0,4.24,57.01,147.56,80.43,177.4628935862368,2720.5537459283387,1025.8331791530945,3.434657310035909,3.0110767416102893,True
NGC2841,32.79,288.0,4.24,57.38,141.95,77.82,171.75045647683152,2529.551692589204,899.6102256785605,3.4030435588490966,2.9540543833248805,True
NGC2841,34.88,285.0,4.24,60.43,136.82,75.46,167.52823314295412,2328.6983944954127,804.6361496559631,3.367113243756491,2.905599540096337,True
NGC2841,36.96,283.0,2.83,64.09,132.38,73.3,164.3316235543238,2166.910173160173,730.6515827922077,3.3358409085005114,2.8637103294297193,True
NGC2841,38.9,275.0,2.83,66.9,128.66,71.45,161.66047166824671,1944.0874035989718,671.8279717223651,3.2887157863348175,2.827258081839342,True
NGC2841,40.99,272.0,2.83,68.61,124.87,69.61,158.5730150435439,1804.9280312271285,613.452088314223,3.2564598897518957,2.7877806492255455,True
NGC2841,43.08,271.0,2.83,68.98,121.52,67.9,155.35688204904216,1704.7585886722377,560.2544289693593,3.2316628871228676,2.7483852984411024,True
NGC2841,45.16,274.0,4.24,67.76,118.47,66.31,151.7352121295515,1662.444641275465,509.8222896368468,3.220747192387846,2.707418819078856,True
NGC2841,47.1,277.0,4.24,65.19,115.75,64.93,147.8638005057357,1629.0658174097664,464.1975265392782,3.211938631000001,2.6667028220026983,True
NGC2841,49.19,281.0,4.24,62.26,113.11,63.54,143.90104690376648,1605.2246391542997,420.96993901199437,3.2055358172508286,2.6242510844643308,True
NGC2841,51.27,286.0,4.24,60.55,110.59,62.24,140.6067857537466,1595.3969182757946,385.61084844938557,3.2028687488176866,2.586149243476206,True
NGC2841,53.36,282.0,4.24,60.55,108.3,61.01,138.26573183547686,1490.3298350824589,358.2723500749625,3.17328239573023,2.554213292471921,True
NGC2841,55.3,283.0,4.24,62.39,106.31,59.93,137.06178570265308,1448.264014466546,339.70945931283904,3.160847739743882,2.5311076400998544,True
NGC2841,57.38,288.0,5.66,64.95,104.23,58.83,136.17402211875802,1445.5210874869292,323.1677291739282,3.1600244316084822,2.5094279865659708,True
NGC2841,59.47,287.0,5.66,67.27,102.32,57.79,135.4042813207913,1385.0512863628721,308.29526483941476,3.141465854968707,2.4889668543732624,True
NGC2841,61.56,289.0,7.07,68.49,100.51,56.8,134.23628496051282,1356.7413905133203,292.71247888239117,3.1324970743536547,2.4664412376173903,True
NGC2841,63.64,294.0,7.07,68.73,98.76,55.86,132.65628556536626,1358.2023884349467,276.51932903834074,3.132964489849771,2.4417254944157345,True
NGC2903,0.32,44.0,8.0,0.01,197.82,0.0,197.82000025275502,6050.0,122289.85156249999,3.781755374652469,5.087390417843485,False
NGC2903,0.64,64.0,8.0,0.03,204.19,0.0,204.19000220382975,6400.0,65146.1828125,3.806179973983887,4.813888973662802,False
NGC2903,0.96,128.0,8.0,0.08,209.11,0.0,209.11001530295005,17066.666666666668,45548.956770833334,4.232148706256169,4.65847843457227,False
NGC2903,1.28,148.0,8.0,0.07,219.11,0.0,219.11001118159803,17112.5,37507.18515625,4.233313461142046,4.574114472389087,False
NGC2903,1.6,157.0,8.0,1.76,225.96,0.0,225.96685420654066,15405.625,31913.137,4.187679322162543,4.503969496604284,False
NGC2903,1.92,189.0,8.0,5.17,232.02,0.0,232.0775932743185,18604.6875,28052.088177083337,4.2696223796429384,4.447965195361514,False
NGC2903,2.24,195.0,6.0,8.23,251.26,0.0,251.39475034296163,16975.446428571428,28213.98236607143,4.229821204390873,4.450464390570265,False
NGC2903,2.56,201.0,6.0,11.05,278.7,0.0,278.9189712084855,15781.640625,30388.981445312493,4.198152149529128,4.482716143972887,False
NGC2903,2.88,214.0,4.0,13.64,291.79,0.0,292.1086333883338,15901.388888888889,29627.588090277783,4.2014350589391505,4.471696298063972,False
NGC2903,3.2,215.0,4.0,16.01,300.53,0.0,300.95614464569417,14445.3125,28304.562812499993,4.1597269415113045,4.45185645123315,False
NGC2903,3.52,215.0,4.0,18.18,298.29,0.0,298.84349833985016,13132.102272727272,25371.430823863644,4.11833425635308,4.404344959984297,False
NGC2903,3.84,216.0,3.0,20.14,289.57,0.0,290.2695376714546,12150.0,21941.772005208335,4.084576277934331,4.34127169803395,False
NGC2903,4.8,214.0,2.0,24.78,274.65,0.0,275.7656086244258,9540.833333333334,15843.056437499998,3.9795863093227943,4.1998389692921165,False
NGC2903,5.76,210.0,2.0,25.77,255.87,0.0,257.16444116557017,7656.25,11481.519062500001,3.8840161060446263,4.059999351199353,False
NGC2903,6.72,205.0,2.0,24.89,236.77,0.0,238.07466265858702,6253.7202380952385,8434.456101190477,3.7961384490576835,3.9260570821986898,True
NGC2903,7.68,203.0,1.0,25.19,221.37,0.0,222.79859290399477,5365.755208333334,6463.439192708333,3.729630855794914,3.810463667370791,True
NGC2903,8.64,201.0,1.0,25.4,209.59,0.0,211.12349016630054,4676.041666666666,5158.926863425926,3.6698783723620845,3.7125593710530542,True
NGC2903,9.6,201.0,1.0,27.64,199.24,0.0,201.14807282198853,4208.4375,4214.640333333334,3.6241208818014092,3.6247605189575878,True
NGC2903,10.56,199.0,1.0,32.7,189.8,0.0,192.5962876070045,3750.094696969697,3512.625946969697,3.57404223462162,3.5456319050393503,True
NGC2903,11.52,197.0,1.0,37.22,181.59,0.0,185.36519765047592,3368.8368055555557,2982.6611545138894,3.5274799732359927,3.4746039181010806,True
NGC2903,12.48,196.0,2.0,37.86,174.1,0.0,178.16899169047346,3078.205128205128,2543.6049358974356,3.488297557366547,3.405449659066309,True
NGC2903,13.44,193.0,3.0,36.33,167.37,0.0,171.26758537446602,2771.502976190476,2182.4840625000006,3.442715349297741,3.3389510809716154,True
NGC2903,14.4,190.0,3.0,35.33,161.19,0.0,165.01643857507045,2506.9444444444443,1891.001736111111,3.3991447098104084,3.2766919275669486,True
NGC2903,15.36,188.0,5.0,35.01,155.25,0.0,159.14855513010477,2301.041666666667,1648.9754296874999,3.3619244828318666,3.2172141845525624,True
NGC2903,16.32,187.0,5.0,34.43,150.2,0.0,154.09563556441174,2142.7083333333335,1454.9917218137255,3.3309630586551555,3.162860522407255,True
NGC2903,17.28,188.0,3.0,33.18,145.58,0.0,149.3132572814618,2045.3703703703702,1290.1880092592594,3.310771960384485,3.110653001333619,True
NGC2903,18.24,186.0,3.0,32.48,141.36,0.0,145.0434417683199,1896.7105263157896,1153.3771929824566,3.2780010544434353,3.0619713593691404,True
NGC2903,19.2,185.0,3.0,31.94,137.48,0.0,141.1414680382771,1782.5520833333335,1037.5476041666666,3.2510422281024782,3.01600803189267,True
NGC2903,20.16,185.0,3.0,31.23,133.91,0.0,137.50345813833192,1697.6686507936508,937.8571924603175,3.22985292903254,2.972136713381034,True
NGC2903,21.12,181.0,3.0,30.85,130.6,0.0,134.19419696842334,1551.183712121212,852.655421401515,3.1906632358765945,2.9307735577582257,True
NGC2903,22.08,178.0,3.0,30.69,127.55,0.0,131.19023820391516,1434.9637681159422,779.4781974637682,3.1568409355606266,2.891803972182206,True
NGC2903,23.04,177.0,3.0,30.33,124.7,0.0,128.33549353160254,1359.765625,714.8437022569444,3.133464057972439,2.8542110954128757,True
NGC2903,24.0,182.0,4.0,30.72,122.05,0.0,125.8567475346475,1380.1666666666667,659.9967041666666,3.1399315342585434,2.819541766805802,True
NGC2903,24.96,180.0,8.0,30.86,119.57,0.0,123.48815530244185,1298.076923076923,610.9505008012819,3.113300429196226,2.786006025136677,True
NGC2915,0.34,13.5,10.1,4.08,44.78,0.0,44.965484540923164,536.0294117647059,5946.749411764707,2.7291886199477573,3.774279638283918,False
NGC2915,0.67,31.3,12.5,7.65,48.88,0.0,49.47501288529393,1462.2238805970148,3653.3983582089554,3.1650138723920707,3.5626970292717592,False
NGC2915,1.0,35.3,13.4,10.36,46.82,0.0,47.95249732808501,1246.0899999999997,2299.442,3.095549410775645,3.361622459616677,False
NGC2915,1.34,50.5,9.38,11.92,43.88,0.0,45.47021882507275,1903.1716417910447,1542.940895522388,3.279477957872515,3.1883492901330674,False
NGC2915,1.68,61.0,10.1,12.33,40.74,0.0,42.56496799012071,2214.8809523809523,1078.438392857143,3.345350388295671,3.0327953405313792,True
NGC2915,2.01,66.5,11.9,12.44,38.01,0.0,39.99392078803977,2200.124378109453,795.777960199005,3.3424472331857205,2.9007919067926484,True
NGC2915,2.34,74.4,11.6,12.54,35.66,0.0,37.800624333468356,2365.538461538462,610.6355555555556,3.3739300136816146,2.7857820884199156,True
NGC2915,2.67,83.0,9.17,12.44,33.66,0.0,35.88522258534841,2580.1498127340824,482.3030711610486,3.4116449233875725,2.683320027387464,True
NGC2915,3.01,86.4,7.66,12.13,31.74,0.0,33.97888314821427,2480.05315614618,383.5762458471761,3.3944609893639432,2.5838517042939295,True
NGC2915,3.35,83.6,8.18,12.02,29.95,0.0,32.27201419186599,2086.25671641791,310.89041791044775,3.3193677478411874,2.492607336669284,True
NGC2915,3.68,79.8,7.93,12.54,28.46,0.0,31.10021221792546,1730.445652173913,262.8323913043478,3.238157964027941,2.4196788863743395,True
NGC2915,4.02,82.8,6.95,13.47,27.13,0.0,30.28989600510375,1705.4328358208954,228.22830845771148,3.2318346204852904,2.358369511442772,True
NGC2915,4.35,83.5,7.19,14.61,25.93,0.0,29.762677970908463,1602.816091954023,203.63609195402302,3.2048836940125667,2.3088547537596784,True
NGC2915,4.68,80.4,7.85,15.44,24.93,0.0,29.32402598552934,1381.2307692307695,183.73899572649574,3.1402662444227785,2.2642013382957193,True
NGC2915,5.02,80.3,7.57,15.86,24.0,0.0,28.766988024469992,1284.480079681275,164.84852589641434,3.1087273734123424,2.217085067961335,True
NGC2915,5.35,82.1,7.92,15.86,23.2,0.0,28.10301763156405,1259.889719626168,147.62235514018693,3.100332532217653,2.1691521297015917,True
NGC2915,5.69,82.4,8.33,15.65,22.42,0.0,27.34188910810663,1193.279437609842,131.38469244288225,3.0767421569991606,2.118544768763722,True
NGC2915,6.03,80.9,7.88,15.44,21.74,0.0,26.664980780041823,1085.3747927031511,117.91396351575455,3.0355797310843933,2.071565237824151,True
NGC2915,6.36,79.0,6.15,15.65,21.15,0.0,26.310549215096213,981.2893081761006,108.84355345911948,2.991797066932469,2.036802711925209,True
NGC2915,6.69,81.4,6.11,16.27,20.57,0.0,26.226662006439174,990.4275037369208,102.81581464872944,2.9958226920105795,2.0120599209474963,True
NGC2915,7.02,79.7,5.59,17.1,20.07,0.0,26.366928148724494,904.8561253561254,99.03346153846155,2.9565795306624194,1.9957819593062538,True
NGC2915,7.36,77.5,6.33,17.83,19.59,0.0,26.48918647297421,816.0665760869565,95.33654891304346,2.911725590675122,1.9792594268531505,True
NGC2915,7.7,79.9,6.41,17.93,19.12,0.0,26.211816037810124,829.0922077922079,89.22848051948051,2.918602833455501,1.950503497405769,True
NGC2915,8.03,81.5,7.86,18.24,18.72,0.0,26.136870508919003,827.1793275217933,85.07297633872976,2.9175996722012725,1.9297916271727749,True
NGC2915,8.37,82.2,7.82,18.65,18.33,0.0,26.149787762045026,807.2688172043012,81.69789725209078,2.907018177086841,1.9122108787653913,True
NGC2915,8.7,82.0,7.09,18.97,17.95,0.0,26.116343541927918,772.8735632183908,78.398091954023,2.8881084521488147,1.8943054929915455,True
NGC2915,9.03,84.7,5.74,19.38,17.62,0.0,26.192533287179383,794.4728682170544,75.97439645625693,2.9000790703479082,1.880667258712384,True
NGC2915,9.37,86.1,5.54,19.59,17.3,0.0,26.135380234463778,791.1643543223053,72.8984098185699,2.8982667120195313,1.8627180548673217,True
NGC2915,9.7,85.3,5.23,19.9,16.98,0.0,26.15970947850912,750.1123711340206,70.54952577319588,2.8751263280688013,1.8484940988164276,True
NGC2915,10.04,86.5,6.45,19.9,16.69,0.0,25.97241036176658,745.2440239043825,67.18785856573706,2.872298502120628,1.8272907993289902,True
NGC2955,0.75,169.0,4.27,0.0,53.73,163.04,171.66523963808163,38081.333333333336,39291.93933333333,4.580712145835647,4.594303464825541,False
NGC2955,1.55,203.0,4.92,0.16,99.45,214.33,236.27881199972205,26586.451612903224,36017.85612903226,4.424660377656134,4.556517858982113,False
NGC2955,2.3,232.0,5.49,0.0,134.15,231.92,267.9236997729017,23401.739130434784,31210.047347826086,4.369248133764207,4.4942944275209555,False
NGC2955,3.06,256.0,4.38,1.12,162.98,250.27,298.66169439685433,21416.993464052288,29149.937156862747,4.3307585041421195,4.464637622818629,False
NGC2955,3.85,248.0,3.47,10.81,187.48,252.3,314.51692561768436,15975.064935064935,25693.73935064935,4.203442632143932,4.409827314121304,False
NGC2955,4.61,253.0,5.68,18.83,206.85,245.12,321.28695242726553,13884.815618221257,22391.606464208242,4.142540116961988,4.3500852527354965,False
NGC2955,5.36,269.0,8.42,25.11,220.81,233.77,322.54609143500716,13500.186567164179,19409.69796641791,4.130339770312046,4.288018777400798,False
NGC2955,6.12,268.0,4.67,29.26,232.37,221.48,322.34353553313275,11735.947712418301,16977.99916666667,4.069518165912016,4.22988650792936,False
NGC2955,6.91,260.0,5.58,31.48,243.48,209.61,322.81550907600456,9782.923299565846,15081.02068017366,3.9904686485674374,4.178430735483786,False
NGC2955,7.66,245.0,8.47,32.44,254.23,199.62,324.8590323509568,7836.1618798955615,13777.205078328981,3.894103399096461,4.139161123074376,False
NGC2955,8.42,247.0,6.0,32.35,258.51,190.58,322.7920057870083,7245.724465558194,12374.664964370548,3.860081815019682,4.092533449537339,False
NGC2955,8.86,267.0,10.3,32.44,258.41,185.85,319.9504714795714,8046.162528216705,11553.984672686232,3.9055888008420996,4.06273178707832,False
NGC2955,9.21,255.0,7.27,32.44,257.39,182.29,317.06720076349745,7060.2605863192175,10915.484234527687,3.8488207306710613,4.038043006716579,False
NGC2955,10.82,253.0,11.2,33.51,252.03,168.18,304.838569410106,5915.804066543438,8588.406044362293,3.772013781581085,3.9339125689101473,False
NGC2955,11.56,271.0,11.3,34.86,249.34,162.76,299.7940506414362,6353.027681660899,7774.781384083045,3.8029807476643014,3.8906881861205833,False
NGC2955,12.4,276.0,8.71,37.47,246.01,157.16,294.3198712285665,6143.225806451613,6985.821499999999,3.7883964789682003,3.844217484457165,False
NGC2955,14.17,275.0,10.1,44.03,245.22,146.96,289.25547687122537,5336.979534227241,5904.638736767819,3.727295537413065,3.7711933313436417,False
NGC2955,16.88,275.0,10.0,57.16,236.05,134.67,277.71005923444693,4480.154028436019,4568.8908175355455,3.651292945370889,3.6598107798748356,False
NGC2955,19.49,276.0,11.7,67.4,232.49,125.34,272.5884731605502,3908.46587993843,3812.441031298102,3.592006325012814,3.581203134983066,False
NGC2955,22.19,267.0,15.7,77.25,219.85,117.47,260.96127279732525,3212.6633618747182,3068.9853943217663,3.506865220497142,3.4869948215759883,False
NGC2955,24.8,257.0,15.1,79.95,209.2,111.12,250.00859365229826,2663.266129032258,2520.3345524193546,3.425414565836373,3.4014581934108827,False
NGC2955,27.51,254.0,13.6,78.21,199.59,105.5,238.9209538738702,2345.18356961105,2074.9989894583787,3.3701768428501926,3.3170178895431683,False
NGC2955,30.12,248.0,11.6,75.51,191.82,100.83,229.4849916661218,2041.965471447543,1748.451573705179,3.3100483941237697,3.242653608298758,False
NGC2955,35.43,227.0,11.2,77.83,176.46,92.96,214.09624494605225,1454.3889359300028,1293.7398278295232,3.162680562053068,3.111846948126694,False
NGC2976,0.11,6.8,3.62,1.06,11.98,0.0,12.02680339907492,420.3636363636363,1314.9454545454548,2.6236251402542474,3.1189077381632413,False
NGC2976,0.17,9.5,4.31,1.76,15.44,0.0,15.5399871299818,530.8823529411765,1420.536470588235,2.7249982891994216,3.152452388197566,False
NGC2976,0.24,14.0,3.11,2.47,19.52,0.0,19.675652466945028,816.6666666666667,1613.0470833333334,2.91204482964487,3.2076470442230742,False
NGC2976,0.31,19.8,5.5,2.93,23.11,0.0,23.294999463404157,1264.6451612903227,1750.506451612903,3.1019686866887897,3.243163715726427,False
NGC2976,0.38,26.1,3.9,3.29,26.27,0.0,26.475214824435326,1792.657894736842,1844.571052631579,3.2534974180597516,3.2658953888507014,False
NGC2976,0.45,28.7,3.5,3.99,29.18,0.0,29.4515279739439,1830.422222222222,1927.538888888889,3.262551279692641,3.2850031488809592,False
NGC2976,0.52,28.7,2.7,4.46,32.19,0.0,32.4975029809984,1584.0192307692305,2030.9378846153843,3.1997604498331853,3.3076966408930852,False
NGC2976,0.59,31.7,2.5,4.93,35.22,0.0,35.56337020024959,1703.2033898305085,2143.6496610169493,3.2312665127933586,3.331153809603055,False
NGC2976,0.66,35.5,2.3,5.88,38.01,0.0,38.46211772640711,1909.4696969696968,2241.4159090909084,3.2809127705683196,3.350522450137858,False
NGC2976,0.73,39.4,2.1,6.93,40.66,0.0,41.246339231500286,2126.520547945205,2330.493835616438,3.3276695835306924,3.3674479585188486,False
NGC2976,0.8,42.9,2.3,7.52,43.36,0.0,44.00727212632022,2300.5125,2420.8,3.3618245973775047,3.3839589106791115,False
NGC2976,0.87,46.0,2.6,8.45,45.92,0.0,46.69099377824379,2432.183908045977,2505.8033333333337,3.3859964107445295,3.3989469826199237,False
NGC2976,0.94,49.1,3.1,9.28,48.76,0.0,49.63522942427082,2564.691489361702,2620.910638297872,3.409035130646238,3.418452213638041,False
NGC2976,1.01,49.2,3.2,10.11,52.24,0.0,53.20930087869977,2396.673267326733,2803.1977227722773,3.379608831752078,3.447653731681253,False
NGC2976,1.08,51.4,3.2,11.31,55.81,0.0,56.94446592953524,2446.259259259259,3002.474259259259,3.388502482503602,3.477479292807805,False
NGC2976,1.14,57.2,3.1,13.04,58.54,0.0,59.97477136263214,2870.0350877192986,3155.2396491228074,3.457887206249576,3.4990323506923597,False
NGC2976,1.21,63.8,2.9,15.48,61.95,0.0,63.85477977410932,3363.9999999999995,3369.7792561983474,3.5268559871258747,3.5276014525167674,False
NGC2976,1.29,67.8,2.8,17.62,66.07,0.0,68.37915837446377,3563.4418604651155,3624.580852713177,3.5518696774348775,3.559257791906032,False
NGC2976,1.35,69.8,3.3,19.66,68.88,0.0,71.63078946933364,3608.9185185185183,3800.7185185185176,3.557377076751316,3.5798657069141213,False
NGC2976,1.42,71.7,3.9,21.7,71.85,0.0,75.05539620840062,3620.3450704225356,3967.121478873239,3.558749966952544,3.5984754993893384,False
NGC2976,1.49,74.1,4.4,23.73,74.58,0.0,78.26422746057102,3685.1073825503354,4110.932416107382,3.5664501475463823,3.6139403370204626,False
NGC2976,1.56,76.7,4.8,25.98,76.94,0.0,81.20790601905703,3771.0833333333335,4227.387179487179,3.5764661295435003,3.6260720259729187,False
NGC2976,1.63,79.9,4.4,27.71,78.73,0.0,83.46410605763414,3916.57055214724,4273.777300613498,3.592905954224025,3.6308118880586258,False
NGC2976,1.74,83.6,3.35,30.15,80.17,0.0,85.65192000183066,4016.643678160919,4216.236436781609,3.603863306595433,3.624924957116824,False
NGC2976,1.93,83.9,3.95,29.44,78.52,0.0,83.85764127376824,3647.2590673575137,3643.5772020725385,3.561966612649627,3.5615279760232608,False
NGC2976,2.1,88.7,4.44,29.75,75.56,0.0,81.20576395798516,3746.519047619048,3140.179095238095,3.5736279449295334,3.496954418090911,False
NGC2976,2.27,85.3,5.36,29.85,73.66,0.0,79.47841279240546,3205.325991189427,2782.7392511013213,3.505872205141923,3.444472513875114,False
NGC2998,0.33,90.0,20.0,0.0,44.56,0.0,44.56,24545.454545454544,6016.950303030303,4.389971079000762,3.7793764244534573,False
NGC2998,0.99,125.0,15.0,0.66,93.23,0.0,93.2323361286201,15782.828282828283,8780.069191919194,4.198184831418563,3.943497938406136,False
NGC2998,1.98,148.0,15.0,2.66,132.13,0.0,132.156772433349,11062.626262626263,8820.915404040403,4.043858240528384,3.9455136570472744,False
NGC2998,2.64,180.0,17.0,4.03,154.64,0.0,154.6925030504064,12272.727272727272,9064.307007575755,4.088941083336781,3.9573346066344737,False
NGC2998,3.63,201.0,15.0,6.22,196.69,0.0,196.78832409469825,11129.752066115703,10668.221625344351,4.046485489804866,4.028092029296084,False
NGC2998,7.59,206.0,10.0,16.84,221.58,0.0,222.21899558768598,5591.040843214756,6506.097760210805,3.7474926648428264,3.813320584676103,False
NGC2998,12.5,214.0,5.0,32.06,213.19,0.0,215.5871510549736,3663.68,3718.225576,3.5639175336903253,3.5703357338598427,False
NGC2998,17.48,212.0,5.0,44.76,198.92,0.0,203.8936585575922,2571.1670480549196,2378.2965675057208,3.4101302935591185,3.3762660090718,True
NGC2998,22.46,213.0,2.0,52.43,175.78,0.0,183.43258516414144,2019.9910952804985,1498.1083392698129,3.3053494549520366,3.1755432215381503,True
NGC2998,27.44,214.0,2.0,58.37,162.69,0.0,172.84412920316385,1668.9504373177842,1088.7424562682215,3.2224434396636674,3.036925158865378,True
NGC2998,32.32,213.0,2.0,63.92,151.18,0.0,164.13762152535293,1403.743811881188,833.5754579207921,3.147287854774927,2.920944919671289,True
NGC2998,37.3,213.0,3.0,66.04,139.68,0.0,154.5049643215389,1216.3270777479893,639.9942091152816,3.085050375068788,2.806176044357861,True
NGC2998,42.28,203.0,3.0,64.42,130.09,0.0,145.16660945272506,974.6688741721854,498.4234744560075,2.9888570971910373,2.697598488279185,True
NGC3109,0.26,6.1,1.6,1.0,2.78,0.0,2.9543865691544156,143.11538461538458,33.57076923076922,2.155686322050716,1.5259612926585258,False
NGC3109,0.52,11.2,0.7,2.12,4.73,0.0,5.183367631183419,241.2307692307692,51.66788461538463,2.382432701705564,1.713220681041075,False
NGC3109,0.77,14.9,1.5,4.53,7.0,0.0,8.337919404743607,288.32467532467535,90.28688311688312,2.459881811652066,1.9556246605711156,False
NGC3109,1.03,19.1,2.2,6.54,8.59,0.0,10.796281767349349,354.1844660194175,113.16475728155339,2.549229509790283,2.0537111962761143,False
NGC3109,1.29,24.3,0.9,8.22,10.63,0.0,13.437458837146258,457.74418604651163,139.9731007751938,2.6606228368973754,2.1460445834829778,False
NGC3109,1.55,29.8,1.9,10.06,11.72,0.0,15.445452405157967,572.9290322580646,153.91096774193548,2.758100829982219,2.187269568889847,False
NGC3109,1.81,34.3,1.6,11.73,12.56,0.0,17.185648082047997,649.9944751381214,163.17486187845302,2.8129096652163565,2.21265325375379,False
NGC3109,2.06,38.2,3.5,12.92,13.39,0.0,18.606947627163354,708.368932038835,168.06723300970873,2.850259505454264,2.2254830500831426,False
NGC3109,2.32,42.5,5.6,13.76,13.69,0.0,19.41014425500233,778.5560344827587,162.39383620689657,2.8912898752097234,2.2105695412097512,False
NGC3109,2.58,42.3,3.0,14.44,13.73,0.0,19.925523832511907,693.5232558139534,153.8862403100775,2.8410610287868545,2.1871997892625488,False
NGC3109,2.84,47.3,4.4,15.04,13.74,0.0,20.371283710164168,787.7781690140844,146.12295774647887,2.8964039414285856,2.164718454396532,False
NGC3109,3.1,49.3,4.0,15.37,14.32,0.0,21.007124981777014,784.0290322580644,142.35461290322579,2.8943321447201873,2.153371544724684,False
NGC3109,3.35,50.6,3.5,15.75,15.08,0.0,21.805249367984764,764.2865671641791,141.93101492537312,2.883256226642753,2.152077308347831,False
NGC3109,3.61,53.0,3.5,16.29,15.34,0.0,22.375873167320194,778.1163434903048,138.69243767313017,2.89104453729592,2.142052781431127,False
NGC3109,3.87,54.7,3.3,16.37,14.77,0.0,22.048351412293847,773.1498708010336,125.6149354005168,2.88826368764795,2.0990412793407116,False
NGC3109,4.13,55.2,3.1,16.42,14.16,0.0,21.682296926294505,737.7820823244554,113.8309927360775,2.867928103801997,2.0562605234098372,True
NGC3109,4.38,57.5,2.6,16.88,13.87,0.0,21.84745522938541,754.851598173516,108.97518264840183,2.8778615788751614,2.0373276055917775,True
NGC3109,4.64,59.1,2.4,17.22,13.96,0.0,22.167769396130048,752.760775862069,105.9073275862069,2.87665698120763,2.0249260094008013,True
NGC3109,4.9,61.2,1.9,17.66,14.01,0.0,22.542309109760694,764.3755102040817,103.70524489795918,2.883306764262609,2.0158007214096787,True
NGC3109,5.16,62.7,1.9,18.09,14.01,0.0,22.8807386244413,761.8779069767443,101.45895348837209,2.8818853800342215,2.0062903784173285,True
NGC3109,5.42,64.4,2.9,18.73,13.96,0.0,23.360104879901545,765.1955719557196,100.68164206642068,2.8837724481812375,2.0029502900563996,True
NGC3109,5.67,66.6,3.2,19.3,13.99,0.0,23.837157968180687,782.2857142857142,100.21342151675485,2.8933653994476956,2.000925890197078,True
NGC3109,5.93,66.3,3.4,19.36,13.93,0.0,23.850670850103985,741.2630691399662,95.92824620573354,2.869972363445284,1.9819465046165932,True
NGC3109,6.19,66.2,3.2,19.43,13.15,0.0,23.461615460151076,707.9870759289176,88.92526655896607,2.8500253298592817,1.9490251756842398,True
NGC3109,6.45,67.3,3.0,19.41,12.62,0.0,23.151943762889545,702.2155038759689,83.10271317829458,2.846470413812686,1.919615203075644,True
NGC3198,0.32,24.4,35.9,0.0,63.28,0.0,63.28,1860.4999999999995,12513.62,3.2696296743575526,4.097382962659334,False
NGC3198,0.64,43.3,16.3,0.0,73.66,0.0,73.66,2929.5156249999995,8477.805624999999,3.4667958187228436,3.928283455053901,False
NGC3198,0.96,45.5,16.1,0.0,78.98,0.0,78.98,2156.510416666667,6497.750416666668,3.3337515602746564,3.8127630257614826,False
NGC3198,1.28,58.5,15.4,0.35,82.7,0.0,82.70074062546236,2673.6328125,5343.291015625001,3.4271017625164926,3.727808828129805,False
NGC3198,1.61,68.8,7.61,0.15,84.22,0.0,84.22013357861645,2940.0248447204963,4405.609254658385,3.468351000439173,3.6440059757763965,False
NGC3198,1.93,76.9,10.3,-0.05,83.17,0.0,83.17001502945638,3064.0466321243525,3584.0680829015546,3.4862953705950885,3.5543762509196686,False
NGC3198,2.24,82.0,8.09,-0.47,87.04,0.0,87.04126894755154,3001.785714285714,3382.224330357143,3.4773796864332707,3.5292024093543386,False
NGC3198,2.57,86.9,7.6,-0.95,88.91,0.0,88.91507521224958,2938.369649805448,3076.2220233463036,3.4681064295660384,3.4880176770443585,False
NGC3198,2.89,97.6,3.03,-1.43,88.98,0.0,88.99149004258778,3296.110726643598,2740.306332179931,3.5180017925768357,3.4377991142580075,False
NGC3198,3.21,100.0,5.31,-1.14,93.81,0.0,93.81692651115789,3115.264797507788,2741.936355140187,3.4934949675951277,3.438057369880114,False
NGC3198,3.54,107.0,7.51,-0.39,101.22,0.0,101.22075133094003,3234.1807909604518,2894.248728813559,3.5097642933446314,3.4615358512161403,False
NGC3198,3.85,113.0,7.32,0.36,108.53,0.0,108.53059706829222,3316.6233766233768,3059.4520779220784,3.520696157458339,3.485643654964601,False
NGC3198,4.17,117.0,5.21,1.52,115.51,0.0,115.52000043282548,3282.73381294964,3200.208752997602,3.516235668518566,3.5051783087317627,False
NGC3198,4.5,119.0,5.67,3.07,120.51,0.0,120.54909788131971,3146.8888888888887,3229.3522222222223,3.4978814090097177,3.5091154156660216,False
NGC3198,4.82,127.0,5.39,4.63,125.42,0.0,125.50543135657517,3346.265560165975,3267.9695643153527,3.524560403673064,3.5142780031506327,False
NGC3198,5.15,132.0,4.34,6.02,129.4,0.0,129.5399567701024,3383.3009708737864,3258.3690097087374,3.529340633370509,3.5130002665302826,False
NGC3198,5.46,134.0,2.36,7.16,133.15,0.0,133.342371735319,3288.644688644689,3256.4447069597068,3.517016954024878,3.5127437084378905,False
NGC3198,5.78,137.0,0.89,8.31,136.45,0.0,136.70281123663844,3247.2318339100343,3233.15892733564,3.5115132958922843,3.5096270530707208,False
NGC3198,6.1,140.0,2.84,9.46,139.41,0.0,139.73059686410846,3213.1147540983607,3200.7606065573773,3.506926236345709,3.5052531933134445,False
NGC3198,6.43,142.0,0.88,10.61,141.85,0.0,142.2462463476629,3135.9253499222395,3146.8109797822704,3.496365715841891,3.4978706568302997,False
NGC3198,6.74,144.0,1.23,11.77,142.32,0.0,142.80586577588468,3076.5578635014836,3025.7441097922842,3.4880650876551793,3.4808321965211695,False
NGC3198,7.06,146.0,1.57,12.87,140.94,0.0,141.5263950646663,3019.2634560906517,2837.070892351275,3.4799010105170702,3.452870188024368,False
NGC3198,8.04,147.0,3.0,16.39,135.68,0.0,136.66636199153032,2687.6865671641795,2323.0963308457717,3.429378620747901,3.3660672188778706,True
NGC3198,9.04,148.0,3.0,20.03,130.79,0.0,132.3148706684173,2423.0088495575224,1936.6399336283187,3.3843550003145517,3.287048882787104,True
NGC3198,10.04,152.0,2.0,23.68,128.1,0.0,130.27030513513046,2301.1952191235064,1690.2741434262946,3.3619534630805448,3.2279571479993274,True
NGC3198,11.04,155.0,2.0,27.08,126.67,0.0,129.53229442884117,2176.177536231884,1519.8021105072462,3.337694322947403,3.1817870432673714,True
NGC3198,12.05,156.0,2.0,30.11,124.98,0.0,128.5558730669276,2019.5850622406638,1371.5031120331948,3.305262149798036,3.1371967973851786,True
NGC3198,14.05,157.0,2.0,34.48,118.12,0.0,123.04960300626736,1754.377224199288,1077.665822064057,3.2441229805773686,3.032484109520972,True
NGC3198,16.07,153.0,2.0,36.43,108.22,0.0,114.18718535807773,1456.6894835096452,811.3698382078406,3.163366984871853,2.909218859242884,True
NGC3198,18.13,153.0,2.0,37.76,101.1,0.0,107.92139546910983,1291.1748483177055,642.4174076116933,3.110985057539689,2.807817300526031,True
NGC3198,20.05,154.0,2.0,39.83,96.4,0.0,104.30430911520388,1182.8428927680798,542.6129127182046,3.072927064716725,2.734490124581374,True
NGC3198,22.12,153.0,2.0,40.92,91.56,0.0,100.28798532227079,1058.2730560578661,454.6871609403255,3.024597739002537,2.657712691149263,True
NGC3198,24.03,150.0,2.0,41.77,87.03,0.0,96.53472846597747,936.3295880149813,387.8049854348731,2.9714287473074625,2.5886133878601134,True
NGC3198,26.1,149.0,2.0,43.71,82.67,0.0,93.51413262175937,850.6130268199233,335.05337164750955,2.929732029486267,2.5251139926063337,True
NGC3198,28.16,148.0,2.0,45.41,79.06,0.0,91.1731961708045,777.8409090909091,295.19004616477275,2.89089078031984,2.470101708948442,True
NGC3198,30.08,146.0,2.0,45.29,76.07,0.0,88.53151416303687,708.6436170212767,260.5661236702128,2.8504278796492697,2.415917952207613,True
NGC3198,32.14,147.0,2.0,44.56,73.27,0.0,85.75597063761799,672.3397635345364,228.8141412570006,2.8275887970690263,2.3594828613801644,True
NGC3198,34.06,148.0,2.0,44.81,70.91,0.0,83.88184666541385,643.1004110393422,206.58145038167936,2.8082787871633323,2.3150913222244816,True
NGC3198,36.12,148.0,2.0,45.9,68.62,0.0,82.55612878520891,606.4230343300111,188.69087486157255,2.7827756891484468,2.275750898081784,True
NGC3198,38.19,149.0,2.0,46.75,66.59,0.0,81.3620955973972,581.3301911495156,173.33832416863055,2.76442287845123,2.238894593497977,True
NGC3198,40.1,150.0,2.0,47.48,64.84,0.0,80.36526612909336,561.0972568578553,161.06174563591023,2.74903814549118,2.206992401796858,True
NGC3198,42.17,150.0,3.0,48.93,63.1,0.0,79.84832434058964,533.5546597106948,151.19172160303532,2.727178917096499,2.179528012325591,True
NGC3198,44.08,149.0,3.0,47.84,61.63,0.0,78.01873172514406,503.65245009074414,138.08807849364794,2.7021309509808193,2.1401561864141896,True
NGC3521,0.51,143.0,33.1,-3.74,195.66,0.0,195.69574139464558,40096.078431372545,75091.81019607843,4.603101898832187,4.875592573747145,False
NGC3521,0.69,160.0,15.0,-4.96,213.36,0.0,213.4176450062178,37101.44927536232,66010.27710144929,4.569390874574594,4.8196115558598684,False
NGC3521,0.86,178.0,7.92,-6.2,228.63,0.0,228.71405050848975,36841.86046511628,60825.7173255814,4.566341553374221,4.784087239324266,False
NGC3521,1.03,188.0,8.01,-7.39,242.31,0.0,242.42266436948506,34314.563106796115,57057.03708737864,4.535478473822187,4.756309215445633,False
NGC3521,1.2,187.0,8.03,-8.46,244.99,0.0,245.13602693198732,29140.833333333336,50076.39308333334,4.464501967025373,4.6996330398425785,False
NGC3521,1.38,195.0,5.6,-9.15,248.08,0.0,248.24868358160535,27554.34782608696,44657.54268115943,4.4401901363238,4.649894821973798,False
NGC3521,1.55,199.0,7.52,-9.58,251.75,0.0,251.93221092190655,25549.032258064515,40948.283161290325,4.407374454649122,4.61223569781296,False
NGC3521,1.71,203.0,6.87,-9.77,258.35,0.0,258.53466962865934,24098.830409356724,39087.82187134504,4.381995965434272,4.592041470493356,False
NGC3521,1.89,206.0,9.22,-9.95,262.92,0.0,263.10820758767676,22452.910052910054,36627.47560846562,4.351272636565063,4.5638069878129865,False
NGC3521,2.06,211.0,12.0,-9.95,270.25,0.0,270.433106331307,21612.135922330097,35501.97330097087,4.334697690226232,4.550252493052425,False
NGC3521,2.23,219.0,13.3,-9.95,275.1,0.0,275.2798803036648,21507.174887892375,33981.61995515696,4.332583366632076,4.531244078500537,False
NGC3521,2.41,216.0,9.9,-10.14,276.83,0.0,277.0156466700031,19359.33609958506,31841.35622406639,4.286890459726993,4.502991557435116,False
NGC3521,2.58,214.0,10.5,-10.6,274.55,0.0,274.7545495528691,17750.387596899225,29259.71414728682,4.249207840735152,4.466270078971029,False
NGC3521,2.75,213.0,8.39,-11.16,274.06,0.0,274.28712911837476,16497.81818181818,27357.610618181818,4.217426513047212,4.437078163930644,False
NGC3521,2.92,210.0,13.3,-11.53,273.74,0.0,273.9827156957168,15102.739726027397,25707.71523972603,4.179055738019421,4.4100634806540855,False
NGC3521,3.09,214.0,6.67,-11.25,275.23,0.0,275.4598253829404,14820.711974110032,24556.024401294504,4.170869067273547,4.390158056266424,False
NGC3521,3.26,213.0,9.98,-9.77,276.33,0.0,276.5026614700119,13916.871165644172,23452.06190184049,4.143541606809537,4.370181031836837,False
NGC3521,3.43,212.0,11.2,-7.06,278.46,0.0,278.5494842931862,13103.206997084548,22620.937376093287,4.117377601814733,4.354510597443102,False
NGC3521,3.61,215.0,9.11,2.4,278.97,0.0,278.9803234997049,12804.70914127424,21559.562576177286,4.107369717925553,4.333639945165925,False
NGC3521,3.78,217.0,10.1,7.87,280.87,0.0,280.9802373833434,12457.407407407409,20886.215291005294,4.095427667859834,4.319859750313231,False
NGC3521,3.95,219.0,8.05,10.51,281.76,0.0,281.95594992835316,12142.025316455696,20126.36903797468,4.084291134053776,4.303765431669255,False
NGC3521,4.12,220.0,8.29,12.28,282.78,0.0,283.04650995905246,11747.57281553398,19445.467669902908,4.069948145611278,4.288818392534432,False
NGC3521,4.29,218.0,8.42,13.95,281.57,0.0,281.91535502700094,11077.855477855477,18525.936456876458,4.044455695024485,4.267780170107497,False
NGC3521,4.46,220.0,9.71,15.63,279.92,0.0,280.3560295410106,10852.01793721973,17623.207017937224,4.03551050293227,4.246084942864789,False
NGC3521,4.64,220.0,20.1,17.49,276.26,0.0,276.81309163404825,10431.034482758621,16514.113728448276,4.018327381089532,4.217855271144442,False
NGC3521,4.81,216.0,23.5,19.07,272.38,0.0,273.04675295633893,9699.792099792101,15499.902141372142,3.98676242592803,4.190328956260856,False
NGC3521,4.98,220.0,14.6,20.0,268.13,0.0,268.87487219894683,9718.875502008032,14516.8066064257,3.9876160188846947,4.161871091175493,False
NGC3521,5.15,218.0,12.2,20.46,264.51,0.0,265.3001162834272,9227.961165048542,13666.825572815533,3.9651057581680185,4.135667651633906,False
NGC3521,5.32,213.0,23.1,20.65,260.81,0.0,261.62621925181736,8528.007518796992,12866.217781954887,3.9308475745824274,4.109450898276909,False
NGC3521,5.49,215.0,21.2,20.74,257.41,0.0,258.24417844358084,8419.854280510019,12147.55112932605,3.925304575381119,4.084488735694495,False
NGC3521,5.67,216.0,18.3,21.02,254.02,0.0,254.88821235985003,8228.57142857143,11458.201199294534,3.9153244434089554,4.059116443937001,False
NGC3521,5.84,208.0,31.7,21.3,251.09,0.0,251.99182149426994,7408.219178082192,10873.266797945205,3.869713822813124,4.036360044470157,False
NGC3521,6.01,212.0,25.3,21.67,248.27,0.0,249.21392778093283,7478.20299500832,10334.040232945094,3.8737972498547633,4.014270148027529,True
NGC3521,6.19,213.0,23.8,22.04,245.66,0.0,246.64670522834882,7329.402261712439,9827.88323101777,3.8650685578573576,3.9924599878135476,True
NGC3521,6.35,216.0,19.6,22.51,243.33,0.0,244.3689607949422,7347.40157480315,9404.124251968506,3.8661337770098863,3.9733183586055816,True
NGC3521,6.64,210.0,25.0,23.63,238.82,0.0,239.98618564409077,6641.566265060242,8673.700195783133,3.822270510099821,3.9382044067950774,True
NGC3521,8.82,210.0,10.7,34.97,209.65,0.0,212.5465205549129,5000.0,5121.998117913833,3.6989700043360187,3.709439414550258,True
NGC3521,11.07,210.0,10.7,43.44,188.05,0.0,193.00216605002134,3983.7398373983738,3364.9355103884377,3.600290968589116,3.5269767453056646,True
NGC3521,13.32,206.0,6.25,45.95,172.02,0.0,178.05134905414224,3185.8858858858857,2380.0512687687688,3.5032302159040247,3.3765863123101063,True
NGC3521,15.49,206.0,6.25,45.39,159.31,0.0,165.6500172049493,2739.573918657198,1771.460826339574,3.4376830229791007,3.24833155289123,True
NGC3521,17.74,206.0,10.7,42.23,147.38,0.0,153.31091709333683,2392.108229988726,1324.9288218714769,3.378780825242599,3.122192547632243,True
NGC3726,3.5,102.0,7.0,0.0,138.23,0.0,138.23,2972.5714285714284,5459.295114285714,3.4731322991735594,3.7371365716903893,False
NGC3726,5.24,125.0,6.1,0.0,163.99,0.0,163.99,2981.8702290076335,5132.198492366412,3.474488739032386,3.71030344475519,False
NGC3726,6.98,145.0,4.9,8.76,177.95,0.0,178.16548515355043,3012.177650429799,4547.699154727793,3.4788805818467887,3.6577917269560722,False
NGC3726,8.72,164.0,3.9,23.82,182.72,0.0,184.26608695036643,3084.40366972477,3893.8062844036695,3.4891712111628284,3.590374341712205,True
NGC3726,10.47,162.0,4.8,31.14,173.68,0.0,176.4495451963535,2506.590257879656,2973.681184336199,3.3990833474064197,3.473294404903629,True
NGC3726,12.19,160.0,4.8,37.29,166.41,0.0,170.53689395553093,2100.082034454471,2385.7942739950777,3.322236259693468,3.377632991924126,True
NGC3726,13.94,156.0,4.8,46.45,159.41,0.0,166.03960551627435,1745.767575322812,1977.7009038737447,3.2419864229469324,3.2961606120240305,True
NGC3726,16.03,146.0,4.85,53.13,148.01,0.0,157.25697758764156,1329.75670617592,1542.7172177167809,3.1237721892147294,3.188286326555571,True
NGC3726,22.3,158.0,4.9,48.17,124.21,0.0,133.22339509260377,1119.4618834080718,795.8956502242152,3.0490093108606846,2.900856131176696,True
NGC3726,27.52,168.0,10.6,42.67,109.5,0.0,117.52012125589388,1025.5813953488373,501.85243095930235,3.010970133888252,2.7005760322013765,True
NGC3726,30.08,169.0,10.6,40.52,103.96,0.0,111.57756046804393,949.5013297872341,413.88138297872337,2.9774955773077423,2.6168758916062416,True
NGC3726,32.52,167.0,15.2,39.01,99.53,0.0,106.9018287963307,857.5953259532595,351.41454489544896,2.933282405373136,2.5458197327913403,True
NGC3741,0.23,13.1,2.19,2.45,11.6,0.0,11.855905701379376,746.1304347826086,611.141304347826,2.872814755293936,2.7861416367621143,False
NGC3741,0.47,17.3,2.39,4.75,13.88,0.0,14.670272662769428,636.7872340425532,457.9082978723405,2.8039943483218734,2.6607785135594004,False
NGC3741,0.7,23.6,2.21,6.71,13.02,0.0,14.647337642042666,795.657142857143,306.4921428571429,2.9007259659259566,2.486419345550928,True
NGC3741,0.93,26.2,2.21,7.8,11.93,0.0,14.253592529604598,738.1075268817203,218.4568817204301,2.8681196340855557,2.339365730190628,True
NGC3741,1.17,27.4,2.24,8.39,10.78,0.0,13.660179354605853,641.6752136752136,159.48760683760685,2.807315263894614,2.20272694136716,True
NGC3741,1.4,26.9,2.23,8.84,9.72,0.0,13.13864528785217,516.8642857142856,123.30285714285716,2.713376524326578,2.0909731400750546,True
NGC3741,1.64,27.4,2.21,9.23,8.89,0.0,12.815030237966667,457.780487804878,100.13719512195124,2.660657277593078,2.000595422492098,True
NGC3741,1.87,31.0,2.2,9.41,8.25,0.0,12.514415687518136,513.903743315508,83.74898395721925,2.7108817811320463,1.9229795468796322,True
NGC3741,2.1,32.5,2.19,9.55,7.73,0.0,12.28639084515872,502.9761904761905,71.88352380952382,2.7015474272238293,1.8566293585526934,True
NGC3741,2.33,33.0,2.19,10.05,7.3,0.0,12.42145321610962,467.381974248927,66.21995708154508,2.669671958729756,1.8209888949413564,True
NGC3741,2.57,36.5,2.2,10.65,6.92,0.0,12.700744072691176,518.3852140077821,62.766108949416356,2.7146526055816547,1.7977252063283293,True
NGC3741,2.8,38.9,2.21,11.28,6.62,0.0,13.079097828214298,540.4321428571428,61.09385714285714,2.732741171309196,1.7859975450530776,True
NGC3741,3.26,41.5,2.21,12.0,6.11,0.0,13.46596079008104,528.29754601227,55.62334355828221,2.7228785933562465,1.7452570910593879,True
NGC3741,3.73,42.7,2.2,12.41,5.7,0.0,13.656430719628025,488.81769436997325,49.99949061662199,2.6891469182413603,1.6989655798656764,True
NGC3741,4.21,44.7,2.22,13.14,5.36,0.0,14.191166266378533,474.6057007125891,47.835914489311165,2.6763329504282045,1.6797540808776161,True
NGC3741,4.67,46.7,2.24,13.55,5.09,0.0,14.474480992422492,467.00000000000006,44.863083511777305,2.6693168805661123,1.65188912003,True
NGC3741,5.14,48.5,2.27,13.86,4.84,0.0,14.680776546218526,457.636186770428,41.930972762645915,2.6605203582092516,1.6225349377803597,True
NGC3741,5.61,50.0,2.32,13.86,4.63,0.0,14.612888147111782,445.63279857397504,38.06354723707665,2.6489771474158763,1.5805092588249512,True
NGC3741,6.07,50.2,2.4,13.76,4.45,0.0,14.46167694287215,415.16309719934105,34.45471169686985,2.618218743214781,1.5372486202648596,True
NGC3741,6.54,50.1,2.57,13.55,4.29,0.0,14.21290258884511,383.7935779816514,30.88785932721713,2.584097703410224,1.4897878107102536,True
NGC3741,7.0,51.6,3.24,13.34,4.14,0.0,13.967648334633859,380.36571428571426,27.870742857142858,2.5802013632401657,1.4451485444025207,True
NGC3769,1.74,87.5,9.4,11.85,126.23,0.0,126.78499674646051,4400.14367816092,9238.181264367817,3.643466857762027,3.9655864793808018,False
NGC3769,3.5,106.0,7.1,22.09,136.2,0.0,137.9797380052593,3210.285714285714,5439.545171428571,3.5065436861792647,3.735562587603182,False
NGC3769,5.24,116.0,5.3,28.99,123.81,0.0,127.15870477478134,2567.93893129771,3085.751183206107,3.4095846914701102,3.4893609041907956,False
NGC3769,6.98,125.0,5.7,34.81,109.91,0.0,115.2906943339314,2238.538681948424,1904.29,3.3499646033929515,3.2797330868054386,False
NGC3769,8.72,126.0,4.4,36.96,98.62,0.0,105.31830800008136,1820.6422018348624,1272.0121559633028,3.2602246053025588,3.1044912616603186,True
NGC3769,10.47,123.0,4.4,36.75,89.83,0.0,97.0566401643906,1444.9856733524355,899.7126456542501,3.1598635411999534,2.9541038246241995,True
NGC3769,12.31,118.0,4.6,34.7,83.14,0.0,90.09078532236246,1131.1129163281885,659.3297806661251,3.0535059616809344,2.819102692438483,True
NGC3769,14.52,115.0,6.4,34.16,76.18,0.0,83.48831055902377,910.8126721763085,480.0480716253444,2.9594290643431482,2.6812847294511566,True
NGC3769,17.07,122.0,15.2,34.92,70.2,0.0,78.40565285743114,871.9390743995314,360.13159929701226,2.940486140234763,2.5564612296696345,True
NGC3769,31.82,121.0,10.2,33.73,50.64,0.0,60.845069644137965,460.1194217473287,116.34577309868006,2.6628705653223372,2.0657506097691627,True
NGC3769,34.61,118.0,10.4,32.54,48.51,0.0,58.41294120312724,402.31147067321587,98.58629586824617,2.604562415318123,1.9938165493992415,True
NGC3769,37.16,113.0,10.5,31.57,46.75,0.0,56.41123469664531,343.62217438105495,85.6358288482239,2.5360811816452355,1.932655505512682,True
NGC3877,0.87,37.8,9.0,0.0,101.87,0.0,101.87,1642.3448275862065,11928.157356321839,3.215464347055832,4.076573359698082,False
NGC3877,1.74,80.1,9.0,0.0,114.98,0.0,114.98,3687.3620689655168,7597.931264367817,3.5667157838858756,3.880695360337312,False
NGC3877,2.61,121.0,8.5,0.0,122.0,0.0,122.0,5609.578544061303,5702.681992337165,3.7489302332946193,3.7560791540112155,False
NGC3877,3.5,142.0,7.3,8.66,132.74,0.0,133.02219062998475,5761.142857142857,5055.686628571429,3.7605086444158373,3.7037801468210065,False
NGC3877,4.37,153.0,6.2,14.44,143.94,0.0,144.6624941026526,5356.75057208238,4788.841464530891,3.728901424664776,3.680230459882643,False
NGC3877,5.24,160.0,5.3,18.43,159.88,0.0,160.93874393694017,4885.496183206106,4942.9922328244265,3.6889086783281226,3.6939899280322632,False
NGC3877,6.11,162.0,5.3,22.09,181.37,0.0,182.71027612041968,4295.253682487725,5463.673486088379,3.6329888188427075,3.737484737630442,False
NGC3877,6.98,167.0,4.5,25.11,193.57,0.0,195.19184665349113,3995.558739255014,5458.432234957019,3.6015775196720052,3.7370679230202413,True
NGC3877,7.85,169.0,5.3,26.73,197.84,0.0,199.63756785735495,3638.343949044586,5077.09025477707,3.5609037524820946,3.7056148838700853,True
NGC3877,8.72,171.0,4.9,28.23,200.86,0.0,202.8341009297993,3353.3256880733943,4718.0817087155965,3.5254757358517406,3.6737654578164336,True
NGC3877,9.6,171.0,4.9,29.63,201.7,0.0,203.86472696373934,3045.9375,4329.252802083332,3.4837209877447393,3.636412946715026,True
NGC3877,10.47,170.0,5.7,30.28,195.05,0.0,197.38637465640835,2760.2674307545367,3721.239818529131,3.4409511610777055,3.57068765940818,True
NGC3877,11.35,169.0,7.0,30.28,189.75,0.0,192.15082851759968,2516.3876651982378,3253.0344405286346,3.4007775476982056,3.5122886612690536,True
NGC3893,1.74,145.0,6.8,17.89,202.16,0.0,202.95003744764375,12083.333333333334,23671.67683908046,4.08218675618735,4.374229023293076,False
NGC3893,3.5,174.0,6.8,17.67,210.45,0.0,211.19050972995922,8650.285714285714,12743.266114285712,3.9370304522149238,4.105280752459309,False
NGC3893,5.24,194.0,6.4,27.48,211.51,0.0,213.28767076415832,7182.442748091603,8681.6088740458,3.8562721728767255,3.9386002160028015,False
NGC3893,6.98,190.0,5.5,42.57,187.95,0.0,192.71068314963753,5171.919770773638,5320.545472779368,3.713651779282497,3.725956159301473,True
NGC3893,8.81,186.0,5.8,48.28,172.49,0.0,179.1193973303841,3926.9012485811577,3641.7433030646994,3.594049980023785,3.5613093302586076,True
NGC3893,10.9,188.0,7.0,45.48,161.01,0.0,167.31004303388366,3242.5688073394494,2568.133073394495,3.5108892005867363,3.4096175238919697,True
NGC3893,13.12,187.0,8.5,43.32,148.11,0.0,154.31524390027062,2665.32012195122,1815.0300685975615,3.4257493780333563,3.258883824147796,True
NGC3893,15.33,179.0,12.6,43.11,134.96,0.0,141.67806358078164,2090.0848010437053,1309.372061317678,3.320163907105411,3.117063069940939,True
NGC3893,17.3,176.0,11.7,43.21,126.37,0.0,133.5532889898261,1790.5202312138726,1031.0104624277456,3.2529792324995044,3.0132630724140523,True
NGC3893,19.05,167.0,13.5,44.51,119.3,0.0,127.33275344545095,1463.989501312336,851.1091916010498,3.1655379622835285,2.929985280728252,True
NGC3917,0.87,24.3,3.9,0.0,35.64,0.0,35.64,678.7241379310345,1460.0110344827588,2.831693294578006,3.164356138111056,False
NGC3917,1.74,49.6,3.9,0.0,47.54,0.0,47.54,1413.8850574712646,1298.8802298850574,3.1504141046977954,3.113569106501723,False
NGC3917,2.61,73.6,5.2,0.0,60.47,0.0,60.47,2075.463601532567,1401.0041762452108,3.3171151213367165,3.1464394298736025,False
NGC3917,3.5,101.0,4.4,7.38,73.72,0.0,74.08847953629498,2914.5714285714284,1568.3150857142857,3.4645747032150096,3.1954333199811074,False
NGC3917,4.37,107.0,3.5,13.36,85.03,0.0,86.0731694548307,2619.9084668192218,1695.329633867277,3.4182861183999975,3.2292541534247188,False
NGC3917,5.24,115.0,3.5,14.01,96.27,0.0,97.28408400144393,2523.854961832061,1806.1437022900761,3.4020643937234967,3.2567523011429476,False
NGC3917,6.11,123.0,3.9,12.18,104.34,0.0,105.04850308309966,2476.1047463175123,1806.0864157119474,3.3937690126362416,3.2567385261375033,False
NGC3917,6.98,130.0,3.9,18.32,107.5,0.0,109.04986198982556,2421.203438395415,1703.70664756447,3.3840312819905125,3.2313948179473106,True
NGC3917,7.85,134.0,3.5,21.34,109.28,0.0,111.3441242275496,2287.3885350318474,1579.3011464968154,3.3593399399843626,3.198464950648975,True
NGC3917,8.72,136.0,3.9,21.77,108.62,0.0,110.78013043863056,2121.1009174311926,1407.3666628440367,3.3265613318078677,3.1484072594138777,True
NGC3917,9.6,137.0,4.0,27.37,107.75,0.0,111.17184625614527,1955.1041666666667,1287.4145208333334,3.291169901273245,3.1097184032566947,True
NGC3917,10.47,136.0,3.5,29.53,106.05,0.0,110.08461927081366,1766.5711556829035,1157.4616427889205,3.2471311350615926,3.063506607809964,True
NGC3917,11.35,137.0,3.5,32.11,103.37,0.0,108.24236231716306,1653.6563876651983,1032.282731277533,3.218445272783672,3.013798662230056,True
NGC3917,12.19,137.0,3.5,32.87,100.58,0.0,105.81480661986771,1539.704675963905,918.5211894995899,3.1874374286944316,2.9630891795602796,True
NGC3917,13.12,137.0,5.0,30.82,96.92,0.0,101.70230479197608,1430.564024390244,788.365762195122,3.155507299273172,2.896727755114503,True
NGC3917,13.94,138.0,5.0,32.01,93.04,0.0,98.39248802627161,1366.1406025824965,694.4821879483503,3.1354953990404826,2.8416611114488046,True
NGC3917,14.86,137.0,7.5,31.79,88.38,0.0,93.92352474220715,1263.0551816958277,593.6492934051143,3.101422324888257,2.7735299552174246,True
NGC3949,1.74,123.0,5.5,5.18,160.38,0.0,160.46363077034,8694.827586206897,14798.03264367816,3.939260974596196,4.170203981017402,False
NGC3949,2.61,145.0,5.5,14.22,184.96,0.0,185.50582201106252,8055.555555555556,13184.831417624522,3.906095497131669,4.120074581238784,False
NGC3949,3.5,152.0,6.2,24.46,199.67,0.0,201.16262202506704,6601.142857142857,11561.828714285712,3.8196191315392696,4.063026531118359,False
NGC3949,4.37,157.0,6.6,32.44,188.3,0.0,191.07392182084925,5640.503432494279,8354.517986270024,3.7513178678480457,3.9219213983416985,False
NGC3949,5.24,161.0,8.8,37.39,178.75,0.0,182.61865895904504,4946.755725190839,6364.422633587786,3.6943204650799726,3.8037590115371795,False
NGC3949,6.11,165.0,11.2,41.38,166.45,0.0,171.51649162689867,4455.810147299509,4814.714713584288,3.6489266781852585,3.682570558960718,False
NGC3949,7.07,169.0,25.5,46.55,155.24,0.0,162.0689979607451,4039.7454031117395,3715.185304101839,3.6063539954304478,3.569980480153629,False
NGC3953,3.5,181.0,7.5,0.0,204.12,0.0,204.12,9360.285714285714,11904.2784,3.9712891053880934,4.075703074970112,False
NGC3953,5.24,203.0,6.5,0.0,218.93,0.0,218.93,7864.312977099236,9147.012385496184,3.895660788842699,3.9612792671411277,False
NGC3953,6.98,216.0,5.6,0.0,229.11,0.0,229.11,6684.240687679083,7520.256747851003,3.825052079678701,3.8762326680213612,False
NGC3953,8.72,223.0,6.1,9.06,244.28,0.0,244.44795356067107,5702.866972477063,6852.61490825688,3.756093241163754,3.8358563267512626,False
NGC3953,10.47,224.0,5.6,19.18,247.46,0.0,248.20218371319783,4792.3591212989495,5883.889589302769,3.680549354989483,3.7696645146322356,False
NGC3953,12.19,223.0,6.1,28.88,242.84,0.0,244.55126251974247,4079.491386382281,4906.096800656276,3.6106060204779395,3.69073611288303,False
NGC3953,13.94,224.0,6.1,35.56,233.58,0.0,236.27130591758282,3599.426111908178,4004.6004304160692,3.556233262906335,3.602559189703053,True
NGC3953,15.68,215.0,9.7,37.5,218.76,0.0,221.95086753603826,2948.0229591836737,3141.721147959184,3.469530861482791,3.4971676354216856,True
NGC3972,0.87,39.6,4.9,0.0,48.19,0.0,48.19,1802.4827586206898,2669.282873563218,3.255871119232406,3.4263945999837984,False
NGC3972,1.74,73.0,5.2,5.93,61.19,0.0,61.47667037177599,3062.6436781609195,2172.0580459770113,3.4860964719583123,3.33687142713719,False
NGC3972,2.61,89.4,6.6,7.31,74.23,0.0,74.58906756355117,3062.2068965517246,2131.62030651341,3.4860345302535545,3.328709848820101,False
NGC3972,3.5,102.0,5.3,13.47,83.56,0.0,84.6387293146583,2972.5714285714284,2046.7755714285715,3.4731322991735594,3.3110702249616573,False
NGC3972,4.37,110.0,4.4,16.7,88.18,0.0,89.74743673219866,2768.878718535469,1843.1584439359272,3.4423039333460284,3.2655626701997336,False
NGC3972,5.24,116.0,4.4,20.91,99.34,0.0,101.51681486335158,2567.93893129771,1966.729713740458,3.4095846914701102,3.293744679239788,False
NGC3972,6.11,123.0,4.4,24.68,106.44,0.0,109.26379089158493,2476.1047463175123,1953.9404255319146,3.3937690126362416,3.290911318207129,True
NGC3972,6.98,130.0,3.9,28.34,102.6,0.0,106.4420762668598,2421.203438395415,1623.1970773638966,3.3840312819905125,3.2103712520601126,True
NGC3972,7.85,134.0,6.1,30.6,97.1,0.0,101.80751445743088,2287.3885350318474,1320.352866242038,3.3593399399843626,3.120690012555914,True
NGC3972,8.72,134.0,4.9,30.07,92.41,0.0,97.17928277158666,2059.1743119266052,1083.0060779816513,3.313693111797048,3.034630893953562,True
NGC3992,9.19,248.0,7.0,0.0,218.11,0.0,218.11,6692.491838955387,5176.493155603918,3.8255878502663214,3.7140356441202935,False
NGC3992,13.79,264.0,6.6,6.57,246.64,0.0,246.72749036132961,5054.097171863669,4414.391189267585,3.7036435875638123,3.6448708163227943,True
NGC3992,18.35,272.0,5.7,31.53,243.17,0.0,245.20560719526785,4031.8256130790187,3276.609798365122,3.6055017394802893,3.515424725634179,True
NGC3992,22.94,271.0,5.7,46.25,231.91,0.0,236.47687117348283,3201.438535309503,2437.720601569311,3.505345168183563,3.386983927635861,True
NGC3992,27.52,264.0,5.3,52.31,206.95,0.0,213.45875151888245,2532.5581395348836,1655.6918095930232,3.4035594241761884,3.2189795004142354,True
NGC3992,32.11,242.0,7.4,49.34,187.25,0.0,193.64141628277767,1823.8554967299906,1167.7669915914046,3.26099042639436,3.0673561952068327,True
NGC3992,36.7,244.0,5.3,46.74,173.25,0.0,179.44411414142286,1622.234332425068,877.3893760217983,3.2101135884253695,2.943192371392105,True
NGC3992,41.44,241.0,6.2,45.26,161.14,0.0,167.37552748236521,1401.568532818533,676.0272007722007,3.14661433841256,2.8299641706570338,True
NGC3992,46.02,237.0,8.6,44.89,151.17,0.0,157.69426432181987,1220.5345501955671,540.3624728378965,3.086550077687583,2.7326851804585472,True
NGC4010,0.87,39.3,6.6,0.0,32.75,0.0,32.75,1775.2758620689654,1232.8304597701149,3.249265848132235,3.090903356036985,False
NGC4010,1.74,54.6,5.6,11.53,62.91,0.0,63.957868945111045,1713.3103448275865,2350.924712643678,3.2338360371268746,3.3712387212529897,False
NGC4010,2.61,65.5,6.7,13.36,83.12,0.0,84.18683982666175,1643.7739463601533,2715.4881226053644,3.215842092645285,3.4338479075527926,False
NGC4010,3.5,83.9,5.2,15.73,93.77,0.0,95.08020719371618,2011.2028571428575,2582.927371428571,3.303455877307125,3.412112194546814,False
NGC4010,4.37,94.3,6.3,19.72,97.55,0.0,99.52326813363797,2034.8947368421052,2266.5631350114413,3.308541948504235,3.3553678208159288,False
NGC4010,5.24,104.0,5.7,22.31,98.14,0.0,100.64390542899257,2064.12213740458,1933.0526145038168,3.314735391613834,3.286243674968905,False
NGC4010,6.11,115.0,5.1,25.86,98.57,0.0,101.9057628399886,2164.4844517184943,1699.6373977086741,3.335354470464669,3.2303562784540896,False
NGC4010,6.98,127.0,5.1,29.63,99.07,0.0,103.40600466123811,2310.7449856733524,1531.9200286532948,3.3637520192887527,3.1852360942645297,False
NGC4010,7.85,129.0,5.1,33.19,99.28,0.0,104.68091755425151,2119.872611464968,1395.9356050955416,3.3263097638532453,3.1448653846218795,True
NGC4010,8.72,127.0,5.1,36.53,96.65,0.0,103.32310196659797,1849.655963302752,1224.2733256880736,3.2670909569793465,3.087878387242931,True
NGC4010,9.6,124.0,5.1,35.56,93.39,0.0,99.93100469824168,1601.6666666666667,1040.2297604166667,3.204572137284902,3.017129274549225,True
NGC4010,10.47,122.0,3.9,33.73,90.22,0.0,96.31905989989728,1421.5854823304678,886.0899044890162,3.152772979670654,2.9474777885265735,True
NGC4013,5.49,198.0,10.0,0.0,186.83,108.11,215.85462932260685,7140.983606557376,8486.925500910747,3.8537580360729704,3.928750389912558,False
NGC4013,6.17,195.0,5.0,10.14,197.4,102.7,222.74844466348134,6162.8849270664505,8041.63202593193,3.789784058691794,3.9053441965008497,False
NGC4013,6.92,194.0,4.0,19.07,203.18,97.43,226.13797160140976,5438.728323699422,7389.939624277457,3.7354973654036945,3.8686408902283502,False
NGC4013,7.69,195.0,3.0,24.03,205.95,92.74,227.14213831871882,4944.7334200260075,6709.174382314694,3.694142882923605,3.8266690800399457,False
NGC4013,8.36,195.0,3.0,26.62,205.73,88.92,225.69941005682756,4548.444976076556,6093.328193779904,3.65786294528602,3.7848545703629473,False
NGC4013,9.12,195.0,3.0,28.67,202.75,85.21,221.78880832900472,4169.4078947368425,5393.670559210526,3.62007438439662,3.7318844165910434,True
NGC4013,9.88,192.0,7.0,29.74,195.44,81.9,213.98334327699433,3731.1740890688257,4634.501133603238,3.571845512819471,3.6660029927235636,True
NGC4013,10.56,188.0,8.0,29.63,185.44,79.23,203.82179324105653,3346.969696969697,3934.026837121212,3.5246517803295663,3.5948373182609736,True
NGC4013,11.31,186.0,7.0,29.42,175.66,76.58,193.8722992074938,3058.885941644562,3323.295172413793,3.4855632835103774,3.5215689166796764,True
NGC4013,12.08,186.0,6.0,29.85,166.96,74.1,185.08774702826764,2863.907284768212,2835.883617549669,3.4569589541507195,3.45268840377016,True
NGC4013,12.77,186.0,5.0,30.5,160.29,72.07,178.37381814604964,2709.162098668755,2491.559827721221,3.432834991172417,3.396471319978774,True
NGC4013,13.47,185.0,6.0,31.57,154.56,70.18,172.65772760001215,2540.8314773570896,2213.117364513734,3.404975861083042,3.3450044457434074,True
NGC4013,14.17,180.0,10.0,32.44,149.44,68.41,167.52490949109625,2286.5208186309105,1980.564241354975,3.3591751599591517,3.2967889336948666,True
NGC4013,14.98,163.0,8.0,32.98,144.15,66.54,162.15571066108035,1773.6315086782377,1755.305373831776,3.248863395444468,3.244352682416158,True
NGC4013,15.68,162.0,6.0,32.44,140.03,65.04,157.76867908428466,1673.7244897959183,1587.433424744898,3.2236839707368423,3.2006955205012044,True
NGC4013,16.37,164.0,5.0,31.79,136.17,63.66,153.6407127033717,1643.0054978619426,1441.9956383628587,3.2156390166834545,3.1589639467649584,True
NGC4013,17.19,166.0,5.0,30.82,132.07,62.12,149.16853455068866,1603.025014543339,1294.4299999999998,3.2049402993930576,3.1120785696911546,True
NGC4013,17.88,166.0,5.0,29.63,128.95,60.91,145.65736335661165,1541.1633109619688,1186.580956375839,3.1878486616202113,3.074297373997006,True
NGC4013,18.58,166.0,5.0,28.56,126.05,59.75,142.38798615051763,1483.1001076426267,1091.191528525296,3.1711704664224873,3.037900985676591,True
NGC4013,19.39,166.0,5.0,27.91,122.95,58.49,138.98471390768123,1421.1449200618874,996.2223156266117,3.152638367001405,2.998356265809284,True
NGC4013,20.09,168.0,5.0,27.26,120.47,57.46,136.22694337024524,1404.878048780488,923.7322100547536,3.1476386267034764,2.9655460875063184,True
NGC4013,20.79,172.0,5.0,26.4,118.15,56.49,133.59454554733887,1422.991822991823,858.4657335257335,3.1532024044836287,2.933722964566599,True
NGC4013,21.48,173.0,5.0,25.97,116.0,55.57,131.21915180338576,1393.342644320298,801.6045530726255,3.144057929230073,2.9039601753004924,True
NGC4013,22.3,171.0,5.0,26.08,113.61,54.54,128.69347341648682,1311.2556053811659,742.6910358744394,3.117687357736147,2.8708081821036138,True
NGC4013,22.99,170.0,5.0,26.4,111.72,53.72,126.74445471104445,1257.0682905611136,698.7454023488473,3.0993588714872686,2.8443189633043624,True
NGC4013,23.69,172.0,5.0,27.16,109.89,52.92,124.9560086590477,1248.7969607429295,659.0968383284087,3.096491833092333,2.8189492283450446,True
NGC4013,24.39,173.0,5.0,28.88,108.16,52.15,123.50005060727707,1227.1012710127102,625.3490159901598,3.0888804059438604,2.7961224708040624,True
NGC4013,25.2,176.0,5.0,30.17,106.26,51.31,121.79545393814993,1229.2063492063492,588.6560555555556,3.0896247948467557,2.7698616160022884,True
NGC4013,25.9,178.0,5.0,29.96,104.71,50.61,120.09645207082514,1223.3204633204634,556.8786795366796,3.087540240536536,2.745760590960652,True
NGC4013,26.59,180.0,6.0,29.63,103.24,49.95,118.45436674095218,1218.503196690485,527.6960135389244,3.085826672875045,2.722383813327044,True
NGC4013,27.41,180.0,8.0,29.1,101.58,49.19,116.55454731583835,1182.0503465888362,495.6206676395476,3.0726359746671137,2.6951494083873557,True
NGC4013,28.1,180.0,5.0,28.45,100.24,48.59,114.97151038409471,1153.0249110320285,470.40740925266897,3.061838690301532,2.6724741535702243,True
NGC4013,28.8,180.0,5.0,28.02,98.94,47.99,113.47812167990797,1125.0,447.12792013888884,3.0511525224473814,2.650431789491529,True
NGC4013,29.61,178.0,5.0,27.59,97.5,47.33,111.83732382348927,1070.0439040864574,422.4109084768659,3.029401597228489,2.6257351250327092,True
NGC4013,30.31,174.0,5.0,27.59,96.31,46.78,110.56759290135605,998.8782580006599,403.3385879247774,2.9995125601975774,2.6056697735105163,True
NGC4013,31.01,170.0,10.0,26.19,95.16,46.25,108.99726693821272,931.9574330861012,383.1152595936794,2.9693960765192213,2.583329450404765,True
NGC4051,1.74,121.0,14.8,0.0,169.0,0.0,169.0,8414.367816091954,16414.367816091955,3.9250214923503006,4.215224160944747,False
NGC4051,3.5,116.0,7.8,0.0,138.74,0.0,138.74,3844.5714285714284,5499.653600000001,3.5848479341035615,3.7403353359767513,False
NGC4051,5.24,140.0,7.0,9.08,151.11,0.0,151.38255678908322,3740.4580152671756,4373.411927480917,3.5729247843727494,3.640820385052731,False
NGC4051,6.98,160.0,6.6,18.43,181.17,0.0,182.10500761923052,3667.621776504298,4751.036361031519,3.5643845426886887,3.676788354211021,False
NGC4051,8.72,161.0,5.2,29.1,195.63,0.0,197.78247369269096,2972.5917431192656,4485.998497706421,3.473135267131132,3.6518591238082685,False
NGC4051,10.47,154.0,7.4,34.92,181.53,0.0,184.85818158794055,2265.1384909264566,3263.853610315186,3.355094759994084,3.5137306716326644,False
NGC4051,12.19,153.0,9.8,38.79,169.17,0.0,173.56022873919014,1920.3445447087777,2471.136423297785,3.2833791560168155,3.3928967220309585,True
NGC4068,0.21,4.68,3.65,0.92,6.84,0.0,6.901594018775662,104.29714285714284,226.8190476190476,2.018272411414329,2.3556795225687304,False
NGC4068,0.64,13.1,3.44,4.01,16.7,0.0,17.174693592608865,268.14062499999994,460.89078125,2.4283626173276414,2.663598021441302,False
NGC4068,1.06,22.5,2.45,7.7,21.47,0.0,22.809009184968993,477.5943396226415,490.8027358490565,2.6790591709579545,2.690906974920568,False
NGC4068,1.48,30.4,1.71,12.5,23.36,0.0,26.494142748917163,624.4324324324324,474.28351351351347,2.7954854518225503,2.676038028479514,True
NGC4068,1.91,36.0,1.7,17.24,23.95,0.0,29.509661129874058,678.5340314136126,455.92675392670156,2.831571634286847,2.6588950774878217,True
NGC4068,2.33,41.9,4.97,19.86,22.61,0.0,30.09371529073803,753.4806866952789,388.6831330472103,2.877072124906572,2.5895956947772394,True
NGC4085,0.87,42.2,7.3,0.0,94.8,0.0,94.8,2046.9425287356323,10329.931034482757,3.311105649304729,4.014097422057514,False
NGC4085,1.74,79.9,5.9,11.42,129.33,0.0,129.83322109537298,3668.9712643678167,9687.73867816092,3.5645443103453833,3.986222415419536,False
NGC4085,2.71,112.0,6.2,11.32,142.76,0.0,143.20810032955538,4628.782287822878,7567.734317343173,3.6654667544659576,3.878965876758272,False
NGC4085,3.58,127.0,4.9,18.54,148.78,0.0,149.9307173330402,4505.307262569832,6279.111731843575,3.6537244152680395,3.7978982110550663,False
NGC4085,4.45,130.0,4.9,23.17,155.31,0.0,157.0288030903885,3797.7528089887637,5541.133707865169,3.579526693632742,3.743598629836393,True
NGC4085,5.32,133.0,4.5,25.76,149.59,0.0,151.7917840332605,3325.0,4330.967236842105,3.5217916496391233,3.636584898365607,True
NGC4085,6.2,136.0,7.4,25.0,139.16,0.0,141.38778447942383,2983.2258064516127,3224.2750967741936,3.474686127242181,3.5084320889376834,True
NGC4088,1.74,84.9,11.3,0.0,137.12,0.0,137.12,4142.534482758621,10805.68643678161,3.6172661322053057,4.033652360875646,False
NGC4088,3.5,136.0,9.9,0.0,180.27,0.0,180.27,5284.571428571428,9284.935114285716,3.723009772390159,3.9677788731155266,False
NGC4088,5.24,162.0,8.0,16.92,240.94,0.0,241.53337243536348,5008.396946564885,11133.27671755725,3.699698742101535,4.046623003590556,False
NGC4088,6.98,179.0,6.5,31.57,264.14,0.0,266.0199325238618,4590.401146131805,10138.482020057307,3.6618506393366252,4.005972935306659,True
NGC4088,8.72,182.0,6.1,42.24,243.55,0.0,247.18580076533524,3798.6238532110087,7006.974782110093,3.5796262910375822,3.8455305544837084,True
NGC4088,10.47,179.0,7.0,48.71,230.28,0.0,235.3753226232521,3060.2674307545367,5291.4558261700095,3.485759380280944,3.723575174925265,True
NGC4088,12.19,174.0,6.2,53.67,219.07,0.0,225.54851761871547,2483.6751435602955,4173.267744052502,3.3950947909468177,3.6204762486068462,True
NGC4088,13.94,171.0,7.2,54.74,199.15,0.0,206.5361714083032,2097.6327116212337,3060.056678622669,3.321729447022317,3.4857294705943587,True
NGC4088,15.68,168.0,6.1,54.64,184.18,0.0,192.1140338444852,1800.0,2353.8139030612247,3.255272505103306,3.371772123728975,True
NGC4088,17.42,165.0,5.6,53.77,172.93,0.0,181.09665319933444,1562.8587830080367,1882.663478760046,3.1939197377561683,3.2747726979355796,True
NGC4088,19.28,171.0,8.6,52.37,162.7,0.0,170.92076205072337,1516.649377593361,1515.2441338174272,3.1808851912174956,3.180482611338604,True
NGC4088,21.48,174.0,7.6,50.22,152.44,0.0,160.49922741247073,1409.4972067039105,1199.2552141527,3.1490642195376815,3.078911615378771,True
NGC4100,2.61,120.0,10.5,5.71,126.18,0.0,126.30913070716623,5517.241379310345,6112.6423371647525,3.741721984756969,3.7862289851010833,False
NGC4100,3.5,148.0,7.5,9.28,135.14,0.0,135.4582518711946,6258.285714285715,5242.553714285713,3.7964553864396393,3.7195428888652553,False
NGC4100,4.37,168.0,6.2,13.15,152.52,0.0,153.08583507300733,6458.58123569794,5362.762677345539,3.8101371264813038,3.729388578204947,False
NGC4100,5.24,182.0,6.1,16.38,177.98,0.0,178.7321593894059,6321.374045801526,6096.409312977098,3.800811488986423,3.785074117845932,False
NGC4100,6.11,190.0,5.2,19.18,196.88,0.0,197.8120491780013,5908.346972176759,6404.190965630114,3.7714659916631037,3.8064642736037366,True
NGC4100,6.98,194.0,5.7,21.66,207.03,0.0,208.15997814181284,5391.977077363897,6207.818982808022,3.731748037237291,3.7929390446042266,True
NGC4100,7.85,195.0,6.1,23.38,198.89,0.0,200.25947293449065,4843.949044585987,5108.77152866242,3.6851995659797834,3.7083164808658875,True
NGC4100,8.72,193.0,4.8,24.46,191.25,0.0,192.80781649092964,4271.674311926605,4263.171341743118,3.63059813308298,3.6297327877909673,True
NGC4100,9.6,192.0,3.9,25.0,180.26,0.0,181.98534995982507,3840.0,3449.8612083333337,3.584331224367531,3.537801623285609,True
NGC4100,10.47,192.0,3.5,25.65,169.65,0.0,171.5781017496114,3520.916905444126,2811.7521489971346,3.546655775728257,3.4489770357407834,True
NGC4100,11.35,191.0,4.4,26.73,162.03,0.0,164.22001644135833,3214.185022026432,2376.054079295154,3.5070708729663136,3.3758563210196746,True
NGC4100,12.19,189.0,4.8,28.34,157.28,0.0,159.81287182201564,2930.352748154225,2095.1726004922066,3.4669199027281064,3.3212198059914178,True
NGC4100,13.12,185.0,5.3,30.6,152.13,0.0,155.1769857291989,2608.612804878049,1835.3579954268293,3.416409621766386,3.263720788083648,True
NGC4100,13.94,182.0,4.5,32.54,146.63,0.0,150.1972319984626,2376.1836441893834,1618.3076398852224,3.375880002208159,3.2090610843989347,True
NGC4100,14.86,179.0,6.6,34.38,141.01,0.0,145.1406369698025,2156.191117092867,1417.618068640646,3.33368725253523,3.151559239997913,True
NGC4100,15.68,176.0,6.2,36.42,136.34,0.0,141.12055838891797,1975.5102040816328,1270.0900510204083,3.29567927727988,3.1038345140857153,True
NGC4100,16.61,174.0,6.6,38.36,131.69,0.0,137.16320825935796,1822.7573750752558,1132.6758398555087,3.260728864113805,3.05410563704335,True
NGC4100,17.42,178.0,8.7,38.9,128.17,0.0,133.94311815095242,1818.828932261768,1029.8943111366243,3.2597918539461435,3.012792659224356,True
NGC4100,18.35,177.0,6.2,37.93,124.63,0.0,130.27402580714238,1707.3024523160761,924.867673024523,3.232310464135505,2.9660795997808838,True
NGC4100,19.16,169.0,5.9,36.96,121.38,0.0,126.88241012843348,1490.6576200417537,840.2477035490605,3.1733779044848216,2.924407334188425,True
NGC4100,20.09,158.0,6.3,36.1,117.8,0.0,123.20734556023841,1242.6082628173222,755.6022896963664,3.094334237160596,2.8782932652913398,True
NGC4100,21.02,158.0,7.6,34.92,114.69,0.0,119.88829175528359,1187.6308277830638,683.7869885823026,3.074681462216622,2.8349208325812687,True
NGC4100,21.95,158.0,8.9,33.73,111.9,0.0,116.87310597395793,1137.3120728929384,622.2926150341686,3.055879649330705,2.793994647089339,True
NGC4100,22.76,159.0,9.0,32.65,109.45,0.0,114.21613283595273,1110.7644991212653,573.1689367311071,3.0456219909178692,2.758282645486944,True
NGC4138,2.61,179.0,14.7,8.52,197.55,118.24,230.38943226632597,12276.24521072797,20336.892911877396,4.089065554621506,4.308284601767563,False
NGC4138,5.24,195.0,6.8,19.72,177.52,83.47,197.1534166581954,7256.679389312977,7417.837729007633,3.860737935741309,3.870277328565605,True
NGC4138,7.85,181.0,9.8,23.38,148.4,68.2,164.98613396282732,4173.375796178344,3467.569987261147,3.6204874929931163,3.54002523536164,True
NGC4138,10.65,162.0,20.4,20.04,126.45,58.55,140.78105909532007,2464.225352112676,1860.9677558685448,3.391680421310505,3.2697388483754315,True
NGC4138,13.47,145.0,9.6,20.8,110.59,52.06,123.98803047068697,1560.8760207869339,1141.2792650334075,3.1933684087469643,3.0573919269976173,True
NGC4138,16.03,147.0,17.9,22.85,100.09,47.73,113.21785857363669,1348.0349344978165,799.6433873986275,3.129701147142207,2.9028963502242253,True
NGC4138,18.58,150.0,21.0,23.38,92.33,44.33,105.05523404381145,1210.9795479009688,594.0044241119484,3.0831368084537396,2.7737896795944113,True
NGC4157,1.74,96.4,12.1,5.73,129.95,70.64,148.01974530446944,5340.781609195403,12591.864942528737,3.7276048195230618,4.100090056896416,False
NGC4157,3.5,157.0,10.5,16.49,217.21,49.8,223.45501605468607,7042.571428571428,14266.326914285717,3.847731260468192,4.154312171699498,False
NGC4157,5.24,192.0,8.4,21.44,237.63,40.7,242.04169165662347,7035.114503816793,11180.18711832061,3.8472711704233724,4.048449072224291,False
NGC4157,6.98,201.0,6.9,24.35,246.25,35.27,249.95191117492982,5788.108882521489,8950.710300859599,3.7625366922178167,3.9518575009587598,True
NGC4157,8.72,201.0,7.3,30.5,251.02,31.55,254.82678999665637,4633.142201834862,7446.868451834862,3.6658756299084105,3.8719736821437825,True
NGC4157,10.47,194.0,6.4,41.92,230.73,28.8,236.26904007931296,3594.6513849092644,5331.7153104106965,3.5556567781816097,3.726866951991162,True
NGC4157,12.19,190.0,6.0,51.62,208.57,26.69,216.51426142404569,2961.4438063986877,3845.6460541427396,3.471503496287276,3.584969310114011,True
NGC4157,13.94,186.0,6.4,50.11,192.8,24.96,200.76317814778687,2481.7790530846487,2891.38118364419,3.394763114673842,3.461105350418653,True
NGC4157,15.68,184.0,6.4,48.39,179.28,23.53,187.18058499748312,2159.183673469388,2234.475216836735,3.3342895876706535,3.3491755421466403,True
NGC4157,17.42,182.0,7.3,52.05,169.24,22.32,178.4644572456936,1901.4925373134326,1828.3330941446613,3.279094625298505,3.2620553203752096,True
NGC4157,19.16,181.0,6.6,50.54,160.07,21.29,169.2039024372665,1709.8643006263048,1494.2568162839248,3.2329616449958434,3.1744252456117885,True
NGC4157,20.9,183.0,6.5,48.06,151.49,20.38,160.23210695737606,1602.3444976076555,1228.4367511961727,3.204755893349805,3.0893528007724544,True
NGC4157,22.65,185.0,6.5,52.27,145.0,19.58,155.37222821341015,1511.037527593819,1065.807033112583,3.179275250457177,3.027678581763316,True
NGC4157,24.39,186.0,9.1,50.33,138.91,18.87,148.94688281397498,1418.450184501845,909.601225912259,3.151814088122102,2.958851036999127,True
NGC4157,26.13,186.0,11.4,47.42,133.62,18.23,142.9520678409375,1323.9954075774972,782.0625220053579,3.121886478708507,2.893241474129571,True
NGC4157,27.87,184.0,13.6,44.83,128.95,17.65,137.6566522184816,1214.782920703265,679.9194079655541,3.0844986773057688,2.8324574380737233,True
NGC4157,29.61,185.0,13.6,43.0,124.77,17.12,133.0775987910813,1155.8595069233368,598.0968355285377,3.0629050494167283,2.776771504608847,True
NGC4183,0.87,47.1,8.2,2.5,39.16,0.0,39.23971967280092,2549.896551724138,1769.8340229885055,3.4065225616391737,3.2479325396498764,False
NGC4183,1.74,65.9,6.6,5.78,48.78,0.0,49.12124591253768,2495.8678160919544,1386.7222988505748,3.3972215809054203,3.1419894991757173,False
NGC4183,2.61,76.1,5.6,11.64,56.83,0.0,58.009813824903794,2218.8544061302678,1289.3250957854405,3.3461288062028647,3.110362435975927,False
NGC4183,3.5,85.7,5.6,13.9,59.49,0.0,61.092308026461076,2098.4257142857145,1066.3628857142858,3.321893599496121,3.0279050212426544,False
NGC4183,4.37,96.6,5.2,17.89,65.42,0.0,67.8220355046942,2135.368421052631,1052.5923340961099,3.329472815860565,3.0222602027780843,False
NGC4183,5.24,99.3,5.2,23.49,68.37,0.0,72.29271747555214,1881.7729007633586,997.3734732824429,3.2745672100070355,2.998857813290547,False
NGC4183,6.11,103.0,5.2,25.97,71.96,0.0,76.5028267451602,1736.3338788870703,957.8858428805236,3.23963323916779,2.9813137546305417,False
NGC4183,6.98,107.0,5.2,27.48,75.74,0.0,80.57107421401305,1640.2578796561604,930.0426934097419,3.214912132747258,2.9685028852062856,True
NGC4183,7.85,111.0,5.2,31.47,78.27,0.0,84.3596692738894,1569.5541401273886,906.5673630573248,3.1957763008280624,2.957400080154785,True
NGC4183,8.72,114.0,6.1,35.45,80.37,0.0,87.84098929315404,1490.366972477064,884.8669036697248,3.173293217740378,2.946877951659666,True
NGC4183,9.6,115.0,6.1,36.42,78.73,0.0,86.74577396046449,1377.6041666666667,783.8363854166668,3.139124447667655,2.8942254194111743,True
NGC4183,10.47,111.0,5.6,37.82,74.74,0.0,83.76407344440693,1176.7908309455586,670.1451766953198,3.0706992758944724,2.8261688961453597,True
NGC4183,11.35,110.0,5.6,41.81,70.87,0.0,82.28385625382418,1066.079295154185,596.5315418502204,3.0277895087873086,2.7756334121125428,True
NGC4183,12.31,111.0,5.2,40.2,67.15,0.0,78.263417380025,1000.8935824532899,497.57615759545087,3.0003879046419986,2.696859562050912,True
NGC4183,13.12,109.0,4.8,38.58,64.51,0.0,75.16619253361182,905.564024390244,430.6369283536587,2.956919160841606,2.6341112690837463,True
NGC4183,14.05,108.0,4.4,38.15,61.97,0.0,72.77158373980876,830.1779359430604,376.91839145907466,2.9191711867328007,2.576247329050347,True
NGC4183,14.98,109.0,5.2,39.01,59.84,0.0,71.43252550484269,793.1241655540721,340.6278838451268,2.8993411825177997,2.5322801964874286,True
NGC4183,16.03,111.0,5.3,38.26,57.82,0.0,69.33238781406565,768.6213349968808,299.87398627573293,2.88571243521917,2.476938792845501,True
NGC4183,16.95,110.0,4.9,36.53,56.23,0.0,67.05411098508428,713.8643067846608,265.26571091445425,2.853615667777349,2.4236811153307434,True
NGC4183,17.88,109.0,4.9,37.39,54.53,0.0,66.11756952580758,664.4854586129754,244.49289709172263,2.8224854814213485,2.388266246696128,True
NGC4183,18.93,110.0,5.3,36.86,52.76,0.0,64.36052516877095,639.1970417326994,218.8207712625462,2.8056347563526534,2.34008854442806,True
NGC4183,19.97,112.0,10.2,35.67,51.32,0.0,62.498730387104665,628.14221331998,195.5979619429144,2.7980579804696606,2.2913643252902465,True
NGC4183,21.02,113.0,11.5,35.35,49.87,0.0,61.12805738774953,607.4690770694576,177.76590865842056,2.783524175274616,2.249848477100283,True
NGC4214,0.21,55.5,7.21,5.41,32.3,0.0,32.74993282435858,14667.857142857143,5107.419523809523,4.166366671511433,3.7082015323009023,False
NGC4214,0.63,63.2,5.22,13.09,52.43,0.0,54.039365281246596,6340.063492063492,4635.322222222222,3.802093607111188,3.666079929304472,False
NGC4214,1.04,66.6,7.97,16.91,57.12,0.0,59.570483462869426,4264.961538461538,3412.15625,3.6299151190418217,3.533028910232613,False
NGC4214,1.46,70.5,4.62,16.91,56.92,0.0,59.378737777086506,3404.280821917808,2414.9551369863016,3.53202537819836,3.3829090672033626,True
NGC4214,1.88,76.1,4.69,16.7,53.72,0.0,56.25591879971387,3080.4308510638293,1683.366170212766,3.488611464277466,3.226178595123622,True
NGC4214,2.3,78.8,4.52,15.77,48.94,0.0,51.41805616707034,2699.7565217391307,1149.4854347826088,3.4313245989615178,3.060503472661743,True
NGC4214,2.71,80.1,6.65,14.85,45.52,0.0,47.88102860215098,2367.5313653136527,845.9752398523985,3.3742957412940697,2.9273576522200684,True
NGC4214,3.14,80.1,6.28,13.92,42.09,0.0,44.33209334105486,2043.3152866242035,625.9027070063695,3.3103353840952603,2.7965068298651454,True
NGC4214,3.55,80.1,5.09,13.09,39.26,0.0,41.38472785944109,1807.3267605633803,482.44949295774643,3.2570366791133813,2.68345185430597,True
NGC4214,3.96,80.4,5.4,12.99,36.87,0.0,39.09139291455345,1632.3636363636365,385.89318181818174,3.21281691157139,2.586467105275467,True
NGC4214,4.38,80.1,7.58,12.99,34.8,0.0,37.145391369589845,1464.8424657534244,315.0182876712328,3.165790921664376,2.498335766501234,True
NGC4214,4.8,80.4,8.9,13.09,33.03,0.0,35.52926962379047,1346.7000000000003,262.98520833333333,3.1292708601213155,2.41993132217848,True
NGC4214,5.22,80.6,9.37,13.09,31.53,0.0,34.139258925758774,1244.5134099616857,223.27375478927206,3.094999580607919,2.3488376759595715,True
NGC4214,5.63,80.6,9.37,13.92,30.23,0.0,33.28091495136515,1153.8827708703373,196.7352220248668,3.062161688758835,2.293882119765053,True
NGC4217,0.87,47.8,8.2,3.06,22.47,153.43,155.09683878145293,2626.252873563218,27649.459080459776,3.4193365406056193,4.441686639413977,False
NGC4217,1.74,98.9,8.2,12.07,39.91,217.64,221.59797517125466,5621.385057471265,28221.64517241379,3.749843334911759,4.450582327223971,False
NGC4217,2.61,146.0,7.7,14.22,54.38,259.32,265.3417705526214,8167.049808429119,26975.576704980846,3.9120652042305935,4.430970738141365,False
NGC4217,3.5,164.0,6.4,13.58,67.47,273.94,282.45307734206045,7684.571428571428,22794.211685714283,3.8856196517451203,4.357824577171264,False
NGC4217,4.37,174.0,5.95,15.41,76.15,256.31,267.8266355312705,6928.1464530892445,16414.440892448514,3.8406170595947775,4.215226094408656,False
NGC4217,5.24,175.0,6.0,20.15,86.2,236.55,252.57150472687928,5844.465648854962,12174.115458015267,3.7667448103888623,4.085437416239164,False
NGC4217,6.11,184.0,6.4,23.71,98.08,219.32,241.4189572092465,5541.080196399345,9538.97101472995,3.7435944357765187,3.97950152913524,False
NGC4217,6.98,185.0,6.4,21.44,106.18,205.28,232.1071829995789,4903.295128939828,7718.301489971347,3.6904880341828665,3.8875217388471417,False
NGC4217,7.85,188.0,6.65,24.46,114.52,193.65,226.30387645818178,4502.420382165606,6524.005668789809,3.6534460417821073,3.8145143297322885,True
NGC4217,8.72,190.0,7.35,27.91,106.83,183.73,214.35561550843494,4139.9082568807335,5269.303887614678,3.6169907169730906,3.721753245623171,True
NGC4217,9.6,191.0,6.4,30.71,97.81,175.09,202.895067214558,3800.104166666667,4288.16753125,3.579795501455887,3.6322717441465002,True
NGC4217,10.47,191.0,5.55,32.87,91.79,167.63,193.92178294353627,3484.336198662846,3591.753381088825,3.5421200528166126,3.5553065092566167,True
NGC4217,11.35,189.0,5.95,33.95,87.56,161.03,186.4135644206183,3147.2246696035245,3061.6755066079295,3.497927746817347,3.4859591598575492,True
NGC4217,12.19,186.0,6.85,32.87,84.33,155.43,179.86236599133238,2838.0639868744875,2653.8532157506156,3.4530221828174508,3.423876898425764,True
NGC4217,13.12,183.0,6.4,32.44,81.01,149.82,173.38110075783922,2552.515243902439,2291.2352210365852,3.4069683444212173,3.360069676685839,True
NGC4217,13.94,179.0,6.85,31.36,78.12,145.35,167.96668270820854,2298.493543758967,2023.8742109038737,3.361443288197796,3.3061835164642144,True
NGC4217,14.86,177.0,7.25,30.5,75.23,140.78,162.50788073198174,2108.277254374159,1777.174380888291,3.323927723299057,3.249730043979681,True
NGC4217,15.79,177.0,8.55,31.36,72.41,136.57,157.72768495099393,1984.10386320456,1575.555579480684,3.2975644027153193,3.197433728002572,True
NGC4217,16.72,178.0,12.0,33.41,69.87,132.72,153.66406020927602,1894.976076555024,1412.2394377990431,3.2776037315147906,3.1499083353129524,True
NGC4559,0.67,43.8,10.9,-1.86,59.04,0.0,59.06929151428854,2863.343283582089,5207.733134328358,3.4568734183073726,3.7166487210942933,False
NGC4559,1.32,64.2,7.71,-3.8,76.34,0.0,76.4345183801141,3122.4545454545455,4425.93606060606,3.4944961249318567,3.6460051355906646,False
NGC4559,1.97,73.3,8.62,-4.48,88.63,0.0,88.74315353873784,2727.3553299492382,3997.638223350253,3.435741723120663,3.6018034889537254,False
NGC4559,2.62,84.2,8.4,7.23,96.45,0.0,96.72060483681851,2705.969465648855,3570.5631297709924,3.4323228916795534,3.552736716074507,False
NGC4559,3.28,96.2,5.67,12.91,105.73,0.0,106.51526181726261,2821.475609756098,3458.994207317074,3.4504763003639467,3.5389498347138884,False
NGC4559,3.93,102.0,4.79,15.03,114.11,0.0,115.09558201772994,2647.328244274809,3370.7361323155214,3.4228077931484084,3.5277247564472214,False
NGC4559,4.58,104.0,5.67,16.47,116.44,0.0,117.59904123758832,2361.5720524017465,3019.5490174672486,3.3732012005936913,3.4799420840661286,False
NGC4559,5.22,106.0,5.37,19.07,115.33,0.0,116.8959956542567,2152.4904214559388,2617.753601532567,3.3329412275272783,3.417928765770588,False
NGC4559,5.9,106.0,5.24,21.96,114.16,0.0,116.25294490893552,1904.4067796610168,2290.6351186440675,3.279759718887396,3.3599559147764806,True
NGC4559,6.54,108.0,5.22,24.08,111.48,0.0,114.05102717643538,1783.48623853211,1988.935290519878,3.251269762649632,3.2986206536989453,True
NGC4559,7.19,111.0,4.68,26.59,108.69,0.0,111.89523761090102,1713.6300417246175,1741.3830598052848,3.2339170671904323,3.2408943153222554,True
NGC4559,7.87,114.0,4.61,28.42,108.61,0.0,112.26677380240336,1651.3341804320203,1601.502986022872,3.2178349703138807,3.204527752748231,True
NGC4559,8.51,116.0,4.47,29.67,108.62,0.0,112.59934857715652,1581.198589894242,1489.8488014101058,3.198986418369249,3.173142195898737,True
NGC4559,9.16,117.0,5.22,30.73,106.75,0.0,111.08508180669446,1494.4323144104803,1347.1501528384279,3.174476249824473,3.1294160047169464,True
NGC4559,9.84,118.0,5.22,33.62,102.47,0.0,107.84435682964593,1415.040650406504,1181.951758130081,3.150768916180909,3.0725997509906997,True
NGC4559,10.48,120.0,4.5,36.6,98.04,0.0,104.6489445718398,1374.0458015267175,1044.98106870229,3.1380012094475416,3.0191084226646763,True
NGC4559,11.13,121.0,3.62,38.63,94.48,0.0,102.07226508704507,1315.4537286612758,936.0958939802337,3.119075576298192,2.9713203402907373,True
NGC4559,11.78,122.0,3.17,39.4,91.23,0.0,99.37440767119068,1263.497453310696,838.3083955857387,3.1015743708984136,2.9234038156019952,True
NGC4559,12.43,122.0,2.74,39.69,88.36,0.0,96.86478049322159,1197.4255832662914,754.8500160901046,3.078248532707852,2.877860668642187,True
NGC4559,13.08,122.0,3.18,40.46,85.84,0.0,94.89740354719933,1137.920489296636,688.4951987767585,3.056111917361248,2.8379009160496884,True
NGC4559,13.73,123.0,3.56,42.0,83.43,0.0,93.40537939540742,1101.8936635105608,635.4380844865259,3.0421396856420406,2.803073240372592,True
NGC4559,14.38,124.0,4.31,43.44,80.87,0.0,91.79864105747971,1069.2628650904032,586.0215924895688,3.029084484277606,2.7679136182814132,True
NGC4559,15.03,124.0,4.76,44.21,78.55,0.0,90.1367106122694,1023.0206254158351,540.5606520292748,3.0098843897375622,2.732844429767269,True
NGC4559,15.68,123.0,5.23,45.27,76.81,0.0,89.15800020188878,964.8596938775511,506.9610331632653,2.9844641645303764,2.7049745791902615,True
NGC4559,16.33,123.0,5.66,46.72,75.17,0.0,88.50586025795128,926.4543784445806,479.6869136558482,2.9668240381421276,2.6809578706348023,True
NGC4559,16.98,123.0,5.62,48.07,73.49,0.0,87.81517522615324,890.9893992932862,454.1522379269729,2.949872536970862,2.657201458603539,True
NGC4559,17.72,121.0,5.67,49.41,71.61,0.0,87.00195515044474,826.2415349887134,427.1636681715575,2.917107023081868,2.630594307261114,True
NGC4559,18.28,122.0,6.32,50.57,70.3,0.0,86.59916223613251,814.2231947483588,410.25245623632384,2.910743469951684,2.6130511899120616,True
NGC4559,19.02,122.0,6.35,51.53,68.7,0.0,85.8780000931554,782.5446898002103,387.75136172450055,2.8935091487481013,2.5885533316652634,True
NGC4559,19.67,121.0,5.86,52.02,67.38,0.0,85.12429030541165,744.3314692425012,368.38560244026434,2.8717663807135634,2.5663026483898146,True
NGC4559,20.32,120.0,5.94,52.11,66.16,0.0,84.21756170775784,708.6614173228346,349.0451624015748,2.850438788483368,2.542881623271044,True
NGC4559,20.97,119.0,6.13,51.82,65.01,0.0,83.1361082803375,675.2980448259418,329.59525512637106,2.8294954923197175,2.5179809509399234,True
NGC5005,0.49,211.0,40.1,64.37,73.17,233.76,253.26089986415195,90859.1836734694,130900.17020408163,4.958368830566871,5.116940211246289,False
NGC5005,0.98,233.0,17.4,75.6,130.38,272.92,311.76855325705964,55396.93877551021,99183.2967346939,4.7434857663595436,4.996438539626504,False
NGC5005,1.47,227.0,14.4,68.11,176.13,246.78,310.74284770530113,35053.74149659864,65687.83496598639,4.5447343796380695,4.817484948002325,False
NGC5005,1.97,234.0,10.8,61.94,213.49,213.16,307.98007938826174,27794.92385786802,48148.0859390863,4.443965488658693,4.682579027024094,False
NGC5005,2.46,245.0,7.67,60.52,244.17,190.74,315.6951170037319,24400.406504065042,40513.580040650406,4.387397061625686,4.607600621934557,False
NGC5005,2.95,244.0,23.3,69.43,261.9,174.18,322.10372133832914,20181.694915254237,35169.76518644067,4.304957636699296,4.546169468727135,False
NGC5005,3.44,261.0,23.3,75.4,273.58,161.3,326.41823846102716,19802.616279069767,30973.507674418604,4.296722572105032,4.490990390935813,False
NGC5005,3.93,259.0,22.7,73.37,276.37,150.91,323.32238075951375,17068.956743002545,26599.837633587787,4.232206977787077,4.42487898568926,False
NGC5005,4.42,258.0,22.7,68.82,276.54,142.3,318.52763459392344,15059.72850678733,22954.718099547517,4.177817142577369,4.360871963686108,False
NGC5005,4.92,258.0,22.5,65.78,278.71,134.88,316.54207761370367,13529.268292682927,20365.627418699183,4.1312743091591,4.308897794254157,False
NGC5005,5.74,261.0,22.4,61.84,282.13,124.87,314.6649637312677,11867.770034843204,17249.832648083622,4.074369122278588,4.23678488605472,False
NGC5005,6.56,263.0,22.4,59.41,284.24,116.81,312.9960092397346,10544.05487804878,14933.917957317077,4.023007657603856,4.17417376110886,False
NGC5005,7.37,264.0,22.3,58.09,281.24,110.2,307.59458008879153,9456.716417910447,12837.778249660785,3.9757403658806107,4.108489869729594,False
NGC5005,8.19,265.0,22.2,58.09,279.02,104.54,303.57078268502715,8574.481074481075,11252.163626373625,3.933207846113197,4.0512360389494795,False
NGC5005,9.01,265.0,22.2,58.19,277.3,99.67,300.3589103056542,7794.117647058823,10012.81631520533,3.8917669568945525,4.0005562491200894,False
NGC5005,9.83,264.0,22.0,57.28,272.35,95.42,294.2116539160201,7090.132248219736,8805.747436419126,3.8506543359075267,3.944766225009211,False
NGC5005,10.65,264.0,21.9,55.06,264.11,91.67,284.93698355952324,6544.225352112676,7623.388225352114,3.8158582459649057,3.8821480370250434,False
NGC5005,11.47,265.0,22.0,51.82,254.75,88.34,274.56662306260023,6122.493461203138,6572.522275501307,3.786928329972348,3.817732066685727,False
NGC5033,0.76,206.0,16.0,2.44,95.41,277.3,293.26491726764726,55836.84210526316,113163.5680263158,4.746920848457515,5.053706632225313,False
NGC5033,2.28,214.0,10.0,5.15,214.07,218.08,305.63274333748996,20085.964912280702,40969.900789473686,4.302892699697928,4.612464912290065,False
NGC5033,3.8,222.0,8.0,8.48,237.47,168.95,291.5613379719609,12969.473684210527,22370.52994736842,4.112922352284467,4.349676272451197,False
NGC5033,5.33,224.0,8.0,16.65,222.81,142.66,265.0912940856414,9413.88367729831,13184.5017260788,3.973768827641753,4.120063721410189,False
NGC5033,6.85,225.0,8.0,22.4,206.17,125.84,242.5768630764278,7390.51094890511,8590.29700729927,3.8686744647302995,3.9340081797103177,False
NGC5033,8.0,222.0,6.0,24.58,191.74,116.44,225.66939890024966,6160.5,6365.8347,3.7896159619093335,3.803855357217766,False
NGC5033,10.28,220.0,3.0,28.49,177.55,102.72,207.09196266393346,4708.171206225681,4171.895038910507,3.6728522469851557,3.6203333734372825,False
NGC5033,12.56,218.0,2.0,30.21,168.02,92.93,194.36910608427462,3783.7579617834394,3007.9099840764334,3.5779233478080323,3.4782648352427943,False
NGC5033,14.91,219.0,2.0,36.41,156.39,85.29,181.81832773403235,3216.7002012072435,2217.163266264252,3.507410586227242,3.345797674633174,True
NGC5033,17.15,217.0,2.0,41.69,147.04,79.53,172.28998403853893,2745.714285714286,1730.8360699708455,3.4386553433182696,3.2382559371541846,True
NGC5033,19.39,218.0,2.0,45.72,140.32,74.79,165.44958416387755,2450.954100051573,1411.7361990716863,3.389335178130504,3.149753550829807,True
NGC5033,21.64,220.0,2.0,51.92,136.88,70.8,162.6175291904289,2236.5988909426987,1222.0175970425137,3.3495881052098806,3.087077459788235,True
NGC5033,24.01,222.0,2.0,56.74,130.88,67.21,157.69015853882573,2052.6447313619324,1035.6595626822154,3.31231378884425,3.0152170195538237,True
NGC5033,26.25,218.0,3.0,58.35,124.11,64.28,151.45934437993586,1810.4380952380952,873.9022095238097,3.257783679467234,2.9414628373937712,True
NGC5033,28.5,217.0,3.0,56.74,118.34,61.69,145.01530712307581,1652.2456140350878,737.8750631578948,3.218074607688549,2.8679828334023822,True
NGC5033,30.87,207.0,3.0,53.3,113.45,59.28,138.6575309891244,1388.0466472303206,622.8024263038549,3.14240406143174,2.794350295816961,True
NGC5033,33.12,199.0,3.0,51.34,109.2,57.23,133.5503968545208,1195.6823671497586,538.5177687198068,3.077615824706571,2.7312000376797756,True
NGC5033,35.36,191.0,3.0,48.7,105.32,55.39,128.57699833173893,1031.7024886877828,467.5351951357466,3.0135544781544197,2.6698143092789444,True
NGC5033,37.73,193.0,3.0,46.75,101.61,53.62,124.0373290586346,987.251523986218,407.77256824807847,2.994427812814552,2.610418006485766,True
NGC5033,39.98,192.0,3.0,45.26,98.44,52.09,120.21759147479207,922.0610305152577,361.4874762381191,2.964759667625001,2.558093255724896,True
NGC5033,42.22,194.0,4.0,43.99,95.58,50.69,116.79097824746567,891.4258645191852,323.0727759355755,2.9500852308888144,2.5093003632819886,True
NGC5033,44.59,196.0,5.0,42.84,92.77,49.32,113.46365453307064,861.5384615384614,288.71946400538235,2.935274670363345,2.4604760628041493,True
NGC5055,0.72,125.0,17.6,2.2,201.48,0.0,201.4920107597321,21701.38888888889,56387.54222222222,4.336487529584844,4.751183165299671,False
NGC5055,1.43,162.0,8.5,3.72,240.13,0.0,240.15881266362055,18352.447552447553,40333.04566433567,4.2636939916202,4.605661018071899,False
NGC5055,2.16,178.0,5.22,4.09,263.27,0.0,263.30176793937403,14668.518518518518,32096.213425925915,4.166386253466857,4.506453799220239,False
NGC5055,2.87,193.0,1.88,5.34,280.74,0.0,280.7907818999762,12978.745644599303,27471.589965156792,4.113232721281555,4.43888379568235,False
NGC5055,3.59,192.0,3.59,6.03,273.32,0.0,273.3865089941345,10268.523676880222,20818.99256267409,4.0115080088287804,4.318459710042082,False
NGC5055,4.3,190.0,0.97,5.11,272.18,0.0,272.22796421381844,8395.348837209303,17234.433604651163,3.9240387463260715,4.236397015250985,False
NGC5055,5.03,195.0,0.99,8.42,273.73,0.0,273.85946998415085,7559.642147117296,14910.33982107356,3.878501237669109,4.173487541557307,False
NGC5055,5.75,201.0,0.45,14.42,276.2,0.0,276.5761674475948,7026.260869565217,13303.369808695652,3.846724270151347,4.123961663820577,False
NGC5055,6.46,204.0,0.81,19.11,279.72,0.0,280.372021607007,6442.105263157895,12168.493885448917,3.8090278168567133,4.08523682821229,False
NGC5055,7.18,204.0,0.65,22.51,275.62,0.0,276.53767284042874,5796.100278551532,10650.847423398329,3.7631358906094974,4.027384163330093,False
NGC5055,7.91,206.0,0.66,25.8,271.43,0.0,272.65341534629636,5364.8546144121365,9398.215537294564,3.72955795724063,3.9730454008469973,False
NGC5055,8.62,206.0,1.54,28.49,267.09,0.0,268.6051901955731,4922.9698375870075,8369.92438515081,3.692227174913594,3.9227215345452207,True
NGC5055,11.49,206.0,1.9,33.07,245.58,0.0,247.79661276942429,3693.2985204525676,5344.052332463012,3.5674144120500215,3.727870702384523,True
NGC5055,14.3,206.0,0.42,45.73,225.03,0.0,229.62955776641647,2967.5524475524476,3687.393972027972,3.472398403273245,3.566719541386165,True
NGC5055,17.19,203.0,4.19,47.26,208.52,0.0,213.808554552899,2397.265852239674,2659.3425247236764,3.3797161991393736,3.424774278293219,True
NGC5055,20.07,200.0,1.23,44.56,190.41,0.0,195.55449803060014,1993.0244145490783,1905.4091529646237,3.2995126188404766,3.2799882470957438,True
NGC5055,22.96,194.0,4.09,40.45,175.86,0.0,180.45204930950496,1639.198606271777,1418.2466071428573,3.2146315761345163,3.1517517532796466,True
NGC5055,25.85,188.0,5.2,37.41,164.23,0.0,168.43693478569358,1367.2727272727273,1097.5242166344292,3.1358551510973984,3.0404141116336785,True
NGC5055,28.74,184.0,1.16,38.46,154.38,0.0,159.0985732179896,1178.0097425191373,880.7361169102297,3.071148882220866,2.9448458061004565,True
NGC5055,31.62,182.0,2.47,40.22,146.2,0.0,151.63142286478748,1047.5648323845667,727.1375205566095,3.020180910373959,2.8616165549729438,True
NGC5055,34.51,180.0,3.85,42.57,139.3,0.0,145.65951702515014,938.8583019414663,614.7984613155608,2.9726000509151254,2.7887327719002553,True
NGC5055,37.4,181.0,8.43,40.57,133.34,0.0,139.3753224211517,875.9625668449198,519.3978743315507,2.942485547537889,2.715500167919455,True
NGC5055,40.29,180.0,4.55,41.86,128.12,0.0,134.78499174611395,804.1697691734922,450.90578307272284,2.9053477428182344,2.654085805367484,True
NGC5055,43.17,179.0,0.44,42.92,123.52,0.0,130.76435599963776,742.2052351169793,396.09258281213806,2.870524013303519,2.597796709927848,True
NGC5055,45.92,179.0,1.96,44.68,119.59,0.0,127.66389661920869,697.756968641115,354.9231380662021,2.8437041825698692,2.5501343126947864,True
NGC5055,48.81,179.0,2.99,44.56,115.83,0.0,124.10552969146862,656.4433517721778,315.5538311821348,2.8171972543032653,2.499073457371386,True
NGC5055,51.7,174.0,3.39,43.74,112.43,0.0,120.63868575212514,585.6092843326885,281.5027562862669,2.767607953471257,2.449482651528594,True
NGC5055,54.59,172.0,4.84,41.74,109.32,0.0,117.01747732710699,541.9307565488184,250.83513464004392,2.7339437995091367,2.399388368329298,True
NGC5371,1.45,216.0,10.0,0.0,240.9,0.0,240.9,32176.55172413793,40022.6275862069,4.507539500066887,4.6023055977617116,False
NGC5371,2.88,215.0,7.0,0.0,232.56,0.0,232.56,16050.347222222223,18779.22,4.20548443207198,4.2736775497655115,False
NGC5371,4.33,215.0,5.0,0.0,235.54,0.0,235.54,10675.519630484989,12812.72323325635,4.028389023477845,4.1076414450829,False
NGC5371,5.78,214.0,4.0,0.0,243.76,0.0,243.76,7923.18339100346,10280.093010380622,3.8988997082778525,4.011997044008705,False
NGC5371,7.22,215.0,4.0,0.0,245.32,0.0,245.32,6402.35457063712,8335.443545706372,3.806339722261572,3.9209287144612714,False
NGC5371,8.66,221.0,3.0,0.0,253.0,0.0,253.0,5639.8383371824475,7391.339491916859,3.751266655352875,3.868723150334289,False
NGC5371,11.55,233.0,3.0,11.24,281.58,0.0,281.8042476613864,4700.34632034632,6875.639307359306,3.6721298578238746,3.837313085738655,False
NGC5371,14.48,237.0,3.0,27.45,299.81,0.0,301.0640108016898,3879.074585635359,6259.636643646409,3.5887281301590797,3.796549124226517,False
NGC5371,17.28,242.0,3.0,40.74,295.15,0.0,297.94843530382906,3389.12037037037,5137.342019675925,3.530086993817988,3.7107384799375738,False
NGC5371,20.2,241.0,3.0,51.22,293.48,0.0,297.91609355655834,2875.2970297029706,4393.762316831684,3.4586827157031133,3.6428365598033388,True
NGC5371,23.12,240.0,3.0,57.81,284.89,0.0,290.69624730979933,2491.349480968858,3655.030631487889,3.3964346536747207,3.5628910209738844,True
NGC5371,26.04,234.0,3.0,56.95,267.33,0.0,273.32879723878347,2102.7649769585255,2868.9950614439326,3.3227907349241312,3.457729800672107,True
NGC5371,28.84,226.0,3.0,55.22,249.73,0.0,255.76223587543174,1771.012482662968,2268.180350208044,3.2482216222474105,3.355677583724459,True
NGC5371,31.76,213.0,3.0,52.84,235.27,0.0,241.13074980184507,1428.4949622166246,1830.7316908060457,3.1548787131224167,3.262624699440507,True
NGC5371,34.68,207.0,3.0,50.68,223.76,0.0,229.4275484766378,1235.5536332179931,1517.791234140715,3.0918616021096628,3.1812120402710775,True
NGC5371,37.48,208.0,4.0,48.19,210.28,0.0,215.7312089151683,1154.3223052294559,1241.7277081109926,3.0623270877097823,3.0940263721451857,True
NGC5371,40.4,209.0,4.0,45.17,200.01,0.0,205.04713848283765,1081.2128712871288,1040.7012128712872,3.033911207111503,3.017326060704703,True
NGC5371,43.32,207.0,4.0,42.57,191.48,0.0,196.1550287400249,989.1274238227147,888.1993374884578,2.995252242960553,2.948510444895736,True
NGC5371,46.24,213.0,6.0,40.95,184.17,0.0,188.66767449671923,981.1634948096886,769.7986894463668,2.991741381465003,2.8863771673890013,True
NGC5585,0.09,11.2,2.02,0.32,12.72,0.0,12.724024520567383,1393.7777777777776,1798.897777777778,3.1441935359010382,3.2550064852975393,False
NGC5585,0.26,26.5,1.03,0.96,26.94,0.0,26.957099250475746,2700.9615384615386,2794.943076923077,3.4315183999027976,3.4463729672743413,False
NGC5585,0.43,33.7,1.03,1.6,35.34,0.0,35.37620103968204,2641.139534883722,2910.408372093024,3.421791346163091,3.4639539310145473,False
NGC5585,0.6,32.7,1.12,2.25,40.03,0.0,40.09318395937145,1782.1500000000003,2679.105666666667,3.2509442549369285,3.4279898429644087,False
NGC5585,0.77,33.7,1.03,2.89,43.26,0.0,43.35642628261697,1474.9220779220782,2441.2723376623376,3.1687690765701952,3.387616230112238,False
NGC5585,0.94,35.7,2.24,3.55,45.85,0.0,45.987226487362776,1355.8404255319151,2249.8138297872347,3.1322085786246876,3.352146582093028,False
NGC5585,1.11,37.8,3.35,4.2,48.05,0.0,48.23320951377795,1287.243243243243,2095.894144144144,3.109660620887793,3.3213693442587267,False
NGC5585,1.28,41.8,3.35,4.86,48.94,0.0,49.1807197995312,1365.0312499999998,1889.6431249999998,3.1351425939022017,3.2763797917511375,False
NGC5585,1.46,43.9,2.14,5.23,50.17,0.0,50.441865548371624,1320.0068493150684,1742.7272602739727,3.1205761846998055,3.241229424616426,False
NGC5585,1.63,44.9,1.25,5.36,51.3,0.0,51.57925552002471,1236.8159509202453,1632.159263803681,3.0923050776026884,3.212762534329832,False
NGC5585,2.05,53.2,1.6,5.65,53.95,0.0,54.24504585674161,1380.6048780487806,1435.3780487804881,3.140069403534342,3.1569663002867103,False
NGC5585,2.74,64.3,0.9,9.45,56.61,0.0,57.39333236535408,1508.9379562043794,1202.1878102189778,3.178671383028056,3.0799723200545968,False
NGC5585,3.42,73.1,2.4,11.66,56.83,0.0,58.01383024762285,1562.459064327485,984.0948830409355,3.1938086478595857,2.993036973629018,False
NGC5585,4.11,76.2,4.4,15.23,58.16,0.0,60.12103209360265,1412.7591240875913,879.4497566909974,3.150068120803132,2.94421103308837,True
NGC5585,4.79,78.4,3.8,19.76,56.9,0.0,60.233442538178075,1283.2066805845513,757.4253862212943,3.1082966119543136,2.8793398570444606,True
NGC5585,5.48,83.1,3.1,23.04,53.88,0.0,58.59945392237031,1260.1478102189778,626.6233576642336,3.100421489083853,2.7970065793672974,True
NGC5585,6.16,88.0,3.0,26.02,50.76,0.0,57.040494387759296,1257.142857142857,528.1847402597401,3.0993846321359118,2.722785849887334,True
NGC5585,6.85,89.9,2.4,27.47,47.3,0.0,54.698180042849685,1179.855474452555,436.7723941605839,3.071828811974032,2.640255181339084,True
NGC5585,7.53,90.6,2.8,29.11,43.89,0.0,52.66615801442137,1090.0876494023903,368.3564674634794,3.0374614191529257,2.5662682994360315,True
NGC5585,8.21,91.6,2.6,31.03,41.41,0.0,51.74600467668977,1021.9926918392202,326.14482338611447,3.0094477902162597,2.513410489733604,True
NGC5585,8.9,92.3,1.4,32.1,39.37,0.0,50.79770565685029,957.2235955056178,289.93335955056176,2.981013395406911,2.4622981878807417,True
NGC5585,9.57,90.9,1.0,32.38,37.7,0.0,49.696623627767714,863.4075235109719,258.07256008359457,2.9362158286670916,2.411741830046379,True
NGC5585,10.31,89.6,2.7,32.77,36.11,0.0,48.76274192454727,778.6770126091172,230.63094083414163,2.891357354040734,2.362917570660882,True
NGC5585,10.96,89.4,2.7,32.48,34.88,0.0,47.66093578602921,729.2299270072992,207.25956204379563,2.862864483443485,2.316514576120068,True
NGC5907,5.03,214.0,6.0,0.0,178.85,0.0,178.85,9104.572564612326,6359.308648111331,3.959259561642454,3.803409903914049,False
NGC5907,7.55,220.0,6.0,0.0,207.41,0.0,207.41,6410.596026490066,5697.868622516557,3.8068984100152243,3.7557124313594277,False
NGC5907,10.07,235.0,4.0,0.0,227.06,0.0,227.06,5484.111221449851,5119.78585898709,3.7391062539898545,3.7092517964826373,False
NGC5907,12.58,235.0,4.0,16.93,232.81,0.0,233.42476518141774,4389.904610492846,4331.249682034977,3.642455083434222,3.636613220073525,False
NGC5907,15.1,230.0,2.0,24.45,224.63,0.0,225.95672019216423,3503.311258278146,3381.2211523178808,3.5444787247420164,3.529073577181113,True
NGC5907,17.61,231.0,2.0,31.1,217.25,0.0,219.46474090386363,3030.15332197615,2735.080777967064,3.481464603817012,3.4369701573265985,True
NGC5907,20.13,232.0,2.0,42.26,208.93,0.0,213.16109518390076,2673.820168902136,2257.210755091903,3.427132194893145,3.353572110916601,True
NGC5907,22.65,225.0,7.0,53.67,198.38,0.0,205.51178384705827,2235.0993377483446,1864.6840309050774,3.3492968298738743,3.27060525155493,True
NGC5907,25.16,224.0,7.0,49.79,187.6,0.0,194.09483274935477,1994.2766295707472,1497.3292567567564,3.2997853998950943,3.17531731047631,True
NGC5907,27.68,229.0,2.0,54.3,177.97,0.0,186.069371203323,1894.5447976878613,1250.7879660404624,3.277504878895056,3.0971836941991624,True
NGC5907,30.2,218.0,2.0,64.08,169.55,0.0,181.25520378736718,1573.6423841059602,1087.862546357616,3.196906044252059,3.0365740248386675,True
NGC5907,32.71,214.0,2.0,61.58,162.23,0.0,173.52426141609132,1400.061143381229,920.5340660348515,3.1461470025734,2.9640398649934294,True
NGC5907,35.23,213.0,2.0,64.96,155.53,0.0,168.5508306120145,1287.7944933295487,806.3974595515186,3.109846563696233,2.9065491509163124,True
NGC5907,37.75,211.0,2.0,61.95,149.39,0.0,161.72561516346136,1179.364238410596,692.8523072847681,3.0716479546301785,2.840640667559534,True
NGC5907,40.26,217.0,2.0,63.21,143.82,0.0,157.09772913699294,1169.6224540486837,613.0078614008942,3.068045697144423,2.7874660440798116,True
NGC5907,42.78,216.0,3.0,60.7,138.81,0.0,151.50150527305001,1090.603085553997,536.528894343151,3.0376667220663527,2.7295931155207653,True
NGC5907,45.29,215.0,3.0,60.57,134.25,0.0,147.28132060787615,1020.6447339368514,478.953133141974,3.0088745991482533,2.6802930186052936,True
NGC5907,47.81,217.0,5.0,60.07,130.16,0.0,143.35281824924127,984.9194729136163,429.82703409328593,2.9934007240012694,2.633293727089139,True
NGC5907,50.33,214.0,5.0,62.33,126.52,0.0,141.04020455175183,909.9145638784025,395.23821378899265,2.959000616301242,2.5968589279079195,True
NGC5985,3.54,223.0,8.0,-9.23,117.85,111.1,162.22523046678035,14047.74011299435,7434.187966101695,4.147606464070534,3.8712335376056504,False
NGC5985,4.23,230.0,6.13,-10.88,124.82,101.71,161.37946244798314,12505.910165484633,6156.815815602836,4.097115304660143,3.78935616163699,False
NGC5985,4.97,248.0,5.1,-12.52,131.42,93.86,161.98045067229563,12375.050301810867,5279.208531187122,4.0925469729191,3.7225688171733755,False
NGC5985,5.74,258.0,6.6,-13.93,141.81,87.33,167.12465377675431,11596.515679442507,4865.9668815331015,4.0643275195284865,3.6871691487344687,False
NGC5985,6.47,263.0,7.0,-14.91,151.83,82.27,173.3291951749618,10690.726429675426,4643.432751159196,4.0290072163108155,3.666839160229274,False
NGC5985,7.22,272.0,6.25,-15.46,163.57,77.87,181.81829775905393,10247.091412742382,4578.655595567868,4.010600610498758,3.6607379773189876,False
NGC5985,8.02,287.0,4.01,-16.0,173.43,73.88,189.18831702829857,10270.448877805487,4462.870236907732,4.011589425183821,3.649614259411845,False
NGC5985,8.79,289.0,7.25,-16.33,181.85,70.57,195.74528423438457,9501.820250284414,4359.068976109215,3.977806810439324,3.639393741168776,False
NGC5985,9.5,292.0,6.93,-16.22,190.1,67.89,202.5096306351873,8975.157894736842,4316.85794736842,3.9530420976079887,3.635167757785508,False
NGC5985,10.27,302.0,10.4,-15.46,200.43,65.29,211.36220239200762,8880.62317429406,4349.949425511198,3.948443442317023,3.6384842076789834,False
NGC5985,11.08,302.0,10.3,-13.5,209.52,62.86,219.162633676455,8231.407942238267,4335.041516245487,3.9154741255218903,3.6369932610256055,False
NGC5985,11.82,304.0,10.4,-9.2,214.14,60.86,222.8105006502162,7818.612521150592,4200.043925549914,3.893129690672271,3.623253832427469,False
NGC5985,12.56,303.0,10.4,5.72,217.36,59.04,225.30825462019806,7309.633757961783,4041.704585987261,3.8638956176034327,3.606564567129758,False
NGC5985,13.39,305.0,10.1,13.39,220.24,57.18,227.93530244347846,6947.348767737117,3880.0972442120988,3.841819101681563,3.5888426101548987,False
NGC5985,14.1,300.0,8.78,17.64,222.33,55.72,229.88370298914188,6382.978723404255,3747.979921985816,3.805023396783945,3.573797255696497,False
NGC5985,14.93,295.0,9.72,21.66,222.27,54.15,229.79410566853105,5828.86805090422,3536.8607501674487,3.7655842242313007,3.5486179615324907,False
NGC5985,15.64,294.0,5.32,24.38,221.26,52.91,228.80087434273497,5526.598465473146,3347.1764769820966,3.7424579121004853,3.524678610762021,False
NGC5985,16.35,290.0,5.32,26.24,221.1,51.75,228.586548379383,5143.730886850152,3195.829363914373,3.7112782388016075,3.5045835828169354,False
NGC5985,17.18,291.0,4.03,27.98,220.98,50.48,228.39280023678504,4929.045401629802,3036.27888242142,3.692762818476591,3.4823416590331413,False
NGC5985,17.89,286.0,3.25,29.72,218.99,49.47,226.46672912372804,4572.163219675796,2866.8071212968143,3.660121725690713,3.4573984746087447,True
NGC5985,18.72,287.0,3.61,31.57,215.15,48.36,222.76641802569793,4400.053418803419,2650.901549145299,3.643457949065898,3.423393598930043,True
NGC5985,19.44,294.0,3.35,33.2,212.39,47.46,220.14586914134907,4446.296296296296,2493.0145936213985,3.6479984002340586,3.3967248207864422,True
NGC5985,20.26,290.0,3.75,35.16,210.49,46.49,218.41150564931326,4151.0365251727535,2354.56988153998,3.6181565547736505,3.37191158444399,True
NGC5985,20.98,288.0,3.04,37.01,208.75,45.68,216.8708486634384,3953.4795042898,2241.8000476644424,3.596979491660923,3.3505968740624645,True
NGC5985,21.69,290.0,6.4,38.65,206.74,44.93,215.0673266677205,3877.3628400184416,2132.5013831258643,3.588536443783719,3.3288893215200934,True
NGC5985,22.52,294.0,4.19,40.5,204.38,44.09,212.96798468314432,3838.188277087034,2014.003663410302,3.5841262746450058,3.3040602561865327,True
NGC5985,23.23,297.0,4.12,41.91,202.43,43.41,211.23158168228537,3797.2018941024535,1920.7396082651744,3.5794636888341893,3.2834684922127,True
NGC5985,24.06,293.0,5.15,43.22,200.72,42.66,209.70541814650377,3568.1213632585204,1827.7789858686617,3.552439617704393,3.261923679898539,True
NGC5985,24.77,291.0,6.21,44.2,199.42,42.04,208.54097439112533,3418.69196608801,1755.7262010496563,3.5338599713859775,3.2444567902463137,True
NGC5985,25.95,297.0,4.0,45.18,197.86,41.07,207.06655186195573,3399.190751445087,1652.2757957610793,3.531375536449948,3.218082540914228,True
NGC5985,28.92,292.0,4.0,43.33,193.43,38.91,202.0065392505896,2948.2710926694326,1411.0180463347165,3.4695674142743433,3.1495325682358977,True
NGC5985,31.76,288.0,4.0,45.72,184.74,37.13,193.9015804474012,2611.586901763224,1183.8105447103273,3.416904481763403,3.073282204101042,True
NGC5985,34.72,285.0,4.0,47.57,180.34,35.51,189.85884388144788,2339.429723502304,1038.2022062211981,3.3691100035125663,3.016281947436949,True
NGC6015,0.34,35.5,2.1,-2.27,41.97,0.0,42.03134306681146,3706.6176470588234,5195.981764705882,3.568977789067933,3.7156676182475055,False
NGC6015,0.67,62.4,4.2,-3.73,62.26,0.0,62.37163217360918,5811.582089552238,5806.299253731342,3.7642943766640213,3.763899415390765,False
NGC6015,1.0,90.7,3.8,-5.02,80.4,0.0,80.55656646108994,8226.49,6489.3604000000005,3.9152145741201907,3.81220189426738,False
NGC6015,1.32,104.0,2.0,-6.13,86.74,0.0,86.95633674436843,8193.939393939394,5728.3367424242415,3.913492747391711,3.7580285402142617,False
NGC6015,1.65,105.0,2.4,-7.07,92.13,0.0,92.40087553697745,6681.818181818182,5174.49806060606,3.82489465392597,3.713868228509349,False
NGC6015,1.98,108.0,2.0,-7.85,97.94,0.0,98.25408948232129,5890.909090909091,4875.689949494949,3.7701823207123684,3.6880360805589905,False
NGC6015,2.31,116.0,2.3,-8.46,104.95,0.0,105.29042739014787,5825.108225108225,4799.166277056277,3.7653039985616927,3.6811657972249834,False
NGC6015,2.63,130.0,3.3,-8.8,112.27,0.0,112.61435476883042,6425.855513307985,4822.050532319392,3.807930956123916,3.6832317572219573,False
NGC6015,2.96,141.0,2.2,-8.85,120.94,0.0,121.26337493241725,6716.554054054054,4967.839898648649,3.827146514251821,3.696167591143195,False
NGC6015,3.28,146.0,1.6,-8.55,129.34,0.0,129.622290135609,6498.780487804878,5122.542103658538,3.812831867857195,3.709485536680148,False
NGC6015,3.61,150.0,1.4,-7.82,137.29,0.0,137.51253215616384,6232.686980609418,5238.143074792243,3.7946753162057045,3.719177356583326,False
NGC6015,3.94,152.0,1.1,-6.39,143.65,0.0,143.79205332701804,5863.959390862944,5247.75497461929,3.768190954063971,3.7199735489943144,False
NGC6015,4.27,155.0,1.3,-3.64,148.22,0.0,148.26468898561112,5626.463700234192,5148.107259953162,3.750235521315559,3.7116475867794576,False
NGC6015,4.6,152.0,1.8,4.74,149.97,0.0,150.04488828347334,5022.608695652174,4894.232282608696,3.700929344207971,3.6896845773290674,False
NGC6015,4.94,150.0,2.4,8.31,149.81,0.0,150.04030191918437,4554.655870445344,4557.103684210527,3.6584555691877156,3.6586889098570214,False
NGC6015,5.3,147.0,5.5,11.17,147.82,0.0,148.24142909456856,4077.169811320755,4146.324773584905,3.6103587998955633,3.617663316535378,False
NGC6015,5.63,145.0,3.8,13.71,145.9,0.0,146.54273813464795,3734.4582593250443,3814.3470870337483,3.5722276096186034,3.5814202091937513,False
NGC6015,5.96,152.0,4.1,15.93,145.72,0.0,146.58814174413973,3876.510067114094,3605.3831040268456,3.5884409161493087,3.5569514191594327,True
NGC6015,6.27,149.0,1.4,18.03,145.22,0.0,146.33499000580824,3540.8293460925042,3415.299728867624,3.5491049959938317,3.5334288236489373,True
NGC6015,8.24,149.0,4.0,27.98,136.77,0.0,139.60269803983016,2694.296116504854,2365.159381067961,3.4304453251274323,3.3738604118755533,True
NGC6015,10.3,146.0,4.0,36.61,123.8,0.0,129.0996982955421,2069.514563106796,1618.129330097087,3.315868486863702,3.2090132299479732,True
NGC6015,11.13,149.0,3.2,39.92,119.88,0.0,126.35197188805563,1994.6990116801437,1434.3953998203053,3.29987737248984,3.156668883751658,True
NGC6015,11.95,152.0,2.8,43.13,116.47,0.0,124.19926650347014,1933.3891213389122,1290.833288702929,3.2863192706053885,3.1108701566959023,True
NGC6015,12.72,153.0,2.4,45.67,112.55,0.0,121.46296307928603,1840.330188679245,1159.8468081761005,3.2648957503228027,3.064400631677571,True
NGC6015,13.58,156.0,2.2,47.33,108.33,0.0,118.21809421573332,1792.0471281296022,1029.1250220913107,3.2533494267644403,3.01246813774219,True
NGC6015,14.43,158.0,2.8,48.11,104.74,0.0,115.26074657054758,1730.0069300069301,920.6541718641718,3.238047842815351,2.964096525467267,True
NGC6015,15.29,158.0,3.1,48.44,101.4,0.0,112.37612557834515,1632.7011118378025,825.9250228907785,3.212906688496525,2.9169406240482902,True
NGC6015,16.02,159.0,3.8,48.44,98.71,0.0,109.95498033286168,1578.0898876404494,754.6877465667915,3.1981317368926843,2.8777672986575853,True
NGC6015,16.88,161.0,3.6,48.11,95.6,0.0,107.02304471467815,1535.6042654028438,678.5504798578198,3.186279309774063,2.831582161956268,True
NGC6015,17.73,163.0,4.0,47.66,92.8,0.0,104.3231307045566,1498.5335589396502,613.8361872532431,3.1756664732069977,2.7880524876493102,True
NGC6015,18.59,162.0,4.8,47.0,90.22,0.0,101.7283067783987,1411.7267348036578,556.6782356105433,3.149750639313363,2.7456042420739304,True
NGC6015,19.32,164.0,5.7,46.67,88.2,0.0,99.78641641025095,1392.1325051759834,515.3896946169773,3.1436805740159213,2.7121357304435905,True
NGC6015,20.18,165.0,7.0,46.56,85.97,0.0,97.7684739576107,1349.1080277502479,473.6706888007929,3.130046726526921,2.675476510997899,True
NGC6015,21.04,166.0,6.3,46.12,83.92,0.0,95.75813699106725,1309.6958174904944,435.81847908745254,3.1171704405984086,2.639305640769272,True
NGC6015,21.89,163.0,7.0,45.56,82.02,0.0,93.82427191297569,1213.750571037003,402.1468250342622,3.084129447239984,2.6043846442792837,True
NGC6015,22.63,159.0,8.5,45.34,80.48,0.0,92.37286398071677,1117.14538223597,377.0546177640301,3.0481096946861745,2.57640426393383,True
NGC6015,23.48,155.0,9.1,45.12,78.82,0.0,90.8207399221125,1023.2112436115843,351.2950085178875,3.0099653037650063,2.545671979030458,True
NGC6015,24.34,154.0,8.0,44.68,77.25,0.0,89.24048912909431,974.3631881676254,327.1924774034511,2.98872086777888,2.514803310097919,True
NGC6015,25.19,149.0,5.4,44.57,75.79,0.0,87.9238818524296,881.3418023025009,306.89198094481935,2.945144369326435,2.4869855405109527,True
NGC6015,25.93,153.0,3.1,46.56,74.58,0.0,87.92047543092565,902.7767065175473,298.11068260701893,2.955580344865846,2.4743775389784703,True
NGC6015,26.78,156.0,3.0,42.58,73.28,0.0,84.75266839457034,908.7378640776699,268.2231067961165,2.958438624032933,2.4284961885856133,True
NGC6015,27.64,151.0,9.4,40.7,72.03,0.0,82.73337234755996,824.9276410998552,247.641494211288,2.916415855884178,2.3938234157808584,True
NGC6015,28.37,158.0,7.7,39.26,71.03,0.0,81.15792321147701,879.9436023968981,232.16808248149454,2.944454838112993,2.3658025144768984,True
NGC6015,29.23,152.0,3.4,38.26,69.88,0.0,79.66832494787373,790.4208005473828,217.14136161477927,2.8978583605321084,2.3367425568036744,True
NGC6195,1.33,175.0,13.6,0.0,53.18,236.8,242.6980683895115,23026.315789473683,44287.4830075188,4.362224456405503,4.646280998708612,False
NGC6195,2.34,237.0,3.65,0.0,84.9,258.48,272.06602213433416,24003.846153846156,31632.44461538462,4.380280834610065,4.5001327563149145,False
NGC6195,3.33,247.0,3.81,0.0,110.89,258.69,281.45533961891715,18321.02102102102,23788.921381381377,4.262949673013011,4.3763747510438336,False
NGC6195,4.34,242.0,3.56,0.0,133.39,255.32,288.06456654715447,13494.009216589862,19120.09089861751,4.130141002448352,4.281489952619692,False
NGC6195,5.35,240.0,4.2,0.11,152.34,247.96,291.0182971910873,10766.355140186917,15830.214822429909,4.032068701401983,4.199486808454451,False
NGC6195,6.34,233.0,4.59,0.0,168.35,242.98,295.60277891115976,8562.933753943218,13782.492570977916,3.9326225841703053,4.139327767058496,False
NGC6195,7.34,233.0,4.63,0.0,182.51,235.83,298.2041062762215,7396.321525885559,12115.216485013627,3.8690157821359676,4.0833311788868,False
NGC6195,8.32,247.0,6.41,1.96,192.78,226.67,297.5689145391366,7332.8125,10642.69938701923,3.8652705802286076,4.027051795271168,False
NGC6195,9.34,248.0,7.64,15.34,198.8,216.7,294.47520370992186,6585.010706638116,9284.330364025695,3.8185564854223393,3.967750585545266,False
NGC6195,10.38,242.0,9.05,25.14,207.14,206.98,293.90426944840385,5642.003853564547,8321.745626204236,3.7514333784484233,3.9202144364239726,False
NGC6195,11.36,252.0,12.5,33.65,211.69,198.54,292.1696599580456,5590.140845070423,7514.3582922535215,3.7474227501880883,3.8758918988241007,False
NGC6195,12.34,245.0,8.72,41.56,213.57,190.81,289.3921813041949,4864.262560777958,6786.696482982172,3.687017009031842,3.831658426955793,False
NGC6195,13.32,247.0,4.44,48.79,217.57,183.83,288.9820719352673,4580.255255255255,6269.56740990991,3.6608896816850494,3.7972375762421486,False
NGC6195,14.3,238.0,9.29,54.63,223.69,177.48,290.72461780867474,3961.118881118881,5910.545692307692,3.5978178766479623,3.7716275790568194,False
NGC6195,15.47,249.0,9.98,60.46,231.69,170.69,294.05908215867095,4007.821590174531,5589.576199095022,3.602908380492105,3.7473788809862856,False
NGC6195,16.35,250.0,6.15,63.83,234.56,166.06,294.39528885496793,3822.6299694189597,5300.830954128441,3.5823622603477703,3.7243439546018604,False
NGC6195,17.92,253.0,6.96,68.08,238.09,158.63,294.08368094812744,3571.9308035714284,4826.183671874999,3.5529030370255295,3.683603845994628,False
NGC6195,19.1,258.0,15.4,69.27,241.54,153.66,294.5357365414255,3485.026178010471,4541.952884816753,3.542206044678733,3.657242624826423,False
NGC6195,22.52,254.0,6.51,67.69,240.74,141.52,287.34229431115773,2864.8312611012434,3666.3230062166963,3.4570990470605674,3.5642307240298976,False
NGC6195,26.05,256.0,7.73,66.4,225.1,131.58,269.058109708665,2515.7773512476006,2778.9737581573895,3.4006722029881558,3.4438844457549718,False
NGC6195,29.48,255.0,8.5,63.14,208.87,123.68,250.81881687784113,2205.7327001356853,2133.9918215739485,3.3435528816808966,3.3291927506779024,False
NGC6195,33.0,244.0,5.75,61.55,195.11,116.89,235.625946576348,1804.121212121212,1682.4117181818183,3.2562657127995713,3.2259322845974148,False
NGC6195,36.43,246.0,4.24,65.91,185.57,111.25,226.17894574871465,1661.1583859456491,1404.2524155915455,3.2204110429648423,3.14744517962112,True
NGC6503,0.76,77.0,10.0,4.04,70.72,0.0,70.83530193342865,7801.315789473684,6602.1578947368425,3.8921678580641723,3.8196859065427544,False
NGC6503,1.52,100.0,5.0,7.62,123.17,0.0,123.40548326553403,6578.9473684210525,10019.021907894738,3.8181564120552274,4.000825326248024,False
NGC6503,2.28,110.0,2.0,9.72,142.64,0.0,142.97079422035816,5307.01754385965,8965.19649122807,3.7248505233159963,3.952559812483917,False
NGC6503,3.04,118.0,2.0,12.42,134.42,0.0,134.99256572122775,4580.263157894737,5994.405526315788,3.660890431003497,3.777746119971625,False
NGC6503,3.79,121.0,2.0,13.35,121.97,0.0,122.69842460276334,3863.060686015831,3972.270026385224,3.586931530664828,3.5990387632329774,False
NGC6503,4.55,121.0,2.0,14.78,111.53,0.0,112.50506344160692,3217.802197802198,2781.8438021978022,3.507559343975788,3.4443327411312246,False
NGC6503,5.31,117.0,2.0,17.55,103.23,0.0,104.7111999740238,2577.9661016949153,2064.865423728814,3.4112772024108544,3.3148917520522208,False
NGC6503,6.07,116.0,2.0,19.2,96.65,0.0,98.53863455518349,2216.8039538714993,1599.6478583196047,3.3457272873785793,3.20402438889309,True
NGC6503,6.83,116.0,2.0,20.33,91.96,0.0,94.18041463064388,1970.1317715959003,1298.6750366032209,3.2944952747723044,3.1135004925158265,True
NGC6503,7.59,116.0,2.0,21.66,87.62,0.0,90.25752046228614,1772.859025032938,1073.3096179183137,3.2486742025583566,3.03072502108704,True
NGC6503,8.35,115.0,1.0,22.79,83.25,0.0,86.31307316971167,1583.8323353293413,892.2091736526946,3.199709205223621,2.9504666843239593,True
NGC6503,9.11,115.0,1.0,23.92,79.58,0.0,83.09718888145375,1451.7014270032932,757.9739626783754,3.1618773037342254,2.879654287347987,True
NGC6503,9.86,116.0,1.0,24.84,76.81,0.0,80.72670995401708,1364.7058823529412,660.9332352941177,3.1350390635126257,2.8201575910925913,True
NGC6503,10.64,117.0,1.0,25.46,74.18,0.0,78.42757168241282,1286.5601503759399,578.0906015037596,3.109430095533294,2.7619959087485193,True
NGC6503,11.38,117.0,1.0,26.38,71.5,0.0,76.21124851358886,1202.8998242530754,510.38263620386635,3.080229461433271,2.7078958907736057,True
NGC6503,12.12,118.0,1.0,27.2,69.18,0.0,74.33513570311149,1148.844884488449,455.9168646864688,3.0602613947819832,2.65888565735837,True
NGC6503,12.86,117.0,1.0,28.13,67.04,0.0,72.70253434372148,1064.4634525660965,411.01543545878707,3.02713075490412,2.61385813187291,True
NGC6503,13.7,116.0,1.0,28.74,64.84,0.0,70.9239959393152,982.1897810218978,367.16884671532847,2.99219541129743,2.564865825378908,True
NGC6503,14.44,115.0,1.0,28.64,63.05,0.0,69.24992490970658,915.8587257617729,332.1019459833795,2.961828487473603,2.52127142039624,True
NGC6503,15.18,117.0,1.0,28.33,61.39,0.0,67.61154487215921,901.7786561264822,301.14104084321474,2.9550999519328616,2.4787699471339195,True
NGC6503,15.91,116.0,1.0,28.13,59.88,0.0,66.1582292689277,845.757385292269,275.1044186046512,2.9272457988072556,2.4394975658902536,True
NGC6503,16.65,115.0,2.0,28.33,58.45,0.0,64.9537635553168,794.2942942942943,253.3928768768769,2.8999814428648847,2.4037944022737565,True
NGC6503,17.49,115.0,2.0,28.23,56.93,0.0,63.544927413602416,756.1463693539166,230.8723727844483,2.878605871228547,2.363371966415991,True
NGC6503,18.23,115.0,2.0,27.82,55.71,0.0,62.27002890636875,725.4525507405375,212.7019473395502,2.860609012052247,2.327771465995581,True
NGC6503,18.97,114.0,2.0,27.2,54.55,0.0,60.955249978980476,685.0817079599368,195.8641275698471,2.8357423717842827,2.291954902431477,True
NGC6503,19.71,115.0,2.0,26.9,53.46,0.0,59.846316511544806,670.9791983764586,181.713932014206,2.82670905642778,2.2593882259593046,True
NGC6503,20.45,114.0,2.0,26.69,52.44,0.0,58.841394443027944,635.5012224938876,169.306097799511,2.803116390329585,2.2286726001230446,True
NGC6503,21.29,116.0,2.0,26.49,51.35,0.0,57.78012287975857,632.0338186942226,156.8127101925787,2.8007403170155145,2.195381260789676,True
NGC6503,22.03,115.0,3.0,26.18,50.44,0.0,56.82944659241368,600.3177485247389,146.59945528824326,2.778381183556456,2.1661323566233244,True
NGC6503,22.76,118.0,4.0,25.87,49.61,0.0,55.95005808754804,611.7750439367311,137.53993848857644,2.786591756889217,2.138428825778304,True
NGC6503,23.5,115.0,10.0,25.46,48.79,0.0,55.03340530986612,562.7659574468086,128.8798170212766,2.7503278184354873,2.1101849108166064,True
NGC6674,2.5,206.0,75.0,0.0,122.77,171.6,210.99533857410213,16974.4,17807.61316,4.229794432066269,4.250605712786784,False
NGC6674,7.49,285.0,8.0,0.0,218.15,99.53,239.78249185459725,10844.459279038718,7676.3208811749,4.035207902317554,3.8851531205724106,False
NGC6674,12.54,291.0,7.0,0.0,234.07,76.92,246.38476271880126,6752.8708133971295,4840.945079744816,3.829488441477117,3.6849301556218714,False
NGC6674,17.45,274.0,5.0,0.0,221.55,65.21,230.94749749672545,4302.349570200573,3056.5470830945565,3.633705694345577,3.485231090055675,True
NGC6674,22.47,266.0,4.0,23.41,205.25,57.46,214.4230449368724,3148.9096573208726,2046.1612016021363,3.4981602008430053,3.3109398455093135,True
NGC6674,27.48,255.0,2.0,35.47,190.15,51.96,200.287256209675,2366.2663755458516,1459.7883915574964,3.3740636324803974,3.164289905757421,True
NGC6674,32.5,250.0,2.0,42.22,174.2,47.78,185.50228246574216,1923.076923076923,1058.8029784615383,3.283996656365201,3.0248151543214066,True
NGC6674,37.51,242.0,2.0,45.59,160.68,44.48,172.84380492224764,1561.2903225806454,796.4537696614237,3.1934836678101397,2.9011605721476554,True
NGC6674,42.42,237.0,2.0,49.68,149.48,41.82,162.976333251181,1324.1159830268741,626.1500518623291,3.1219260278396646,2.796678420889097,True
NGC6674,47.44,235.0,2.0,50.91,139.94,39.55,154.0754172475285,1164.102023608769,500.4054426644182,3.065991044187266,2.6993220246550136,True
NGC6674,52.45,236.0,2.0,48.66,131.98,37.61,145.60572825270302,1061.8875119161105,404.21407244995225,3.0260785134106363,2.6066114291223195,True
NGC6674,57.47,242.0,2.0,50.7,125.25,35.93,139.81780072651694,1019.0360187924134,340.1603862884984,3.008189534827165,2.5316837360313142,True
NGC6674,62.48,246.0,2.0,51.01,119.5,34.46,134.42381373848906,968.5659411011524,289.2087339948784,2.9861291933375145,2.461211404350379,True
NGC6674,67.4,242.0,4.0,48.35,114.62,33.18,128.74928854172362,868.9020771513352,245.94034569732938,2.938970835425543,2.390829779151219,True
NGC6674,72.41,242.0,5.0,44.77,110.24,32.01,123.21465253775624,808.7833172213783,209.66510979146528,2.907832184480297,2.3215261658695523,True
NGC6789,0.1,13.9,3.84,2.8,7.62,0.0,8.118152499183543,1932.1,659.0439999999999,3.28602960050819,2.81891441052618,False
NGC6789,0.3,29.9,3.92,7.72,17.26,0.0,18.90782906628892,2980.033333333333,1191.686666666667,3.474221121929197,3.07616208021471,False
NGC6789,0.51,46.7,4.1,11.07,20.43,0.0,23.236389564646224,4276.254901960785,1058.6858823529412,3.631063585034288,3.0247671217722782,False
NGC6789,0.71,60.4,9.4,11.87,21.37,0.0,24.445322660991817,5138.2535211267605,841.6532394366197,3.7108155285231885,2.9251331993170795,False
NGC6946,0.19,153.0,8.0,0.96,24.4,233.17,234.4451545671183,123205.26315789473,289287.0026315789,5.090629260682369,5.461328921680518,False
NGC6946,0.56,130.0,9.0,2.86,62.52,168.53,179.77566826464587,30178.571428571424,57713.01946428571,4.479698677607473,4.761273796581637,False
NGC6946,0.94,128.0,3.0,4.5,91.94,137.01,165.06045468251926,17429.787234042553,28983.99329787234,4.241292085696038,4.462158220602198,False
NGC6946,1.22,134.0,3.0,5.34,109.48,120.39,162.81320001768898,14718.032786885246,21727.982049180333,4.167849766054867,4.337019393803227,False
NGC6946,1.59,129.0,4.0,6.46,127.82,105.47,165.84210834405116,10466.037735849057,17297.86471698113,4.019782296278047,4.2379924962579,False
NGC6946,1.96,131.0,7.0,6.51,138.39,94.99,167.97997588998516,8755.612244897959,14396.567499999997,3.9422865199550525,4.158258957823938,False
NGC6946,2.34,138.0,8.0,6.51,151.17,86.94,174.5087751375271,8138.461538461539,13014.236153846154,3.91054231539233,4.114418683094144,False
NGC6946,2.71,139.0,5.0,6.44,166.55,80.79,185.22256935913614,7129.520295202952,12659.557269372695,3.8530603096337845,4.102418517780033,False
NGC6946,2.99,143.0,3.0,6.38,170.5,76.91,187.15261820236447,6839.130434782608,11714.415551839464,3.8350008866056937,4.068720625929759,False
NGC6946,3.37,146.0,2.0,7.55,177.07,72.44,191.46368062899032,6325.222551928783,10877.845994065281,3.8010758106975358,4.036542905885561,False
NGC6946,3.74,154.0,2.0,10.54,180.71,68.77,193.64015234449698,6341.176470588235,10025.804438502673,3.802169839472446,4.001119229091369,False
NGC6946,4.12,161.0,1.0,12.86,184.13,65.52,195.86246935030712,6291.504854368932,9311.190995145631,3.798754536030565,3.9690052351744725,False
NGC6946,4.4,167.0,2.0,13.54,187.91,63.4,198.77892166927558,6338.40909090909,8980.240840909088,3.801980265808979,3.9532879841589796,False
NGC6946,4.77,173.0,2.0,14.41,193.15,60.89,203.03241785488345,6274.423480083858,8641.96283018868,3.797573827217477,3.936612394042017,False
NGC6946,5.15,176.0,4.0,17.51,197.95,58.6,207.18292062812512,6014.757281553398,8334.9053592233,3.7792181065871087,3.9209006728862277,False
NGC6946,5.52,178.0,5.0,20.8,204.45,56.6,213.15722483650418,5739.855072463769,8231.159873188406,3.758900926888589,3.9154610370388903,False
NGC6946,5.89,180.0,3.0,23.41,204.89,54.8,213.37989642888104,5500.848896434635,7730.217351443124,3.7404297154195105,3.8881917051997377,False
NGC6946,6.17,179.0,4.0,25.15,201.57,53.54,210.07027157596573,5193.030794165316,7152.272123176662,3.7154208979265446,3.854444029745602,True
NGC6946,6.55,180.0,5.0,27.66,200.86,51.96,209.30756508067262,4946.564885496184,6688.497221374047,3.6943037102148293,3.8253285509848403,True
NGC6946,6.92,181.0,4.0,31.15,201.34,50.55,209.91288812266865,4734.248554913295,6367.546329479769,3.675251055281611,3.8039721135200995,True
NGC6946,7.3,179.0,4.0,34.05,198.33,49.22,207.1637029018356,4389.178082191781,5879.013671232877,3.6423832018393303,3.7693044701115337,True
NGC6946,7.58,179.0,2.0,34.92,194.96,48.3,203.8668634182613,4227.0448548812665,5483.073614775726,3.6260368563277328,3.739024076683457,True
NGC6946,7.95,179.0,1.0,35.89,189.92,47.17,198.95403338459866,4030.314465408805,4978.956905660377,3.605338933303316,3.6971383673449725,True
NGC6946,8.33,178.0,1.0,37.34,184.93,46.08,194.20799906286044,3803.6014405762303,4527.820756302522,3.580195003211,3.6558892260226323,True
NGC6946,8.7,177.0,2.0,38.88,182.77,45.09,192.2228794914903,3601.034482758621,4247.084528735632,3.5564272801049945,3.6280909047387664,True
NGC6946,9.08,176.0,2.0,39.08,181.24,44.13,190.5849965238607,3411.453744493392,4000.290848017621,3.5329394871072144,3.6020915686022343,True
NGC6946,9.36,173.0,3.0,38.4,179.87,43.47,188.9905230428235,3197.5427350427353,3815.963440170941,3.5048163575194855,3.5816042051808834,True
NGC6946,9.73,172.0,2.0,37.72,177.19,42.63,186.10860109086843,3040.4933196300103,3559.7545118191156,3.482944053546746,3.5514200491418597,True
NGC6946,10.1,172.0,2.0,37.43,174.69,41.85,183.4912082362531,2929.108910891089,3333.5666831683166,3.466735520032455,3.522909146979921,True
NGC6946,10.48,170.0,2.0,37.14,171.99,41.08,180.68620893693023,2757.6335877862593,3115.2200477099236,3.44053656010884,3.493488729046841,True
NGC6946,10.76,171.0,2.0,36.66,170.15,40.54,178.71337303067168,2717.565055762082,2968.2592657992573,3.434179949453937,3.4725018321825747,True
NGC6946,11.13,174.0,2.0,35.89,167.51,39.86,175.88778183830735,2720.2156334231804,2779.5608086253364,3.434603332230491,3.4439761795660018,True
NGC6946,11.51,174.0,2.0,36.08,164.95,39.2,173.34044219396694,2630.4083405734145,2610.504682884448,3.420023172935408,3.416724476611684,True
NGC6946,11.88,175.0,2.0,36.76,162.35,38.58,170.87198863476715,2577.861952861953,2457.6798400673397,3.411259656727414,3.39052530704993,True
NGC6946,12.26,174.0,2.0,37.82,159.81,37.98,168.55879953298196,2469.494290375204,2317.4607585644376,3.392608026382803,3.36501238899422,True
NGC6946,12.54,173.0,6.0,38.79,158.0,37.55,166.96905881030773,2386.6826156299844,2223.1791547049443,3.3777946697628933,3.3469744616934527,True
NGC6946,12.91,173.0,6.0,40.14,155.62,37.01,164.91981112043513,2318.280402788536,2106.781107668474,3.3651659639911706,3.3236194152141505,True
NGC6946,13.29,173.0,8.0,42.08,153.17,36.48,162.98026168834065,2251.9939804364185,1998.6881640331076,3.352567225314859,3.300745040639407,True
NGC6946,13.66,175.0,9.0,44.01,150.89,35.98,161.24277534202886,2241.9472913616396,1903.3113177159585,3.3506253980270753,3.279509830067461,True
NGC6946,14.03,174.0,9.0,45.46,148.68,35.5,159.47602954676293,2157.9472558802568,1812.730149679259,3.3340408255368397,3.2583331580790564,True
NGC6946,14.31,171.0,9.0,46.53,147.06,35.16,158.20211787457208,2043.3962264150944,1748.9804402515724,3.310352587024531,3.2427849525671215,True
NGC6946,14.69,167.0,8.0,45.94,144.87,34.7,155.89063634484273,1898.5023825731791,1654.3152144315864,3.27841114650491,3.218618263889626,True
NGC6946,15.06,165.0,7.0,44.59,142.8,34.27,153.4748871965704,1807.7689243027887,1564.0465471447546,3.2571429165631307,3.1942496738308006,True
NGC6946,15.44,163.0,8.0,44.01,140.8,33.84,151.3494819944885,1720.7901554404145,1483.5923380829017,3.235727912808198,3.1713145817764774,True
NGC6946,15.72,162.0,8.0,44.2,139.35,33.54,149.98997999866523,1669.4656488549617,1431.1064949109411,3.222577487381873,3.155671952719449,True
NGC6946,16.09,161.0,9.0,33.85,137.46,33.15,145.39599925720103,1611.0006215040398,1313.859328775637,3.20709570796467,3.1185488690236856,True
NGC6946,16.47,159.0,10.0,33.85,135.59,32.77,143.5421314457884,1534.9726775956285,1251.0226775956287,3.1861006494711486,3.0972651823276154,True
NGC6946,16.84,158.0,10.0,33.85,133.88,32.41,141.84528543451842,1482.4228028503562,1194.7793942992873,3.1709720867452145,3.077287723959473,True
NGC6946,17.21,157.0,10.0,33.85,132.2,32.06,140.1802628760554,1432.2486926205693,1141.807443346891,3.1560184344909072,3.0575928698091692,True
NGC6946,17.5,157.0,10.0,33.85,130.89,31.79,138.88347165879745,1408.5142857142857,1102.2067828571426,3.148761256132173,3.042263079297295,True
NGC6946,17.87,157.0,9.0,33.85,129.3,31.46,137.31002913115998,1379.3508673754895,1055.0668214885281,3.139674752312823,3.0232799660647443,True
NGC6946,18.24,160.0,11.0,33.85,127.8,31.14,135.8247477450262,1403.5087719298247,1011.423360745614,3.1472151313194523,3.0049329802691855,True
NGC6946,18.62,159.0,12.0,33.85,126.3,30.82,134.34055567846963,1357.7336197636948,969.2473093447903,3.132814571995579,2.986434604068381,True
NGC6946,18.9,160.0,14.0,33.85,125.2,30.59,133.25393277498418,1354.4973544973545,939.5032063492064,3.1317781611386053,2.9728982666051356,True
NGC6946,19.27,158.0,16.0,33.85,123.92,30.3,131.98514651278,1295.4852101712506,903.9999429164504,3.1124324592533923,2.956168403051612,True
NGC6946,19.65,155.0,18.0,33.85,122.75,30.0,130.81813712173096,1222.64631043257,870.9101781170485,3.0873008416291374,2.939973366075783,True
NGC6946,20.02,157.0,19.0,33.85,121.08,29.72,129.18772116575167,1231.2187812187813,833.6397252747253,3.0903352316751675,2.92097840180062,True
NGC6946,20.4,154.0,21.0,33.85,119.5,29.44,127.64319840868922,1162.5490196078433,798.6659852941177,3.0654112742470274,2.902365188484509,True
NGC7331,2.67,221.0,20.0,-12.02,317.9,136.84,346.30922020645073,18292.50936329588,44917.63146067415,4.262273286005646,4.6524168475297705,False
NGC7331,3.21,237.0,13.0,-12.52,344.05,124.77,366.1894397712747,17498.130841121496,41774.051651090354,4.242991659615336,4.620906599382344,False
NGC7331,3.74,249.0,8.0,-12.91,365.51,115.63,383.58118449684156,16577.807486631016,39340.782112299465,4.219527091990993,4.594842989637194,False
NGC7331,4.27,250.0,5.0,-12.71,368.89,108.22,384.6465190275352,14637.002341920375,34649.401545667446,4.165452142319052,4.539695738005292,False
NGC7331,4.81,253.0,5.0,-11.52,367.77,101.96,381.81582588991773,13307.484407484408,30308.383555093555,4.124095965977804,4.4815627746446545,False
NGC7331,5.35,257.0,5.0,-9.56,371.23,96.68,383.73184504286326,12345.607476635514,27523.388579439255,4.091512464641361,4.439701901611318,False
NGC7331,5.88,257.0,5.0,-6.26,365.05,92.22,376.5703367234334,11232.823129251701,24116.533758503403,4.05048892058645,4.38231488731006,False
NGC7331,6.41,257.0,5.0,4.8,360.1,88.33,370.806201269612,10304.05616224649,21450.42728549142,4.0130082171437715,4.331435947610855,False
NGC7331,7.48,257.0,5.0,12.22,345.54,81.76,355.2913137131275,8830.080213903742,16875.924812834226,3.9459646487981277,4.227267581805604,False
NGC7331,8.55,255.0,5.0,16.59,324.23,76.48,333.54086915998766,7605.263157894737,13011.638760233918,3.8811142461397377,4.114331997538281,False
NGC7331,9.62,248.0,6.0,22.45,311.29,72.1,320.31839878470925,6393.347193347194,10665.68363825364,3.8057282896146196,4.027988697648154,False
NGC7331,10.66,247.0,6.0,28.21,299.93,68.49,308.94123891122075,5723.170731707317,8953.535562851781,3.757636701828778,3.951994562939774,False
NGC7331,11.74,246.0,6.0,33.77,288.64,65.26,297.84615172937856,5154.684838160136,7556.416533219761,3.7122021172951625,3.8783158895744316,False
NGC7331,12.83,244.0,6.0,38.94,280.42,62.43,289.9124090134812,4640.37412314887,6550.990249415433,3.6665529963025305,3.8163069530225022,True
NGC7331,13.91,242.0,4.0,43.31,272.13,59.96,282.00300459392275,4210.208483105679,5717.159928109274,3.624303601968816,3.7571803410552542,True
NGC7331,15.0,238.0,3.0,45.59,263.74,57.74,273.80858879881765,3776.266666666667,4998.076220000001,3.5770626550573428,3.6988028747742265,True
NGC7331,16.08,236.0,3.0,47.38,256.44,55.77,266.6770160700018,3463.681592039801,4422.676050995025,3.5395379615277807,3.6456851296436925,True
NGC7331,17.07,233.0,3.0,49.66,250.86,54.12,261.3920993450261,3180.3749267721146,4002.684803749268,3.5024783209373043,3.602351392407885,True
NGC7331,18.15,234.0,3.0,53.93,245.89,52.49,257.14886175132096,3016.8595041322315,3643.2802809917353,3.4795550854481543,3.5614925832116615,True
NGC7331,19.24,236.0,3.0,57.71,242.0,50.98,253.95551677409964,2894.802494802495,3352.048050935551,3.461618938238419,3.52531023552703,True
NGC7331,20.32,237.0,3.0,60.09,237.62,49.61,250.0704392766166,2764.222440944882,3077.5208956692913,3.441572988408326,3.488201010374454,True
NGC7331,21.41,238.0,3.0,61.78,231.06,48.33,244.01082127643437,2645.6795889771133,2781.003311536665,3.4225372468185857,3.444201506009519,True
NGC7331,22.49,240.0,3.0,63.67,224.49,47.15,238.06039464808086,2561.1382836816365,2519.908915073366,3.40843302798758,3.401384843005377,True
NGC7331,23.48,238.0,3.0,64.56,219.56,46.15,233.46179494726755,2412.4361158432707,2321.312167802385,3.382455821537447,3.3657335478827806,True
NGC7331,24.57,237.0,3.0,62.97,214.35,45.11,227.91677318705615,2286.0805860805863,2114.2065730565732,3.3590915355401267,3.325147418711999,True
NGC7331,25.65,236.0,3.0,61.48,209.72,44.15,222.9607393690647,2171.3840155945422,1938.0698362573098,3.336736636492378,3.2873694223301926,True
NGC7331,26.74,238.0,3.0,60.79,205.21,43.24,218.34895419946486,2118.3246073298433,1782.9568362004488,3.3259925111870583,3.251140829419398,True
NGC7331,27.82,239.0,3.0,59.4,200.95,42.4,213.79200756810343,2053.235082674335,1642.9555176132278,3.3124386762402476,3.2156258052386923,True
NGC7331,28.91,239.0,3.0,57.31,196.85,41.59,209.1986775770822,1975.8215150466967,1513.8044517468004,3.2957477102256174,3.180069778062156,True
NGC7331,29.89,241.0,4.0,55.13,193.34,40.9,205.16452544238734,1943.1582469053194,1408.2463198394112,3.288508170110456,3.1486786249700374,True
NGC7331,30.98,236.0,4.0,52.84,189.65,40.18,200.93188024800844,1797.8050355067785,1303.2156391220144,3.254742592517026,3.115016283043577,True
NGC7331,32.06,236.0,5.0,51.55,186.2,39.49,197.19863741922762,1737.2426699937616,1212.9539176543979,3.239860487922087,3.083844301535514,True
NGC7331,33.15,239.0,5.0,51.35,182.89,38.84,193.8920323272723,1723.107088989442,1134.0609411764706,3.2363122691554835,3.0546363929215565,True
NGC7331,34.23,237.0,5.0,50.86,179.88,38.22,190.79916771306944,1640.9290096406662,1063.5209582237803,3.2150897928823308,3.026746052726057,True
NGC7331,35.32,241.0,7.0,49.27,177.27,37.63,187.79830324047128,1644.422423556059,998.5334852774635,3.2160133902442056,2.9993626332802195,True
NGC7331,36.31,238.0,9.0,47.97,173.78,37.11,184.05912473985092,1560.011016248967,933.014635086753,3.1931276652001315,2.9698884560590075,True
NGC7793,0.11,9.1,8.5,0.65,27.23,0.0,27.237756882680337,752.8181818181818,6744.503636363636,2.876690099483962,3.828949993159815,False
NGC7793,0.14,17.6,7.4,0.65,29.91,0.0,29.917062021528785,2212.571428571429,6393.075714285714,3.3448972999500617,3.8057098478879188,False
NGC7793,0.17,19.3,7.4,0.65,32.32,0.0,32.32653553970793,2191.1176470588234,6147.087647058823,3.3406656966372736,3.788669405468772,False
NGC7793,0.21,24.8,6.4,0.65,35.62,0.0,35.62593016329538,2928.761904761905,6043.842380952379,3.4666840669185133,3.781313129728004,False
NGC7793,0.24,30.0,7.2,0.74,37.98,0.0,37.98720837334589,3750.0,6012.616666666666,3.574031267727719,3.7790635163586836,False
NGC7793,0.28,35.0,7.3,0.9,40.67,0.0,40.67995698129486,4375.0,5910.210357142857,3.640978057358332,3.771602938634311,False
NGC7793,0.32,38.3,7.6,1.05,43.2,0.0,43.212758532637096,4584.031249999999,5835.445312500001,3.6612475696173394,3.7660740033774593,False
NGC7793,0.35,42.7,8.8,1.21,45.04,0.0,45.056250398807045,5209.400000000001,5800.187714285715,3.716787705699772,3.763442049073154,False
NGC7793,0.39,47.0,5.3,1.36,47.33,0.0,47.3495353725884,5664.1025641025635,5748.66282051282,3.7531311088449355,3.759566836479497,False
NGC7793,0.42,49.8,5.6,1.52,48.89,0.0,48.91362284681028,5904.857142857142,5696.529761904762,3.7712093951215344,3.7556103707224726,False
NGC7793,0.46,52.2,6.2,1.67,51.0,0.0,51.02733483144108,5923.565217391304,5660.410652173913,3.7725831743229503,3.7528479395811503,False
NGC7793,0.49,53.4,6.3,1.83,52.6,0.0,52.63182402311362,5819.510204081633,5653.283469387756,3.764886434028599,3.7523007625880758,False
NGC7793,0.53,54.6,5.9,1.99,54.8,0.0,54.83612039522854,5624.830188679246,5673.585094339621,3.7501094158086854,3.753857572942511,False
NGC7793,0.56,55.5,6.9,2.12,56.23,0.0,56.269950239892694,5500.446428571428,5654.1201785714275,3.740397939239152,3.7523650351997917,False
NGC7793,0.6,55.9,7.5,2.23,57.57,0.0,57.61317384071112,5208.016666666666,5532.129666666668,3.716672365389203,3.7428923509126624,False
NGC7793,0.63,58.3,7.4,2.35,58.53,0.0,58.57715766405878,5395.063492063492,5446.481587301588,3.7319965600644465,3.7361160397693935,False
NGC7793,0.66,59.3,6.3,2.47,59.59,0.0,59.64116866728887,5328.015151515151,5389.4984848484855,3.7265654511866564,3.731548354166995,False
NGC7793,0.7,59.5,6.7,2.59,61.08,0.0,61.13488774832256,5057.5,5339.249285714286,3.703935891442842,3.727480198228713,False
NGC7793,0.87,59.1,5.1,3.18,66.09,0.0,66.16646053704248,4014.7241379310344,5032.184482758621,3.6036557091438923,3.7017565542129356,False
NGC7793,1.05,62.6,5.5,3.96,69.65,0.0,69.76248347070222,3732.152380952381,4635.051523809524,3.5719593673509213,3.666054566178853,False
NGC7793,1.22,65.6,4.8,5.5,72.34,0.0,72.54878083055566,3527.344262295082,4314.20131147541,3.5474478480765725,3.634900406511326,False
NGC7793,1.4,70.7,4.6,7.05,75.45,0.0,75.77865794536085,3570.350000000001,4101.717857142858,3.552710791915561,3.6129657834579496,False
NGC7793,1.57,73.9,4.0,8.58,78.94,0.0,79.40491168687237,3478.47770700637,4016.0127388535025,3.541389224380418,3.603795081727851,False
NGC7793,1.75,78.5,4.2,10.09,82.71,0.0,83.32317924803397,3521.285714285714,3967.2869714285707,3.5467012648042107,3.598493616052739,False
NGC7793,1.92,82.4,4.6,11.55,87.55,0.0,88.30857829225879,3536.333333333334,4061.6692708333335,3.548553194690682,3.6087045572520084,False
NGC7793,2.1,87.1,4.9,13.06,92.38,0.0,93.2985959165517,3612.57619047619,4145.060952380952,3.5578170152814073,3.6175309211560336,False
NGC7793,2.27,89.6,5.4,14.78,95.96,0.0,97.09155473057375,3536.6343612334795,4152.762114537444,3.5485901621311275,3.6183370538397814,False
NGC7793,2.45,94.9,5.7,16.4,96.45,0.0,97.83436257266666,3675.9224489795915,3906.7602040816323,3.5653663404900526,3.591816755161265,False
NGC7793,2.62,98.1,5.0,18.13,95.98,0.0,97.67731210470527,3673.133587786259,3641.5485877862598,3.5650367234401514,3.5612861089536656,False
NGC7793,2.79,99.3,5.7,20.29,96.23,0.0,98.34580316414117,3534.2258064516127,3466.6297491039427,3.5482942937171646,3.5399074596235947,False
NGC7793,2.97,98.6,7.2,22.34,96.64,0.0,99.18853361150168,3273.387205387205,3312.580875420875,3.51499738056521,3.520166490211351,False
NGC7793,3.16,101.0,8.7,24.5,96.45,0.0,99.51307703010696,3228.164556962025,3133.8140822784812,3.5089556649468814,3.496073227794476,True
NGC7793,3.33,103.0,9.4,26.22,95.51,0.0,99.04366966141754,3185.8858858858857,2945.840390390391,3.5032302159040247,3.4692092124826686,True
NGC7793,3.51,107.0,9.1,27.95,94.38,0.0,98.4316356665884,3261.823361823362,2760.338148148148,3.513460438904595,3.440962287456282,True
NGC7793,3.68,114.0,7.4,29.68,93.3,0.0,97.90706001101248,3531.5217391304345,2604.8348913043474,3.5479618839994274,3.4157802005461226,True
NGC7793,3.85,112.0,8.1,29.78,92.28,0.0,96.966214734824,3258.181818181818,2442.1939740259745,3.5129753158318624,3.3877801553105518,True
NGC7793,4.03,114.0,7.6,30.0,91.15,0.0,95.96000468945383,3224.8138957816377,2284.9435483870966,3.508504656531836,3.35887547489741,True
NGC7793,4.2,116.0,7.2,30.11,89.82,0.0,94.73248914707139,3203.809523809524,2136.7248809523808,3.5056666880559364,3.329748607154217,True
NGC7793,4.38,114.0,7.8,30.65,88.18,0.0,93.35488685655402,2967.123287671233,1989.7568264840186,3.4723355921688457,3.2988000033598337,True
NGC7793,4.73,114.0,11.4,31.83,85.52,0.0,91.25140711243854,2747.5687103594078,1760.4269133192386,3.4389485619351334,3.2456179994141348,True
NGC7793,5.25,109.0,9.9,33.35,82.4,0.0,88.89309590738755,2263.0476190476193,1505.139523809524,3.3546936924752906,3.1775767601371614,True
NGC7793,5.78,107.0,12.6,34.64,77.56,0.0,84.94400037671878,1980.795847750865,1248.3534948096885,3.2968397169498904,3.096337581425746,True
NGC7793,6.3,105.0,12.5,34.75,74.17,0.0,81.90696795755535,1750.0,1064.8811746031747,3.2430380486862944,3.0273011494712416,True
NGC7793,6.82,101.0,5.2,33.99,71.94,0.0,79.56559369476231,1495.7478005865103,928.2527419354838,3.174858372908806,2.9676662407483896,True
NGC7793,7.35,94.5,4.6,32.7,69.09,0.0,76.43767461141135,1215.0,794.9276326530613,3.084576277934331,2.900327593851462,True
NGC7793,7.87,90.8,6.1,30.97,66.92,0.0,73.73891306494828,1047.6035578144854,690.905628970775,3.0201969646831057,2.8394187309976697,True
NGC7814,0.63,265.0,15.0,-0.69,39.69,345.22,347.4947778024873,111468.25396825396,191670.82634920639,5.047151198420034,5.282556015226858,False
NGC7814,1.72,250.0,15.0,-2.33,81.63,298.99,309.9417782423015,36337.20930232558,55851.10808139536,4.560351570436526,4.747031793903941,False
NGC7814,2.79,233.0,7.29,-3.94,104.82,255.24,275.9532815532368,19458.4229390681,27293.98336917563,4.28910763877844,4.4360669225885,False
NGC7814,3.91,230.0,6.45,-5.06,118.95,225.3,254.82306822577897,13529.411764705881,16607.3647314578,4.131278914639319,4.2203007237587356,False
NGC7814,5.03,228.0,5.37,-3.48,122.96,203.41,237.71180050641155,10334.791252485089,11233.976163021867,4.01430170894498,4.050533498026945,False
NGC7814,6.14,228.0,5.16,1.4,120.03,186.27,221.59800044224227,8466.449511400651,7997.666742671011,3.9277013228597397,3.9029633034191047,False
NGC7814,7.26,227.0,5.94,-1.38,115.88,172.25,207.60573522906344,7097.658402203857,5936.658581267217,3.851115093686152,3.773542073259007,True
NGC7814,8.37,226.0,3.0,5.96,113.5,160.83,196.93669160418025,6102.270011947432,4633.69898446834,3.785491420301542,3.6659278176217356,True
NGC7814,9.5,223.0,3.92,11.22,109.97,151.12,187.23392774815147,5234.631578947368,3690.1624947368423,3.7188861208074737,3.5670454905530313,True
NGC7814,10.65,219.0,2.9,16.09,105.99,142.79,178.55461993462953,4503.380281690141,2993.5917652582157,3.65353862190548,3.4761925755047334,True
NGC7814,11.74,216.0,2.55,18.57,102.02,136.04,171.0549820964008,3974.105621805792,2492.317453151618,3.599239405390266,3.39660335876214,True
NGC7814,12.82,214.0,2.55,19.07,97.84,130.19,163.9687976415025,3572.2308892355695,2097.1736817472697,3.552939521515583,3.3216343989445787,True
NGC7814,14.01,214.0,3.07,17.78,93.27,124.54,156.60661831480814,3268.807994289793,1750.5805067808708,3.514389411412607,3.2431820881640108,True
NGC7814,15.09,214.0,3.61,20.16,89.43,120.01,151.01837835177545,3034.857521537442,1511.3684956925117,3.482138306922792,3.1793703651561387,True
NGC7814,16.18,214.0,4.46,23.24,85.93,115.89,146.13197665124494,2830.4079110012362,1319.8117799752781,3.451849029422128,3.1205120003372335,True
NGC7814,17.36,214.0,5.07,23.44,82.48,111.88,140.95927922630705,2638.0184331797236,1144.5575115207373,3.4212778258579086,3.058637619910145,True
NGC7814,18.44,214.0,4.78,23.34,79.67,108.55,136.65711470684576,2483.51409978308,1012.7530911062906,3.395066629980771,3.00550357740325,True
NGC7814,19.53,214.0,4.87,22.64,77.35,105.49,132.75440557661352,2344.905273937532,902.3928417818739,3.370125303410527,2.9553956416182534,True
UGC00128,1.25,34.1,18.8,1.71,29.4,0.0,29.44968760445516,930.2480000000002,693.8272799999999,2.9685987449769393,2.841251371494152,False
UGC00128,3.75,78.4,6.54,4.27,49.15,0.0,49.3351335257137,1639.082666666667,649.0547733333333,3.214600857641158,2.8122813481912425,False
UGC00128,6.25,96.9,2.44,7.23,50.52,0.0,51.03472641251249,1502.3376,416.72692800000004,3.1767675367574553,2.6198515645416505,False
UGC00128,8.76,108.0,1.26,11.57,51.47,0.0,52.7543912864133,1331.5068493150686,317.6970091324201,3.1243434048058187,2.502013126305271,False
UGC00128,11.25,113.0,1.0,13.37,53.63,0.0,55.271455562523414,1135.0222222222221,271.54967111111114,3.055004364519458,2.433849281130797,False
UGC00128,13.74,114.0,0.86,16.66,57.25,0.0,59.62481111081192,945.8515283842795,258.7422197962154,2.9758229699494136,2.4128672997195757,False
UGC00128,16.22,121.0,0.68,23.15,57.75,0.0,62.2172403759601,902.6510480887794,238.655055487053,2.955519890757763,2.377770638563464,True
UGC00128,18.71,126.0,0.55,30.33,55.23,0.0,63.01001348992079,848.5301977552111,212.1999893105291,2.928667302735116,2.3267453576879498,True
UGC00128,21.3,128.0,0.63,35.52,52.6,0.0,63.46991728370221,769.2018779342723,189.12818779342723,2.886040335856999,2.276756261213278,True
UGC00128,23.79,129.0,0.61,39.51,50.52,0.0,64.13509569650614,699.4955863808323,172.90081967213118,2.844784978561232,2.237797052141706,True
UGC00128,26.28,129.0,0.65,42.0,47.75,0.0,63.592943790958444,633.2191780821918,153.88365677321156,2.801554059710755,2.187192497998424,True
UGC00128,28.77,131.0,0.73,44.9,45.88,0.0,64.19489387794016,596.4893986791797,143.23894334376084,2.7756027294212027,2.156061108614184,True
UGC00128,31.25,131.0,0.83,45.1,43.92,0.0,62.95217549854811,549.152,126.81524480000002,2.7396925696314347,2.1031714643860435,True
UGC00128,33.74,131.0,0.75,43.0,42.1,0.0,60.178152181668054,508.6247777119146,107.33283935981031,2.706397513058422,2.0307326182450915,True
UGC00128,36.23,127.0,1.24,42.3,40.43,0.0,58.51388638605369,445.18354954457635,94.50386144079492,2.648539107877377,1.975449554204159,True
UGC00128,38.82,126.0,1.4,42.4,38.83,0.0,57.493729223281385,408.9644513137558,85.15015198351365,2.611685559182782,1.9301854274664696,True
UGC00128,41.31,130.0,1.62,41.7,37.43,0.0,56.034765101675944,409.1019123698862,76.00810699588477,2.611831509637087,1.880859916436134,True
UGC00128,43.8,132.0,2.01,40.21,36.18,0.0,54.09100202436631,397.8082191780822,66.79992009132421,2.5996737519076003,1.8247759429558195,True
UGC00128,46.28,134.0,2.1,38.81,35.02,0.0,52.27443447805055,387.98617113223855,59.04530034572169,2.588816246449903,1.7711853360707048,True
UGC00128,48.77,129.0,2.66,37.11,33.97,0.0,50.31016795837597,341.2138609801107,51.8989747795776,2.5330266650069317,1.715158778812429,True
UGC00128,51.26,132.0,4.67,35.72,33.04,0.0,48.65757906020397,339.9141630901288,46.18728053062817,2.5313692605634746,1.6645223920947638,True
UGC00128,53.75,125.0,5.95,34.72,32.1,0.0,47.28518161115594,290.69767441860466,41.59792372093023,2.46344155742847,1.6190716542073622,True
UGC00191,0.62,29.9,1.42,1.81,21.8,0.0,21.87501085714016,1441.9516129032256,771.8001612903225,3.1589506871506052,2.8875048649939807,False
UGC00191,0.87,34.4,2.31,2.95,28.35,0.0,28.50307001008839,1360.183908045977,933.8218390804599,3.1335976325244417,2.9702640264605247,False
UGC00191,1.12,46.3,2.05,4.13,31.91,0.0,32.17615576789745,1914.008928571428,924.3794642857142,3.2819439593657247,2.9658502887689266,False
UGC00191,1.37,49.8,1.87,5.34,34.28,0.0,34.693428772607646,1810.2481751824812,878.5649635036496,3.257738118363028,2.943773879944063,False
UGC00191,1.62,57.6,2.76,6.6,35.59,0.0,36.196796819608224,2048.0,808.7704320987656,3.3113299523037933,2.9078252654673715,False
UGC00191,2.3,71.3,7.5,10.14,39.66,0.0,40.93574477153188,2210.3,728.5805217391304,3.3444512236861383,2.8624775564004215,False
UGC00191,4.97,76.65,1.09,23.98,41.54,0.0,47.96469534980911,1182.1373239436623,462.8997987927566,3.072667929647456,2.665486992009394,True
UGC00191,7.45,81.0,0.63,33.08,37.03,0.0,49.6538749746684,880.6711409395973,330.9405771812081,2.9448137650090067,2.5197500200020615,True
UGC00191,9.98,83.85,1.04,33.72,31.94,0.0,46.44568871273199,704.4912324649298,216.15250501002006,2.847875592596838,2.3347602729750365,True
UGC00634,4.51,69.75,4.15,19.36,43.61,0.0,47.714166659389534,1078.7278270509978,504.7986031042128,3.03291188201331,2.703118144443345,False
UGC00634,9.01,97.7,1.63,33.73,40.02,0.0,52.33844953760094,1059.410654827969,304.030332963374,3.0250643364584833,2.4829169151266397,True
UGC00634,13.51,108.0,0.99,39.28,33.41,0.0,51.56691284147229,863.3604737231681,196.82801628423388,2.936192161951869,2.2940869154960533,True
UGC00634,18.01,107.5,2.32,36.27,28.28,0.0,45.99207866578766,641.657412548584,117.44982232093282,2.807303215683715,2.0698523641098205,True
UGC00731,0.91,29.6,2.38,0.8,7.82,0.0,7.8608142071925355,962.8131868131869,67.90373626373626,2.9835420297967836,1.8318936711005547,False
UGC00731,1.81,44.6,2.4,5.58,11.42,0.0,12.710342245588826,1098.9834254143645,89.25569060773482,3.0409911425550993,1.950635914652608,False
UGC00731,2.73,50.4,2.86,7.79,12.3,0.0,14.559330341743058,930.4615384615385,77.64619047619048,2.9686984258502944,1.8901201529717966,False
UGC00731,3.64,56.8,3.43,14.0,13.66,0.0,19.560051124677564,886.3296703296702,105.1086813186813,2.9475952877729816,2.0216385875134484,False
UGC00731,4.55,60.7,2.98,16.12,14.46,0.0,21.655161047657902,809.778021978022,103.06505494505497,2.9083659854934027,2.013111439123566,False
UGC00731,5.45,64.7,2.46,18.25,14.91,0.0,23.56630221311778,768.0899082568808,101.90286238532109,2.885412059060758,2.008186383228121,False
UGC00731,6.36,68.0,2.38,23.38,14.47,0.0,27.495550549134308,727.0440251572327,118.8687578616352,2.861560709764059,2.075067724499202,True
UGC00731,7.28,71.5,2.52,30.0,14.77,0.0,33.43879333947324,702.2321428571429,153.59243131868132,2.846480704289124,2.186369815190809,True
UGC00731,8.19,73.4,2.68,33.62,14.75,0.0,36.71330685187593,657.8217338217339,164.57471306471305,2.8181082180717225,2.2163631065742613,True
UGC00731,9.09,74.0,2.83,34.88,13.66,0.0,37.45944473694185,602.4202420242025,154.36853685368538,2.779899556239985,2.1885587878180592,True
UGC00731,10.0,73.8,3.22,36.0,13.17,0.0,38.33339144923131,544.644,146.94489000000002,2.736112723646083,2.167154488105881,True
UGC00731,10.91,73.9,3.42,35.75,12.83,0.0,37.98251439807533,500.5692025664529,132.23385884509622,2.6994641262013097,2.121342671691508,True
UGC00891,1.48,24.35,2.92,9.7,18.56,0.0,20.941910132554764,400.62331081081084,296.3267567567567,2.602736215706349,2.471770867771548,False
UGC00891,2.97,43.55,1.4,18.44,19.59,0.0,26.903562961065212,638.5867003367002,243.70427609427608,2.8052198693701516,2.3868631494877843,False
UGC00891,4.45,54.15,0.67,22.96,18.92,0.0,29.751100819969672,658.9264044943819,198.90516853932587,2.8188369109417466,2.298646068388109,True
UGC00891,5.94,60.15,0.48,21.83,18.18,0.0,28.408824333294753,609.0946969696969,135.8689057239057,2.7846848183705335,2.1331200776475363,True
UGC00891,7.39,63.75,0.95,21.02,16.53,0.0,26.741004094835333,549.940798376184,96.76336941813263,2.74031593981716,1.9857109826148591,True
UGC01230,0.78,19.8,10.7,2.9,21.08,0.0,21.27854318321628,502.61538461538464,580.4825641025641,2.701235777832582,2.7637891794100504,False
UGC01230,2.35,55.4,10.7,8.06,40.8,0.0,41.58850321903879,1306.0255319148935,736.0015319148936,3.115951667185123,2.8668787182797444,False
UGC01230,3.91,88.5,10.7,12.62,45.89,0.0,47.59366029210193,2003.1329923273656,579.3239130434782,3.301709783999784,2.7629214554600194,False
UGC01230,5.48,105.0,10.7,16.73,51.07,0.0,53.7404670616101,2011.861313868613,527.014197080292,3.303598039655507,2.721822314701315,False
UGC01230,7.03,106.0,10.7,20.63,52.93,0.0,56.808289888008424,1598.2930298719773,459.0585775248933,3.2036564055097165,2.661868106610561,False
UGC01230,8.6,103.0,10.7,24.32,52.95,0.0,58.26804355733939,1233.6046511627908,394.7866162790698,3.0911759981667766,2.596362421164086,False
UGC01230,13.27,109.0,15.8,34.07,49.67,0.0,60.23183377583651,895.3278070836474,273.389133383572,2.951982073016812,2.4367812483249214,True
UGC01230,14.85,113.0,14.7,36.74,48.73,0.0,61.02819430394447,859.8653198653199,250.80407407407407,2.9344304333136084,2.3993345869175244,True
UGC01230,25.8,105.0,10.4,46.59,38.25,0.0,60.28010119434108,427.3255813953488,140.84072093023258,2.630758892176646,2.1487282394542424,True
UGC01230,32.01,103.0,10.0,43.71,33.76,0.0,55.22953648185,331.42767885035926,95.2921493283349,2.520388775266212,1.9790571226338562,True
UGC01230,36.54,103.0,10.0,39.61,31.2,0.0,50.42213898675858,290.3393541324576,69.5783278598796,2.4629059063938255,1.8424739873613631,True
UGC01281,0.08,1.41,4.0,-5.85,1.5,0.0,6.0392466417592185,24.851249999999997,455.90624999999994,1.3953482383188163,2.6588755459679336,False
UGC01281,0.23,4.46,4.0,-5.85,3.55,0.0,6.842879510849215,86.48521739130435,203.5869565217391,1.9369418814066908,2.308749950029682,False
UGC01281,0.38,7.71,4.0,-0.98,5.31,0.0,5.399675916200897,156.43184210526314,76.72763157894735,2.194325159485104,1.8849517926478971,False
UGC01281,0.54,11.0,4.0,-2.22,8.22,0.0,8.514505270419416,224.07407407407405,134.25333333333333,2.3503916104934817,2.127925077465085,False
UGC01281,0.69,14.2,4.0,-3.47,10.22,0.0,10.793020893151278,292.231884057971,168.82507246376815,2.4657275980288578,2.2274369448018625,False
UGC01281,0.84,17.2,5.78,-4.43,12.07,0.0,12.857285872220466,352.19047619047615,196.79738095238096,2.5467776077532163,2.2940193143925915,False
UGC01281,1.0,20.2,4.74,-5.15,13.91,0.0,14.832754295814382,408.03999999999996,220.0106,2.6107027388932473,2.342443605415882,False
UGC01281,1.15,23.2,4.0,-5.85,15.41,0.0,16.483039768198097,468.0347826086957,236.25269565217394,2.670278129428188,2.3733767725260004,False
UGC01281,1.3,26.4,7.13,-1.76,16.74,0.0,16.832266632869143,536.1230769230768,217.9424615384615,2.729264501432825,2.3383418517025505,False
UGC01281,1.46,29.3,4.38,2.33,17.86,0.0,18.011343647823725,588.0068493150685,222.19760273972602,2.769382384923782,2.346739369084935,False
UGC01281,1.61,31.6,4.94,5.46,18.77,0.0,19.54800501329995,620.223602484472,237.34440993788814,2.792548289204958,2.375379007439599,False
UGC01281,1.76,34.6,4.0,7.63,19.16,0.0,20.62334841872192,680.2045454545455,241.66051136363635,2.8326395297714035,2.3832056901347047,False
UGC01281,1.92,37.4,7.09,9.79,19.52,0.0,21.837456353705665,728.5208333333334,248.37213541666665,2.862441975697411,2.3951028712405336,False
UGC01281,2.07,39.9,4.0,11.26,19.66,0.0,22.656195620624395,769.0869565217392,247.97256038647348,2.885975445916579,2.394403626261492,False
UGC01281,2.22,42.2,4.37,12.73,19.81,0.0,23.547590110242705,802.1801801801802,249.76981981981982,2.904271927472709,2.3975399605490826,False
UGC01281,2.38,44.4,4.58,13.9,19.88,0.0,24.25746070799662,828.3025210084033,247.23714285714286,2.918188983172728,2.39311371611803,False
UGC01281,2.53,46.7,5.91,14.68,20.02,0.0,24.82544662236714,862.0118577075101,243.59794466403162,2.9355132399564066,2.3866736196552742,False
UGC01281,2.68,48.5,7.72,15.47,19.97,0.0,25.26107281965673,877.7052238805969,238.10514925373133,2.9433486831757385,2.3767687875438983,False
UGC01281,2.76,49.3,9.73,15.76,19.92,0.0,25.400472436551254,880.6123188405797,233.76231884057975,2.944784756489242,2.368774506661206,False
UGC01281,3.07,53.0,4.0,16.84,19.61,0.0,25.848359715850442,914.983713355049,217.6344299674267,2.961413363724392,2.3377276022487257,False
UGC01281,3.46,54.1,4.0,18.3,19.28,0.0,26.58210676376122,845.8988439306358,204.2220809248555,2.927318431420362,2.310102697130794,False
UGC01281,3.83,55.0,4.0,18.5,18.95,0.0,26.48306062372701,789.8172323759791,183.12075718015666,2.897526605019865,2.2627375754205494,False
UGC01281,4.23,55.7,4.0,18.21,18.54,0.0,25.987221859983418,733.4491725768321,159.65382978723403,2.8653700229724155,2.2031793408868214,True
UGC01281,4.62,56.4,4.0,19.58,18.33,0.0,26.820986186193824,688.5194805194806,155.70677489177487,2.837916232410559,2.192307509383161,True
UGC01281,4.99,56.9,4.0,20.46,18.23,0.0,27.403366581498705,648.819639278557,150.48987975951906,2.8121239871667525,2.1775072951964565,True
UGC02023,0.76,15.1,8.69,0.58,17.55,0.0,17.559581430091097,300.0131578947368,405.7090789473684,2.4771403023055476,2.6082147264438524,False
UGC02023,1.51,28.0,8.69,10.02,30.38,0.0,31.989760861875787,519.205298013245,677.7117880794701,2.715339115391269,2.831045039798712,False
UGC02023,2.27,37.6,8.69,14.0,35.0,0.0,37.69615364994153,622.8017621145375,625.9911894273127,2.7943498326621996,2.796568220734347,False
UGC02023,3.03,47.9,8.69,14.92,36.8,0.0,39.70952530564927,757.2310231023102,520.4113531353136,2.8792283983268216,2.716346762428819,False
UGC02023,3.78,58.8,8.69,19.48,36.55,0.0,41.41706049443876,914.6666666666666,453.8023544973545,2.9612628523150515,2.6568667448379344,False
UGC02259,1.02,56.1,3.4,4.05,24.58,0.0,24.911421075482625,3085.5,608.4106862745098,3.4893255507504053,2.784196833502745,False
UGC02259,2.04,71.1,3.0,7.98,36.06,0.0,36.93242477823518,2478.0441176470586,668.629411764706,3.394109034033634,2.8251854764835502,False
UGC02259,3.05,80.7,1.5,14.47,40.35,0.0,42.866110157092635,2135.24262295082,602.4601311475411,3.329447230097355,2.779928312001214,False
UGC02259,4.07,82.8,1.5,19.07,42.21,0.0,46.31791230182984,1684.4815724815721,527.1127764127764,3.2264662643445403,2.721903542980885,True
UGC02259,5.09,83.7,1.5,21.9,39.32,0.0,45.007470491019596,1376.3634577603145,397.9710019646365,3.1387331336497613,2.5998514284919017,True
UGC02259,6.11,86.0,1.5,24.6,37.93,0.0,45.20890288427712,1210.4746317512274,334.5081669394435,3.0829556922445813,2.5244067254325,True
UGC02259,7.13,88.3,2.3,26.68,36.09,0.0,44.881070620028666,1093.5329593267882,282.51199158485275,3.0388318773032714,2.4510368867345784,True
UGC02259,8.14,90.0,3.0,25.72,33.53,0.0,42.25848198882681,995.085995085995,219.38320638820636,2.9978606139894484,2.3412033796102647,True
UGC02487,9.93,377.0,10.3,-13.26,255.96,207.88,330.0082477757185,14313.091641490433,10967.31556898288,4.155733451916205,4.040100339858702,False
UGC02487,10.05,377.0,19.7,-13.37,257.66,206.72,330.60639875840275,14142.189054726367,10875.680686567164,4.150516638655078,4.036456448078974,False
UGC02487,10.35,378.0,10.8,-13.47,261.62,204.38,332.2614177120179,13805.217391304348,10666.439584541064,4.140043249881514,4.028019477828631,False
UGC02487,15.07,367.0,10.7,-11.85,272.35,172.87,322.7986708460864,8937.558062375581,6914.33191108162,3.951218876189547,3.8397502232959746,False
UGC02487,20.09,364.0,6.67,13.97,269.96,151.39,309.82655567268597,6595.121951219512,4778.123175709307,3.819222830549863,3.679257341278516,True
UGC02487,25.12,375.0,6.19,27.34,262.34,134.72,296.174322992389,5598.12898089172,3492.0075477707,3.748042900390279,3.5430751737367463,True
UGC02487,30.14,383.0,3.82,34.12,253.37,123.32,283.84565119092457,4866.92103516921,2673.1371499668217,3.6872542999586324,3.427021241564526,True
UGC02487,35.17,378.0,2.21,36.15,235.34,114.11,264.0318734547024,4062.6670457776513,1982.1674779641737,3.608811231357508,3.297140346255629,True
UGC02487,40.19,364.0,4.0,36.15,219.18,106.71,246.4421209939567,3296.7404827071414,1511.1649415277432,3.5180847611060773,3.1793118695579943,True
UGC02487,45.21,349.0,3.0,35.84,206.41,100.63,232.41340451875834,2694.116345941163,1194.779708029197,3.4304163468840656,3.0772878379982247,True
UGC02487,50.24,338.0,3.08,37.87,194.11,95.47,219.60726285803938,2273.9649681528663,959.939289410828,3.3567837698261696,2.982243767302475,True
UGC02487,55.26,332.0,2.19,41.62,183.23,91.03,208.7867768801463,1994.6435034382919,788.8512160694896,3.29986528682758,2.8969950993650655,True
UGC02487,60.28,330.0,1.61,44.55,174.98,87.16,200.49830049155028,1806.5693430656934,666.8806984074319,3.256854636113181,2.824048147773351,True
UGC02487,65.31,329.0,2.2,46.17,166.27,83.74,191.80659373441782,1657.341907824223,563.3098974123412,3.219412112139192,2.7507473819007213,True
UGC02487,70.33,330.0,3.53,46.48,159.17,80.69,184.4081218384917,1548.4146168064838,483.5255993175031,3.189887262342369,2.684419471899943,True
UGC02487,75.35,332.0,13.4,44.86,152.96,77.96,177.4456051864909,1462.8268082282682,417.8758168546782,3.165192910757422,2.621047238550987,True
UGC02487,80.38,333.0,15.3,42.32,147.51,75.48,171.0187501416146,1379.5595919382931,363.86430579746207,3.1397404651566236,2.56093945444439,True
UGC02885,1.7,305.0,10.0,0.0,92.31,265.84,281.41080594035475,54720.58823529412,46583.55394117646,4.738150757315298,4.668232618551687,False
UGC02885,3.41,257.0,10.0,0.0,152.76,236.42,281.4783011175106,19369.208211143694,23234.61407624633,4.287111867670092,4.366135463303005,False
UGC02885,6.82,256.0,10.0,0.0,220.93,175.44,282.1156828324154,9609.384164222873,11669.979252199413,3.9826955559672204,4.067070083923406,False
UGC02885,13.67,271.0,10.0,0.0,244.9,123.9,274.45804779601565,5372.421360643745,5510.403803950257,3.730170067180989,3.7411834252404663,False
UGC02885,19.49,282.0,10.0,0.0,240.52,103.77,261.95053597960055,4080.2462801436636,3520.6815443817345,3.610686377521101,3.5466267436806564,False
UGC02885,23.36,287.0,10.0,28.79,238.85,94.78,258.5757819286253,3526.070205479452,2862.2189640410957,3.5472909550276226,3.456702854873527,False
UGC02885,27.24,283.0,10.0,40.2,232.97,87.77,252.17976485039398,2940.1248164464023,2334.604765051395,3.468365767807833,3.3682133676062223,False
UGC02885,31.22,280.0,10.0,45.05,223.71,81.99,242.48304414948277,2511.210762331839,1883.3448654708523,3.3998831639580396,3.2749298523891683,True
UGC02885,35.1,280.0,10.0,50.3,214.74,77.32,233.71294358678554,2233.6182336182337,1556.174928774929,3.3490089462186146,3.1920584142035486,True
UGC02885,38.97,281.0,10.0,59.7,206.96,73.38,227.55473187784955,2026.1996407492943,1328.7440595329742,3.3066822340174693,3.1234413359186974,True
UGC02885,42.85,282.0,10.0,67.17,198.69,69.98,221.10342692957067,1855.8693115519252,1140.8804060676778,3.268547390379505,3.0572401214497136,True
UGC02885,46.73,287.0,10.0,65.05,189.07,67.02,210.88064823496725,1762.6578215279264,951.6509265996149,3.2461680124436714,2.9784776748000716,True
UGC02885,50.71,292.0,10.0,71.21,184.25,64.33,207.7432923104859,1681.4040623151252,851.060451587458,3.2256720923489635,2.929960409506936,True
UGC02885,54.58,298.0,10.0,79.19,180.41,62.01,206.55281237494685,1627.0428728471968,781.6794485159398,3.211398996818633,2.8930286938767136,True
UGC02885,58.46,298.0,10.0,83.33,174.83,59.92,202.7309157479441,1519.0557646253849,703.041809784468,3.181573717131093,2.846981153211508,True
UGC02885,62.34,298.0,10.0,83.33,168.07,58.02,196.36123395415908,1424.510747513635,618.5071254411291,3.1536657302116895,2.791344707234239,True
UGC02885,66.21,298.0,10.0,82.83,162.78,56.3,191.1225452425747,1341.2475456879627,551.6965307355385,3.127508940271193,2.741700252967801,True
UGC02885,70.19,298.0,10.0,85.86,158.17,54.68,188.09463283145533,1265.1944721470295,504.0545789998575,3.1021572857402973,2.7024775643723515,True
UGC02885,74.07,298.0,10.0,86.26,152.97,53.23,183.50488113399055,1198.9199405967329,454.6245632509789,3.078790183500916,2.6576528968446635,True
UGC02916,0.37,183.0,47.6,-2.62,11.2,123.59,124.12410120520511,90510.81081081081,41639.97972972973,4.956700455393864,4.619510509424746,False
UGC02916,0.74,196.0,40.7,-3.79,21.14,191.42,192.62107906457175,51913.51351351351,50139.02716216216,4.715280422981976,4.700175903172187,False
UGC02916,1.11,205.0,14.1,-4.87,30.05,218.87,220.97691350003058,37860.360360360355,43991.708378378375,4.578184743324851,4.643370827739451,False
UGC02916,1.48,211.0,7.89,-5.72,38.06,240.05,243.1157841440987,30081.756756756757,39936.00304054054,4.478303195200428,4.601364596731464,False
UGC02916,1.84,214.0,1.48,-6.31,45.23,258.74,262.7393320384293,24889.130434782608,37517.3677173913,4.396009723688845,4.57423235993318,False
UGC02916,2.21,214.0,1.5,-6.65,51.92,273.65,278.61125497725317,20722.171945701357,35124.08660633484,4.316435273013271,4.545605039333454,False
UGC02916,2.6,213.0,2.64,-6.69,58.41,280.2,286.3014568597233,17449.615384615383,31526.35546153846,4.241785858906657,4.498673767943346,False
UGC02916,2.96,211.0,4.5,-6.41,63.99,275.3,282.7116874131666,15040.878378378378,27001.99263513514,4.1772731995364465,4.431395814474237,False
UGC02916,3.17,210.0,8.68,-6.08,66.97,274.94,283.0440794293355,13911.671924290222,25272.539716088326,4.143379327250087,4.402648887715709,False
UGC02916,3.33,209.0,3.0,-5.72,69.15,273.2,281.8735193309226,13117.417417417417,23859.66393393393,4.117848338715788,4.377664322290488,False
UGC02916,3.7,207.0,1.6,-4.34,74.09,268.56,278.62633992499707,11580.81081081081,20981.793864864863,4.063738966846841,4.321842615998032,False
UGC02916,4.07,206.0,1.73,0.84,78.64,262.81,274.32471871852886,10426.535626535626,18489.938894348892,4.018140031513087,4.266935475902767,False
UGC02916,4.44,205.0,3.45,5.14,83.02,255.92,269.0980980980728,9465.090090090089,16309.41135135135,3.9761247519968888,4.212438286517081,False
UGC02916,4.81,205.0,2.77,7.67,87.31,248.41,263.41866505621806,8737.006237006237,14426.069251559253,3.941362645737677,4.159148012666043,False
UGC02916,5.18,206.0,7.48,9.9,90.63,241.01,257.67736998036906,8192.277992277992,12818.07471042471,3.913404680993074,4.107822798550172,False
UGC02916,5.55,207.0,5.02,12.08,91.17,233.88,251.31205641592288,7720.540540540541,11379.774720720721,3.8876477077911593,4.056133664649888,False
UGC02916,5.92,208.0,7.7,14.21,91.98,227.13,245.4593273843958,7308.108108108108,10177.412398648648,3.8638049632026035,4.007637372908746,False
UGC02916,6.28,210.0,1.95,16.44,93.75,220.9,240.53304575463224,7022.292993630573,9212.762117834396,3.8464789457306425,3.9643898574163243,False
UGC02916,6.34,210.0,4.78,16.75,94.14,219.93,239.81681967701934,6955.835962145111,9071.31025236593,3.8423493315861057,3.9576700207177526,False
UGC02916,6.65,212.0,1.96,18.67,96.53,214.9,236.3231258256373,6758.496240601504,8398.288691729324,3.8298500765543984,3.9241907994600616,False
UGC02916,7.03,214.0,0.76,20.8,99.17,209.22,232.46577662098994,6514.366998577525,7687.103456614509,3.8138722216785577,3.885762726045779,False
UGC02916,7.39,215.0,2.22,22.73,101.39,204.19,229.1072698541013,6255.074424898512,7102.860771312585,3.796232481436385,3.851433301812237,False
UGC02916,7.77,216.0,1.76,24.56,103.08,199.24,225.66625268302747,6004.6332046332045,6554.087207207208,3.7784864835009477,3.816512215709296,False
UGC02916,8.14,217.0,1.53,26.28,105.18,194.76,222.9011628502642,5784.889434889435,6103.799557739557,3.762295062807858,3.7856002634139005,False
UGC02916,8.51,218.0,7.7,27.91,106.86,190.42,220.13133375328465,5584.48883666275,5694.219048178613,3.7469834271246216,3.7554341697981926,False
UGC02916,8.88,218.0,6.86,29.33,108.2,186.31,217.43712884417877,5351.801801801801,5324.201013513513,3.7285000214306088,3.7262544437620124,False
UGC02916,9.25,218.0,8.37,30.55,109.65,182.7,215.25732275581242,5137.72972972973,5009.266486486486,3.710771254470177,3.6997741362077994,False
UGC02916,9.52,218.0,3.93,31.16,110.49,180.08,213.55980918702846,4992.01680672269,4790.734464285715,3.6982760388247353,3.68040209991443,False
UGC02916,9.62,218.0,4.05,31.36,110.78,179.14,212.94787531224628,4940.12474012474,4713.804324324324,3.6937379151713965,3.673371550477233,False
UGC02916,9.99,217.0,20.2,32.17,111.77,175.79,210.78322015758275,4713.613613613614,4447.403993993993,3.673353979471077,3.6481065817523275,False
UGC02916,10.4,217.0,4.2,33.08,112.69,172.23,208.46221576103426,4527.788461538461,4178.509173076923,3.6558861283982784,3.621021359910472,False
UGC02916,10.71,216.0,3.16,34.0,113.45,169.76,206.99120778429213,4356.302521008403,4000.5004761904756,3.639118031470006,3.6021143264408164,False
UGC02916,11.12,215.0,6.72,35.01,114.16,166.6,204.97259743682812,4156.924460431655,3778.2163399280576,3.618772132585172,3.5772868219148224,False
UGC02916,12.67,212.0,1.82,39.99,115.88,156.1,198.48069049658204,3547.277032359905,3109.280544593528,3.5498951069740614,3.492659909393491,False
UGC02916,12.98,211.0,16.6,41.0,116.15,154.24,197.3874365302919,3429.9691833590136,3001.679514637905,3.535290218131035,3.4773643213335257,False
UGC02916,15.86,209.0,8.38,52.47,115.82,139.51,188.76020078395763,2754.161412358134,2246.5582219419925,3.439989389240523,3.3515176782775775,True
UGC02916,19.05,215.0,13.2,66.17,112.66,127.33,182.43813581595268,2426.509186351706,1747.1744566929133,3.3849819398195726,3.242336271781049,True
UGC02916,22.14,215.0,13.9,76.32,108.18,118.11,177.41935322844574,2087.8500451671184,1421.7536991869918,3.3196993032885067,3.152824366893896,True
UGC02916,25.34,210.0,10.6,79.67,102.95,110.4,170.68734985346748,1740.3314917127072,1149.7305209155488,3.240631978920416,3.0605960603590976,True
UGC02916,28.53,196.0,12.8,78.35,97.69,104.04,162.807801410129,1346.5124430424114,929.0704591657903,3.129210371055876,2.968048651417264,True
UGC02916,31.72,185.0,11.5,74.49,92.71,98.67,154.53049246022613,1078.9722572509459,752.8270208070618,3.0330102781604613,2.8766951985924236,True
UGC02916,34.91,182.0,10.8,72.76,88.3,94.06,148.11546576910865,948.8398739616157,628.4214036092811,2.9771929271559707,2.7982509683970624,True
UGC02916,38.0,181.0,10.3,70.63,85.07,90.15,142.6622735694339,862.1315789473684,535.5927447368421,2.935573553121559,2.72883468532635,True
UGC02953,0.09,231.0,52.9,-0.75,12.18,80.49,81.4097967077673,592900.0,73639.5,5.772981450344964,4.867110831054435,False
UGC02953,0.17,231.0,27.9,-0.9,23.29,154.33,156.08005317784847,313888.23529411765,143299.90000000002,5.496775038406015,5.156245887330608,False
UGC02953,0.26,231.0,16.4,-0.97,35.2,203.79,206.8099248101986,205234.61538461538,164501.3269230769,5.312250611813471,5.216169405465604,False
UGC02953,0.34,231.0,11.9,-1.0,45.31,224.63,229.156350555685,156944.11764705883,154448.92058823528,5.1957450427420335,5.188784877453195,False
UGC02953,0.43,232.0,8.04,-1.04,56.16,236.57,243.14685295105093,125172.09302325582,137489.28395348834,5.097507514202213,5.138268850157346,False
UGC02953,0.51,232.0,6.53,-1.11,65.37,243.18,251.81537165153364,105537.25490196078,124335.25764705882,5.023405793683863,5.094594298636199,False
UGC02953,0.6,232.0,4.75,-1.21,75.35,248.89,260.04868524951246,89706.66666666667,112708.86449999998,4.952824719398156,5.051958074449285,False
UGC02953,0.69,232.0,4.0,-1.34,84.97,252.61,266.5211222398705,78005.79710144928,102947.1139130435,4.892126879044544,5.012614175828175,False
UGC02953,0.77,233.0,5.69,-1.48,93.17,255.01,271.50126961029116,70505.1948051948,95731.09012987014,4.848221116879556,4.98105300443382,False
UGC02953,0.86,233.0,4.83,-1.64,102.03,256.4,275.95972622830305,63126.74418604651,88550.89593023254,4.80021339080847,4.9471929596038775,False
UGC02953,0.95,234.0,10.8,-1.82,110.51,257.17,279.91459661832573,57637.89473684211,82475.98042105265,4.760708109531438,4.916327486859665,False
UGC02953,1.03,235.0,10.3,-2.0,117.74,258.4,283.96701850743153,53616.50485436893,78288.60932038832,4.7292984998383005,4.8936985785437574,False
UGC02953,1.11,235.0,10.6,-2.17,124.74,258.76,287.2655811265944,49752.25225225225,74343.70639639637,4.696812745756815,4.871244208997764,False
UGC02953,1.2,236.0,10.2,-2.35,132.45,259.47,291.33006350186383,46413.333333333336,70727.67158333334,4.666642759892588,4.849589360964466,False
UGC02953,1.29,237.0,10.6,-2.54,139.94,259.74,295.05003440094697,43541.860465116275,67484.12620155039,4.638906981720959,4.829201628922711,False
UGC02953,1.38,238.0,14.2,-2.73,147.1,259.48,298.28800394920347,41046.37681159421,64475.169057971034,4.613274827711788,4.809392489559067,False
UGC02953,1.46,238.0,14.1,-2.94,153.23,258.65,300.6458032303128,38797.260273972606,61909.519863013695,4.5888010583285865,4.791757435871211,False
UGC02953,1.55,239.0,19.6,-3.15,159.87,257.13,302.7939502367905,36852.25806451613,59151.08148387096,4.566464103725984,4.771962689423521,False
UGC02953,1.63,240.0,17.8,-3.37,165.58,255.36,304.3629788591247,35337.42331288344,56832.40668711658,4.548234879019255,4.754596047542236,False
UGC02953,1.72,241.0,7.14,-3.59,171.83,252.89,305.76427047645706,33768.023255813954,54355.6913372093,4.528505638242188,4.735245023802976,False
UGC02953,1.8,242.0,11.9,-3.81,177.21,250.43,306.8111554360434,32535.555555555555,52296.158388888885,4.512358226857557,4.718469787303515,False
UGC02953,1.89,243.0,10.9,-4.02,183.03,247.35,307.73066762999105,31242.857142857145,50104.84857142858,4.49475074302338,4.699879753929724,False
UGC02953,1.98,244.0,17.6,-4.24,188.55,244.09,308.462328656191,30068.68686868687,48055.054646464654,4.4781144624159275,4.681739075451239,False
UGC02953,2.07,246.0,11.4,-4.48,193.82,240.73,309.09091817780734,29234.782608695656,46153.234637681155,4.46589986874984,4.664202143846605,False
UGC02953,2.15,247.0,12.9,-4.72,198.33,237.68,309.59465386211053,28376.279069767443,44580.86032558141,4.452955446603726,4.6491484452803205,False
UGC02953,2.23,248.0,15.4,-4.99,202.68,234.62,310.0816455387194,27580.269058295966,43116.873049327354,4.440598498604272,4.634647257126162,False
UGC02953,2.32,249.0,17.6,-5.25,207.44,231.17,310.64205285183135,26724.568965517243,41594.174568965514,4.426910709300573,4.619032510201029,False
UGC02953,2.4,251.0,24.0,-5.52,211.55,228.14,311.1779756023874,26250.416666666668,40346.55520833333,4.4191362012504705,4.605806460548129,False
UGC02953,2.49,252.0,10.1,-5.8,216.16,224.74,311.87634280272044,25503.61445783132,39062.99325301204,4.406601734467352,4.591765518610297,False
UGC02953,2.58,253.0,12.0,-6.06,220.83,221.41,312.7698844198399,24809.68992248062,37916.6668992248,4.394621336388406,4.57883015327319,False
UGC02953,2.67,254.0,6.34,-6.31,225.64,218.17,313.9289324034979,24163.295880149813,36910.62719101123,4.383156171875301,4.567151424856482,False
UGC02953,2.75,256.0,6.22,-6.56,230.0,215.36,315.1554587818526,23831.272727272728,36117.441163636366,4.377147236793436,4.557716973981502,False
UGC02953,2.83,257.0,5.6,-6.82,234.46,212.6,316.57031446425924,23338.86925795053,35412.28409893993,4.368079811138299,4.549153939736757,False
UGC02953,2.92,259.0,8.73,-7.07,239.57,209.57,318.3761214350096,22972.945205479453,34713.4776369863,4.361216676714085,4.540498123982502,False
UGC02953,3.0,260.0,5.19,-7.31,243.97,206.96,320.01131011262714,22533.333333333332,34135.7462,4.352825441221974,4.533209400874537,False
UGC02953,3.09,262.0,11.0,-7.55,248.68,204.14,321.82586052087237,22214.886731391587,33518.40922330097,4.346644103214656,4.525283398921955,False
UGC02953,3.18,263.0,16.0,-7.78,252.98,201.42,323.46472017825994,21751.25786163522,32902.334968553456,4.337484376995083,4.517226719468971,False
UGC02953,3.27,264.0,13.1,-8.0,256.93,198.78,324.9469392070035,21313.761467889908,32290.676850152908,4.328660101079376,4.509077148430158,False
UGC02953,3.35,266.0,11.8,-8.21,260.17,196.48,326.1291514109096,21121.194029850747,31749.32041791045,4.324718466225288,4.501734433819801,False
UGC02953,3.43,267.0,12.7,-8.4,263.1,194.27,327.15898719124317,20783.965014577258,31204.95711370263,4.31772840268638,4.494223590047968,False
UGC02953,4.21,280.0,5.52,-9.93,282.25,175.61,332.56960098601917,18622.32779097387,26271.387054631832,4.270033966848771,4.419483002906747,False
UGC02953,4.29,282.0,2.35,-10.07,283.7,173.97,332.9454246569548,18537.062937062936,25839.7799067599,4.268040924453998,4.4122888101865625,False
UGC02953,4.38,283.0,5.1,-10.2,285.12,172.2,333.24209578023004,18285.1598173516,25353.948493150685,4.262098760544481,4.404045603718763,False
UGC02953,4.47,285.0,4.61,-10.32,286.54,170.45,333.5639016740271,18171.140939597317,24891.471252796426,4.259382196885084,4.396050567082169,False
UGC02953,4.8,290.0,10.8,-10.66,290.98,164.51,334.4346514642285,17520.833333333336,23301.3616875,4.243554758422325,4.367381301115616,False
UGC02953,5.25,296.0,2.85,-10.87,296.92,157.31,336.19351480955135,16688.761904761905,21528.777028571432,4.2224241187119205,4.333019359836101,False
UGC02953,5.32,298.0,1.92,-10.98,297.8,156.27,336.4902870812173,16692.48120300752,21283.028815789476,4.222520895857462,4.32803343303944,False
UGC02953,5.41,299.0,4.29,-10.98,298.79,154.97,336.76657405389864,16525.13863216266,20963.35035120148,4.21814511154229,4.321460692565567,False
UGC02953,5.5,300.0,4.92,-10.87,299.65,153.7,336.9450539776478,16363.636363636364,20642.17625454545,4.213879819945081,4.314755481982155,False
UGC02953,5.58,301.0,2.24,-10.87,300.25,152.59,336.97466892928315,16236.73835125448,20349.807795698925,4.210498792250108,4.308560311661408,False
UGC02953,5.67,302.0,4.59,-10.87,300.59,151.39,336.7364505069209,16085.361552028218,19998.489788359784,4.206430827021395,4.300997200596686,False
UGC02953,5.76,303.0,5.07,-10.77,301.15,150.21,336.705152173233,15939.0625,19682.354079861107,4.202462773581398,4.294077040373372,False
UGC02953,6.0,306.0,7.89,-10.56,302.48,147.17,336.5481732233887,15606.0,18877.445483333337,4.193291602579516,4.275943224731524,False
UGC02953,6.18,307.0,4.41,-10.25,303.22,145.01,336.26675571635093,15250.647249190939,18296.979126213595,4.183288275865557,4.262379392620435,False
UGC02953,6.27,308.0,3.2,-10.11,303.58,143.96,336.1361481602358,15129.82456140351,18020.33653907496,4.179833892170172,4.255762897392124,False
UGC02953,6.36,309.0,6.66,-9.94,303.97,142.94,336.0482228788006,15012.735849056604,17756.039009433967,4.176459843201256,4.249346090485076,False
UGC02953,6.45,310.0,5.83,-9.76,304.41,141.93,336.0131405168554,14899.22480620155,17504.624899224807,4.173163673033278,4.243152808848997,False
UGC02953,6.53,310.0,3.83,-9.58,304.83,141.06,336.0223636902758,14716.692189892801,17291.12234303216,4.167810206393471,4.237823183647908,False
UGC02953,6.61,311.0,2.41,-9.37,305.34,140.2,336.11955090413886,14632.526475037821,17091.732602117998,4.165319318568034,4.232786089718934,False
UGC02953,6.7,312.0,1.25,-9.15,306.03,139.26,336.3501612902839,14528.955223880597,16885.288208955222,4.162234385336059,4.227508477852133,False
UGC02953,6.79,312.0,3.61,-8.91,306.85,138.35,336.71506218166127,14336.377025036818,16697.64846833579,4.156439413756384,4.222655313714392,False
UGC02953,6.87,313.0,13.8,-8.64,307.19,137.53,336.68211505810643,14260.407569141193,16499.97767103348,4.154131938033347,4.217483356495512,False
UGC02953,6.96,313.0,4.58,-8.36,307.95,136.63,337.0027433122763,14076.005747126437,16317.650718390803,4.148479435482335,4.212657632758432,False
UGC02953,7.05,314.0,3.05,-8.05,308.63,135.75,337.26153338321876,13985.248226950354,16134.09104964539,4.145670179155031,4.2077445034713925,False
UGC02953,7.2,315.0,1.38,-7.43,309.44,134.31,337.4129437351211,13781.25,15812.152027777776,4.139288611147933,4.198990981265898,False
UGC02953,7.39,316.0,0.75,-6.59,309.73,132.58,336.9770873516477,13512.313937753723,15365.839972936405,4.130729726841982,4.186556305929219,False
UGC02953,7.47,316.0,8.57,-6.16,309.53,131.86,336.50234189378233,13367.603748326641,15158.477389558233,4.126053563421409,4.180655580285322,False
UGC02953,7.99,318.0,1.36,-2.38,307.52,127.53,332.92358838027684,12656.320400500625,13872.10459324155,4.102307460654874,4.142142354648889,False
UGC02953,8.08,318.0,16.0,-0.67,307.34,126.82,332.4780246873468,12515.346534653465,13680.895655940592,4.097442879194279,4.136114530549277,False
UGC02953,8.16,318.0,5.5,2.0,307.11,126.2,332.0346248510839,12392.64705882353,13510.660796568629,4.093164081215004,4.130676590567945,False
UGC02953,8.25,319.0,2.94,2.92,307.22,125.51,331.88162784342256,12334.666666666666,13350.959381818184,4.091127417564437,4.125512474633869,False
UGC02953,8.34,319.0,1.74,3.49,307.32,124.83,331.72321504531453,12201.558752997602,13194.279544364508,4.086415315476623,4.120385681145742,False
UGC02953,8.4,319.0,2.2,3.85,307.36,124.38,331.5951997541581,12114.404761904761,13089.925773809524,4.083302080052481,4.11693718389863,False
UGC02953,9.59,319.0,3.23,7.94,304.71,116.41,326.285941775002,10611.157455683004,11101.40936392075,4.025762758943698,4.045378117536146,True
UGC02953,10.8,317.0,4.08,12.02,299.89,109.7,319.55059458558355,9304.537037037036,9454.868749999998,3.9686947689485534,3.9756555044611868,True
UGC02953,12.02,312.0,2.62,17.77,298.77,103.98,316.84558731344197,8098.502495840266,8352.00717138103,3.908404720370165,3.9217908585616676,True
UGC02953,13.22,308.0,0.76,22.79,295.36,99.15,312.3901986298546,7175.794251134645,7381.818169440242,3.8558699778512673,3.868163343354719,True
UGC02953,14.42,303.0,1.86,24.88,287.38,94.93,303.6741406507969,6366.782246879335,6395.144500693481,3.8039199966212,3.8058503619725785,True
UGC02953,15.63,298.0,1.34,24.46,274.79,91.19,290.55714033559735,5681.637875879718,5401.3724760076775,3.7544735501333237,3.7325041270492094,True
UGC02953,16.83,296.0,1.41,24.25,262.23,87.87,277.6216351439491,5205.941770647653,4579.54677956031,3.7164993061420533,3.660822499646765,True
UGC02953,18.03,294.0,1.15,25.92,253.58,84.9,268.66833233561414,4794.009983361065,4003.4760288408206,3.6806989341019127,3.60243723247518,True
UGC02953,19.23,294.0,0.59,28.33,245.5,82.21,260.44447200891017,4494.851794071763,3527.369890795632,3.6527153765858347,3.5474510035031783,True
UGC02953,20.43,294.0,0.5,31.05,237.34,79.76,252.30147779987337,4230.837004405286,3115.811830641214,3.626426294191867,3.4935712219845545,True
UGC02953,21.64,292.0,1.21,33.56,229.62,77.5,244.65867652711603,3940.110905730129,2766.0752310536045,3.5955084464623046,3.441863987771533,True
UGC02953,22.84,290.0,1.21,34.91,222.49,75.43,237.50830111808727,3682.136602451839,2469.7982968476363,3.5660998962241015,3.39266148680503,True
UGC02953,24.04,287.0,0.81,34.6,215.84,73.53,230.63114815653154,3426.3311148086523,2212.592616472546,3.5348293301372826,3.344901458796353,True
UGC02953,25.24,283.0,1.08,32.72,209.67,71.76,224.01251058813656,3173.098256735341,1988.1776901743265,3.5014835204764836,3.29845519616473,True
UGC02953,26.44,279.0,1.87,31.05,203.93,70.11,217.86913388545887,2944.0620272314673,1795.27078290469,3.4689469557335926,3.2541299630268807,True
UGC02953,27.65,276.0,1.55,30.52,198.57,68.56,212.2780933115803,2755.00904159132,1629.7283508137432,3.4401230284897184,3.212115220615997,True
UGC02953,28.85,273.0,1.9,30.21,193.62,67.12,207.1387044953212,2583.327556325823,1487.2250571923744,3.412179476589762,3.172376693942908,True
UGC02953,30.05,271.0,1.12,30.0,189.02,65.76,202.36832261991995,2443.9600665557405,1362.8265557404327,3.3880941054100533,3.1344405875456545,True
UGC02953,31.25,270.0,1.41,30.73,184.73,64.49,198.06177293965638,2332.8,1255.3109087999999,3.3678775066378805,3.098751302911537,True
UGC02953,32.34,268.0,1.76,31.88,181.07,63.39,194.4761460950931,2220.902906617192,1169.4796351267778,3.3465295724871953,3.067992663572217,True
UGC02953,33.55,267.0,1.81,33.03,177.28,62.24,190.76948629170232,2124.8584202682564,1084.7391028315947,3.3273299982241396,3.0353252959490917,True
UGC02953,34.75,266.0,2.18,33.45,173.75,61.15,187.20920783978548,2036.1438848920864,1008.555035971223,3.308808464336001,3.00369960226762,True
UGC02953,35.95,265.0,3.01,33.24,170.44,60.13,183.76699404408834,1953.4075104311542,939.368792767733,3.290792853154714,2.972836128176489,True
UGC02953,37.15,264.0,2.04,32.93,167.32,59.15,180.49678612097225,1876.06998654105,876.9606944818304,3.273249035643068,2.9429801286543102,True
UGC02953,38.35,264.0,1.58,32.82,164.38,58.21,177.44390916568537,1817.3663624511082,821.0258383311602,3.259442485454662,2.9143568249246403,True
UGC02953,39.56,264.0,3.23,33.03,161.57,57.32,174.58931296044437,1761.7795753286146,770.5113296258845,3.2459515708145203,2.8867790289828337,True
UGC02953,40.76,264.0,2.94,33.76,158.94,56.47,172.01895854817863,1709.9116781158,725.9696295387635,3.2329736784052736,2.860918452656546,True
UGC02953,41.96,264.0,1.62,34.29,156.44,55.65,169.54704420897463,1661.0104861773118,685.085800762631,3.220372374218142,2.835744966330737,True
UGC02953,43.16,264.0,2.15,34.29,154.06,54.87,167.09579468077587,1614.828544949027,646.9185495829472,3.208126417728789,2.810849604171895,True
UGC02953,44.36,262.0,4.45,34.08,151.79,54.13,164.71705254769464,1547.430117222723,611.6255049594229,3.1896110451623683,2.786485587322665,True
UGC02953,45.57,260.0,7.43,34.39,149.61,53.4,162.5342554663478,1483.4320825104235,579.7099890278693,3.1712676673591873,2.7632107837972115,True
UGC02953,46.77,258.0,7.22,34.81,147.54,52.71,160.49340111045066,1423.2200128287363,550.7404703870002,3.153272042017956,2.740946991171609,True
UGC02953,47.97,257.0,5.37,34.81,145.56,52.05,158.45709892586066,1376.8813841984575,523.424060871378,3.138896528196692,2.7188536825061798,True
UGC02953,49.17,258.0,5.43,34.6,143.67,51.41,156.46474682815932,1353.7522879804758,497.8893024201748,3.1315392036362986,2.6971327951852846,True
UGC02953,50.37,260.0,6.47,34.6,141.84,50.79,154.58127215157728,1342.0686916815566,474.39685725630346,3.127774745083925,2.6761418032888233,True
UGC02953,51.58,263.0,5.75,34.6,140.1,50.2,152.79139373668923,1341.0042652190773,452.60197751066306,3.1274301591775973,2.6557164471443233,True
UGC02953,52.78,265.0,5.54,34.18,138.41,49.62,150.95610255965144,1330.5229253505115,431.74961917392955,3.1240223619895846,2.635231963168891,True
UGC02953,53.98,266.0,4.43,33.56,136.79,49.07,149.14973214860294,1310.7817710263062,412.1089773990367,3.117530393041636,2.6150120753166215,True
UGC02953,55.18,266.0,4.71,33.14,135.22,48.53,147.43767802024013,1282.2761870242841,393.94470641536793,3.1079815771189674,2.595435269074615,True
UGC02953,57.59,262.0,5.28,32.72,132.24,47.5,144.2715009972517,1191.9430456676505,361.42153151588815,3.0762555041095845,2.5580140218828835,True
UGC02953,59.99,263.0,4.7,31.36,129.47,46.54,141.10953936569987,1153.008834805801,331.92035505917653,3.0618326350420606,2.5210338863911703,True
UGC02953,62.39,272.0,5.04,30.52,126.87,45.64,138.24064850831684,1185.8310626702996,306.3067302452316,3.074022822438034,2.4861565393343374,True
UGC03205,0.28,107.0,30.2,-1.6,13.69,91.46,92.49274403973534,40889.28571428571,30553.241785714275,4.6116095240282,4.485057296901127,False
UGC03205,0.55,121.0,15.6,-2.32,26.0,143.82,146.16967811416976,26619.999999999996,38846.499636363624,4.4252080511386565,4.589351891680044,False
UGC03205,0.83,134.0,8.69,-3.04,37.95,161.88,166.29665811434697,21633.734939759037,33318.76927710843,4.335131504353542,4.522688951137151,False
UGC03205,1.39,157.0,12.5,-4.39,60.02,171.18,181.4504475056482,17733.09352517986,23686.52151079137,4.248784504564372,4.374501286995898,False
UGC03205,1.65,168.0,11.7,-4.98,69.62,173.79,187.28243083642417,17105.454545454548,21257.399333333335,4.23313461923782,4.327510131105927,False
UGC03205,3.04,207.0,8.04,-7.06,115.86,156.1,194.52658738588923,14095.065789473683,12447.56355263158,4.149067107305082,4.095084352299314,False
UGC03205,3.32,213.0,6.53,-7.33,124.12,149.78,194.6626612887022,13665.361445783134,11413.720391566265,4.135621123173439,4.057427229183042,False
UGC03205,3.59,218.0,11.2,-7.54,132.68,144.22,196.11283078880894,13237.883008356546,10713.159442896937,4.12181853863089,4.0299175685225475,False
UGC03205,3.87,222.0,6.05,-7.69,142.15,138.97,198.9432569855033,12734.883720930233,10226.981782945737,4.104994983882366,4.009747482351879,False
UGC03205,4.15,226.0,5.41,-7.79,153.48,134.27,204.07162321106773,12307.469879518072,10034.994554216868,4.090168781582709,4.0015171411409725,False
UGC03205,4.43,229.0,5.96,-7.83,164.2,129.95,209.5470147723417,11837.697516930024,9911.952911963881,4.073267238456706,3.9961592301998445,False
UGC03205,4.7,232.0,7.41,-7.81,172.5,126.18,213.8659358102641,11451.91489361702,9731.625212765957,4.058878111846082,3.98818537490306,False
UGC03205,4.97,234.0,6.1,-7.72,178.86,122.67,217.02171988075295,11017.303822937627,9476.544647887325,4.0420753260869535,3.9766500130864624,False
UGC03205,5.25,235.0,3.89,-7.58,184.4,119.35,219.7845283453774,10519.047619047618,9200.997885714287,4.0219764211375155,3.9638349309061773,False
UGC03205,5.52,236.0,9.03,-7.35,190.48,116.43,223.36651002332465,10089.855072463768,9038.5140942029,4.003884928211014,3.956097039576045,False
UGC03205,5.8,237.0,10.0,-7.05,196.76,113.55,227.2835290996688,9684.310344827587,8906.517689655171,3.9860686984572706,3.9497079348134343,False
UGC03205,6.08,237.0,7.36,-6.7,202.21,110.91,230.72668289558536,9238.322368421053,8755.724046052632,3.965593112747473,3.942292065462687,False
UGC03205,6.36,237.0,10.2,-6.27,207.12,108.43,233.86977615758732,8831.603773584906,8599.854119496855,3.9460395763717937,3.934491084309279,False
UGC03205,6.63,236.0,10.4,-5.76,210.37,106.22,235.73587529266732,8400.603318250378,8381.810392156864,3.9243104775354403,3.9233378322826766,False
UGC03205,6.91,236.0,5.83,-5.16,212.88,104.02,236.99088674461726,8060.202604920405,8128.0290014471775,3.906345958566015,3.9099852445395005,False
UGC03205,7.19,235.0,5.43,-4.56,214.54,101.99,237.59243527519976,7680.806675938804,7851.205187760777,3.88540683416059,3.8949363276012705,False
UGC03205,7.27,234.0,8.36,-4.39,214.82,101.43,237.6025029329447,7531.774415405777,7765.467592847318,3.8768973039612478,3.8901676116266235,False
UGC03205,7.46,234.0,7.88,-3.95,215.36,100.13,237.53220623738585,7339.946380697051,7563.210321715817,3.865692887347617,3.8787061776525613,False
UGC03205,8.02,231.0,8.17,1.42,216.46,96.57,237.02892840326473,6653.49127182045,7005.3257980049875,3.823049591500125,3.845428337906665,True
UGC03205,8.29,229.0,5.82,3.82,216.57,94.99,236.5169283582044,6325.814234016889,6747.920072376358,3.8011164341295025,3.829169929825286,True
UGC03205,8.56,228.0,7.21,5.49,216.49,93.48,235.874056648882,6072.8971962616815,6499.599369158878,3.7833959293237545,3.8128865878542655,True
UGC03205,8.84,226.0,18.2,7.01,215.92,91.98,234.7997165671202,5777.828054298642,6236.527929864252,3.761764613281729,3.7949428716422546,True
UGC03205,9.12,224.0,9.11,8.51,215.26,90.56,233.68868457843652,5501.754385964913,5987.982598684211,3.7405011983399095,3.7772805295957967,True
UGC03205,9.69,221.0,5.56,11.96,213.03,87.86,230.74705220218956,5040.350877192983,5494.757698658411,3.702460770319456,3.7399485461761186,True
UGC03205,12.11,216.0,3.21,24.01,197.34,78.59,213.76609600214906,3852.6837324525186,3773.405763831545,3.5857633591588094,3.5767335084922527,True
UGC03205,14.58,220.0,1.89,33.03,180.81,71.62,197.26292454488248,3319.6159122085046,2668.9068175582993,3.521087837662457,3.426333411057386,True
UGC03205,14.68,220.0,7.66,33.34,180.14,71.38,196.61403713875566,3297.0027247956405,2633.316049046321,3.518119306064361,3.4205029860030165,True
UGC03205,15.2,221.0,9.52,34.96,176.93,70.15,193.51343364221515,3213.2236842105262,2463.6479605263157,3.506940959425449,3.391578650033083,True
UGC03205,15.5,221.0,13.6,35.77,175.4,69.47,192.01753513676817,3151.032258064516,2378.757019354839,3.49845284919993,3.3763500828347826,True
UGC03205,15.71,221.0,8.15,36.68,174.35,69.0,191.06110253005448,3108.9115213239975,2323.6374856779116,3.492608362330248,3.366168374040958,True
UGC03205,16.02,221.0,4.11,37.49,172.9,68.33,189.65468356990291,3048.7515605493136,2245.249625468165,3.4841220356220024,3.3512646326162288,True
UGC03205,16.32,221.0,5.37,38.3,171.46,67.7,188.27828233760792,2992.7083333333335,2172.1024264705884,3.476064392952379,3.336880300752052,True
UGC03205,16.53,221.0,5.06,39.11,170.51,67.27,187.42599899693744,2954.6884452510585,2125.136424682395,3.4705116937987737,3.327386815132198,True
UGC03205,16.84,221.0,11.4,39.92,169.21,66.64,186.1894736551989,2900.2969121140145,2058.5819536817103,3.462442460206591,3.313568161264647,True
UGC03205,16.94,221.0,2.56,40.33,168.81,66.45,185.8465159748764,2883.1759149940967,2038.897727272727,3.459871141375533,3.309395441768788,True
UGC03205,19.4,218.0,1.7,47.22,157.9,62.09,176.1173089165287,2449.6907216494847,1598.830231958763,3.3891112572789837,3.203802351652575,True
UGC03205,21.77,216.0,1.13,52.28,148.59,58.61,168.06938626650603,2143.1327514928803,1297.5341570969224,3.3310490732607674,3.113118799309287,True
UGC03205,24.23,215.0,1.77,54.82,138.99,55.56,159.40629253577163,1907.7589764754437,1048.7150680974,3.2805235056937043,3.020657508058257,True
UGC03205,26.69,212.0,2.47,55.53,130.82,52.94,151.6578283505339,1683.9265642562757,861.7496028475083,3.226323148069995,2.9353810919277654,True
UGC03205,29.06,208.0,1.44,54.01,124.32,50.73,144.7275903205743,1488.7818306951135,720.7871782518926,3.1728310599635203,2.8578070525770305,True
UGC03205,31.52,209.0,2.88,51.78,118.54,48.71,138.2228783523191,1385.8185279187817,606.1409930203047,3.14170636340459,2.7825736561276404,True
UGC03205,36.34,220.0,4.09,47.22,109.34,45.37,127.44960141169528,1331.8657127132635,446.9840643918547,3.124460438672397,2.6502920402011783,True
UGC03205,40.04,220.0,6.32,42.76,103.66,43.22,120.17396390233618,1208.7912087912089,360.68385614385613,3.0823512928371315,2.5571267041577186,True
UGC03546,0.63,262.0,73.6,-0.79,82.82,389.26,397.97377313084337,108958.73015873016,251401.78428571427,5.037262033185909,5.400368355699541,False
UGC03546,0.79,250.0,55.5,-0.85,98.9,366.12,379.24370383699187,79113.92405063291,182057.95810126583,4.898252926053634,5.260209667526636,False
UGC03546,0.95,241.0,42.9,-0.88,113.48,343.54,361.7985854035364,61137.89473684211,137787.59621052633,4.786310479860889,5.139210123668973,False
UGC03546,1.11,234.0,31.9,-0.87,126.74,322.48,346.49261882470165,49329.72972972973,108159.58099099099,4.693108736033628,5.034064996148846,False
UGC03546,1.27,228.0,28.8,-0.8,138.83,303.96,334.1647654975012,40932.28346456693,87926.05551181102,4.612065973044951,4.9441175905255585,False
UGC03546,1.43,225.0,24.2,-0.68,149.76,286.96,323.68898900024385,35402.09790209791,73268.9241958042,4.549028998757663,4.864919814860203,False
UGC03546,1.59,222.0,12.2,-0.44,159.73,272.22,315.622551317234,30996.226415094337,62652.575408805045,4.491308824580826,4.7969389278895305,False
UGC03546,1.9,221.0,6.34,0.78,176.94,249.03,305.49028282418413,25705.78947368421,49118.05942105264,4.410030946417392,4.691241200165342,False
UGC03546,2.06,221.0,12.2,1.08,185.04,239.17,302.3958612481328,23709.223300970873,44389.93053398058,4.374917327001068,4.647284465396339,False
UGC03546,2.22,222.0,16.9,1.32,192.44,230.43,300.2213864800441,22199.999999999996,40600.3968018018,4.346352974450639,4.608530278108987,False
UGC03546,2.38,222.0,26.0,1.56,199.32,222.52,298.74076789082534,20707.563025210085,37498.33882352941,4.316128991844765,4.574012028907604,False
UGC03546,2.79,221.0,13.1,2.09,211.11,205.57,294.67070621288434,17505.73476702509,31122.15953405018,4.243180344096624,4.49306972460241,False
UGC03546,2.86,221.0,11.8,2.18,212.46,203.04,293.886450181018,17077.272727272728,30199.03692307692,4.2324185142411785,4.479993093100773,False
UGC03546,3.02,220.0,22.9,2.37,214.79,197.59,291.8598449598711,16026.490066225166,28206.016258278145,4.204838418687262,4.450341751904395,False
UGC03546,4.17,205.0,8.45,2.86,211.54,168.15,270.24391519514364,10077.937649880096,17513.614796163067,4.003371667137751,4.243375793370943,False
UGC03546,5.56,190.0,13.3,-1.54,194.36,145.62,242.86491224547032,6492.805755395684,10608.518992805757,3.8124324103236007,4.025654758251324,False
UGC03546,6.96,190.0,8.87,-5.89,186.95,130.15,227.86842058521404,5186.781609195403,7460.347284482758,3.7148979622950957,3.87275904466087,False
UGC03546,8.35,198.0,3.19,-6.18,182.36,118.83,217.7474015918445,4695.0898203592815,5678.315077844312,3.6716439050394603,3.754219486952201,False
UGC03546,9.73,204.0,2.56,5.96,181.71,110.08,212.53623714557477,4277.081192189105,4642.513062692703,3.6311474945834457,3.6667531343929443,True
UGC03546,11.14,204.0,1.09,14.87,174.04,102.88,202.7198384470548,3735.72710951526,3688.988590664272,3.5723751440140874,3.5669073120391617,True
UGC03546,12.51,201.0,0.57,22.04,166.83,97.08,194.27438559933734,3229.496402877698,3016.9893605115913,3.509134805147558,3.4795737786273406,True
UGC03546,13.88,203.0,0.75,28.09,161.75,92.17,188.2748509493501,2968.9481268011527,2553.848667146974,3.47260260970759,3.4071951587965317,True
UGC03546,15.35,202.0,0.89,32.2,157.11,87.64,182.75984706712796,2658.241042345277,2175.971446254072,3.424594359080042,3.337653192121888,True
UGC03546,16.72,198.0,1.58,34.45,151.02,83.97,176.1953569195284,2344.7368421052633,1856.7466387559812,3.3700941074200648,3.2687526463907584,True
UGC03546,18.08,195.0,1.5,34.96,144.44,80.75,169.13213089179715,2103.152654867257,1582.1724391592923,3.3228707965856916,3.1992538149986633,True
UGC03546,19.45,194.0,2.16,34.55,137.88,77.86,162.07028259369451,1935.012853470437,1350.4769408740358,3.2866838541987256,3.1304871730946204,True
UGC03546,20.92,192.0,6.21,33.63,131.28,75.07,154.9223037525585,1762.1414913957933,1147.2715200764817,3.2460407772118627,3.0596662127714134,True
UGC03546,22.92,190.0,3.14,31.78,123.21,71.72,146.06310588235485,1575.043630017452,930.8215924956369,3.1972925886103054,2.9688664491666246,True
UGC03546,25.02,191.0,14.6,29.63,116.76,68.65,138.6494031721738,1458.0735411670664,768.3316147082336,3.163779429138054,2.8855487035653553,True
UGC03546,29.23,193.0,18.6,26.35,106.8,63.51,127.02000866005324,1274.3414300376326,551.9699828942867,3.105285802658111,2.7419154606679035,True
UGC03580,0.11,56.2,28.5,-1.03,10.27,44.15,45.34044882883274,28713.090909090915,18688.693636363638,4.458079945979898,4.271578944698934,False
UGC03580,0.23,64.6,22.7,-1.23,20.21,75.69,78.35134395784159,18144.173913043473,26691.01347826087,4.258737199972575,4.426365064595291,False
UGC03580,0.34,70.2,17.2,-1.32,28.3,90.09,94.43961298099437,14494.235294117645,26231.88382352941,4.161195307217356,4.418829480250519,False
UGC03580,0.46,71.6,11.7,-1.38,36.17,97.29,103.80518965832104,11144.695652173912,23425.037826086962,4.047068212934137,4.369680300846799,False
UGC03580,0.57,71.0,11.3,-1.41,42.64,98.4,107.25072354068294,8843.859649122807,20180.206491228073,3.946641841765659,4.304925605783057,False
UGC03580,0.69,69.0,9.37,-1.36,48.95,99.3,110.7178490578642,6900.000000000001,17765.858115942032,3.838849090737255,4.249586189366464,False
UGC03580,0.8,67.7,6.23,-1.23,54.16,100.36,114.0480078738774,5729.112499999999,16258.685124999998,3.758087350378345,4.211085420344949,False
UGC03580,0.92,66.9,4.0,-0.91,59.24,100.84,116.95687795080715,4864.79347826087,14868.381847826087,3.687064408190091,4.172263706060647,False
UGC03580,1.03,66.6,3.1,0.49,63.4,101.52,119.69173112625616,4306.368932038834,13908.845145631067,3.63411123363543,4.143291071925833,False
UGC03580,1.14,66.8,3.02,1.27,67.15,100.91,121.21700994497431,3914.245614035088,12889.090789473685,3.592648073614619,4.110222282827317,False
UGC03580,1.26,67.4,3.09,1.89,70.78,99.65,122.24362151049027,3605.3650793650804,11859.923015873017,3.5569492479530767,4.074081869981865,False
UGC03580,1.37,68.3,2.71,2.47,73.73,97.83,122.52723248323207,3405.0291970802914,10958.337737226277,3.5321208402066584,4.039744681310716,False
UGC03580,1.49,69.6,2.75,2.98,76.63,95.14,122.19925081603405,3251.114093959731,10021.917382550335,3.51203221080885,4.00095081823779,False
UGC03580,1.61,71.2,2.61,3.52,79.45,92.26,121.80558484732956,3148.72049689441,9215.279813664596,3.498134111241863,3.964508526715758,False
UGC03580,1.71,72.9,4.09,4.06,81.6,89.85,121.44161601362194,3107.8421052631584,8624.600058479531,3.4924589462437954,3.935738965029647,False
UGC03580,1.83,74.9,6.17,4.62,83.69,87.09,120.87195125420952,3065.579234972678,7983.62218579235,3.4865125456685035,3.90219997636198,False
UGC03580,1.94,77.0,7.74,5.19,85.04,84.69,120.12965412420033,3056.1855670103096,7438.728762886598,3.4851797204147377,3.8714987233905687,False
UGC03580,2.06,79.2,5.36,5.77,86.25,82.25,119.32065160733912,3044.970873786408,6911.367912621359,3.4835831428098336,3.839564012368239,False
UGC03580,2.18,81.4,6.34,6.34,87.49,79.96,118.69413338493187,3039.4311926605506,6462.521697247706,3.4827923161737977,3.810402014203219,False
UGC03580,2.29,83.6,2.03,6.95,88.91,78.04,118.50541000308804,3051.9475982532745,6132.546812227075,3.4845770725381446,3.7876408720377075,False
UGC03580,2.4,85.7,1.94,7.56,90.4,76.26,118.51118596993282,3060.204166666667,5852.042166666668,3.4857504021347903,3.7673074467568752,False
UGC03580,2.52,87.8,1.7,8.2,91.9,74.41,118.53142241616777,3059.0634920634916,5575.277023809524,3.485588491030661,3.746266451437294,False
UGC03580,2.63,89.7,2.16,8.89,92.95,72.86,118.43696298031287,3059.349809885932,5333.579543726236,3.4856291375984263,3.727018776438819,False
UGC03580,2.75,91.4,1.88,9.58,93.65,71.23,118.05003939008238,3037.8036363636365,5067.5679272727275,3.4825596976374,3.7047995788237533,False
UGC03580,2.86,92.8,3.36,10.31,93.97,69.85,117.54011868294161,3011.1328671328674,4830.657167832167,3.478729919308681,3.6840062166622687,False
UGC03580,2.98,94.1,1.4,11.11,94.1,68.43,116.8798827857044,2971.412751677852,4584.196979865772,3.4729629827782587,3.6612632707025208,False
UGC03580,3.09,95.2,5.51,11.94,93.98,67.21,116.15501754121514,2933.022653721683,4366.339190938511,3.467315417344114,3.6401174700426244,False
UGC03580,3.2,96.1,6.23,12.77,93.74,66.06,115.38710543210622,2886.0031249999997,4160.68253125,3.4602967970171847,3.619164579482868,False
UGC03580,4.52,97.4,2.3,19.31,88.08,55.57,105.91972148754924,2098.840707964602,2482.0768584070797,3.321979478945849,3.394815225456538,False
UGC03580,4.69,96.9,11.7,19.73,87.36,54.55,104.8653660652553,2002.049040511727,2344.7217484008524,3.3014747113864473,3.370091311740175,False
UGC03580,6.03,96.8,2.3,22.95,81.5,48.11,97.3833897541054,1553.9369817578772,1572.7238142620233,3.191433402476636,3.1966524629454676,False
UGC03580,7.53,105.0,1.02,26.37,76.78,43.05,91.89041190461603,1464.1434262948208,1121.3609296148738,3.1655836219391755,3.049745420365773,True
UGC03580,8.58,110.0,7.12,28.87,73.0,40.33,88.2552310064395,1410.2564102564102,907.8072027972028,3.1492980824677446,2.9579936242348426,True
UGC03580,8.7,110.0,5.26,29.07,72.69,40.05,87.93692910262445,1390.8045977011495,888.8394827586206,3.1432661176978316,2.9488233379707847,True
UGC03580,8.82,110.0,5.16,29.38,72.31,39.78,87.60347538768083,1371.8820861678005,870.1098526077097,3.1373167851846304,2.939574086376778,True
UGC03580,9.03,111.0,0.82,29.9,71.64,39.31,87.01480161443799,1364.451827242525,838.4912181616834,3.134958207259809,2.923498518434181,True
UGC03580,9.05,111.0,7.81,29.9,71.58,39.27,86.94733635943082,1361.4364640883978,835.3413591160221,3.1339973783681114,2.921863984567827,True
UGC03580,10.53,112.0,1.43,33.33,67.3,36.41,83.46176969127842,1191.2630579297247,661.5258309591643,3.0760076741548765,2.8205468069876196,True
UGC03580,12.07,112.0,1.21,36.03,63.57,34.0,80.59346003243688,1039.27091963546,538.1363545981773,3.016728775243014,2.7308923324442955,True
UGC03580,13.58,114.0,1.35,37.9,59.74,32.06,77.67316911263502,956.9955817378498,444.2651840942562,2.9809099327284625,2.647642280046626,True
UGC03580,15.09,118.0,1.36,39.04,56.25,30.41,74.91963827995968,922.7302849569252,371.9650231941684,2.965074774836661,2.5705021040003575,True
UGC03580,16.6,122.0,1.44,39.66,53.26,29.0,72.460632070111,896.6265060240963,316.29778313253007,2.9526115733094414,2.5000961480438186,True
UGC03580,18.11,125.0,1.64,40.08,50.67,27.76,70.3169460372107,862.7829928216455,273.02445610160134,2.9359015757020543,2.436201550609498,True
UGC03580,19.62,128.0,1.97,40.18,48.42,26.67,68.33899106659389,835.0662589194699,238.03352191641181,2.921720936251807,2.3766381224269084,True
UGC03580,21.02,131.0,1.81,39.87,46.57,25.77,66.50168945222369,816.4129400570885,210.39365842055184,2.911909879619305,2.3230326453939303,True
UGC03580,24.04,127.0,1.93,37.17,43.23,24.09,61.89321368292326,670.9234608985025,159.3498294509151,2.826672978581212,2.202351602992895,True
UGC03580,27.06,124.0,1.92,34.89,40.56,22.71,58.122025085160274,568.2187730968219,124.839977827051,2.754515578062866,2.0963536828578397,True
UGC04278,0.14,5.23,5.31,-0.97,4.32,0.0,4.427561405559499,195.37785714285715,140.02357142857142,2.2908753420563106,2.1462011505330416,False
UGC04278,0.42,15.4,7.78,0.23,11.34,0.0,11.342332211674986,564.6666666666667,306.30595238095236,2.751792151275026,2.4861554364444567,False
UGC04278,0.69,24.4,4.0,3.77,17.59,0.0,17.989469141695093,862.8405797101449,469.01594202898553,2.9359305619402036,2.671187604799413,False
UGC04278,0.97,32.1,4.0,5.25,23.49,0.0,24.06953676330311,1062.2783505154641,597.260412371134,3.0262383305434994,2.7761637297838395,False
UGC04278,1.25,34.6,4.0,5.18,27.96,0.0,28.4357873110628,957.7280000000001,646.8752000000001,2.981242184577497,2.8108205014116137,False
UGC04278,1.52,37.9,4.0,-5.25,30.3,0.0,30.751463379813327,945.0065789473683,622.139802631579,2.975434831991372,2.793887987084983,False
UGC04278,1.8,40.5,4.0,-9.36,30.65,0.0,32.047341543410425,911.25,570.5733888888889,2.959637541326031,2.7563115126273754,False
UGC04278,2.07,43.0,4.0,-9.36,30.82,0.0,32.20996740141163,893.2367149758455,501.1990338164251,2.9509665657022555,2.7000102251142124,False
UGC04278,2.35,45.1,4.0,-7.81,31.07,0.0,32.03655724324947,865.536170212766,436.74085106382984,2.937285221484185,2.640223816061126,False
UGC04278,2.63,45.6,4.0,-5.6,31.29,0.0,31.787168794971343,790.6311787072244,384.1916730038023,2.897973936839112,2.584547947699829,False
UGC04278,2.91,49.2,13.0,-4.88,31.96,0.0,32.33041911265612,831.8350515463918,359.1945017182131,2.9200372165488133,2.5553296801898218,False
UGC04278,3.19,50.3,4.0,-6.06,32.66,0.0,33.2174532437392,793.1316614420061,345.89316614420056,2.8993452870546736,2.5389419816871506,False
UGC04278,3.46,53.7,4.19,-7.65,33.34,0.0,34.20640437111156,833.4364161849712,338.17286127167637,2.9208724726063346,2.5291387520704998,False
UGC04278,3.74,58.0,7.53,-8.9,33.79,0.0,34.94243981178189,899.4652406417111,326.46366310160425,2.9539843849253944,2.513834849339503,False
UGC04278,4.01,64.4,4.0,-9.52,33.93,0.0,35.24025113417894,1034.2543640897757,309.6945885286783,3.014627362099442,2.490933616746303,False
UGC04278,4.29,67.5,4.0,-10.37,34.12,0.0,35.66106139755237,1062.062937062937,296.43620046620043,3.0261502534773257,2.471931238115381,False
UGC04278,4.57,71.3,4.0,-8.76,34.51,0.0,35.604461799049844,1112.4048140043762,277.3911816192559,3.046262859633881,2.443092650554963,False
UGC04278,4.85,75.6,4.0,1.41,34.99,0.0,35.01839802161144,1178.424742268041,252.8429278350516,3.071301852400149,2.4028508106671347,False
UGC04278,5.13,80.0,4.0,9.52,35.27,0.0,36.532222762925336,1247.5633528265107,260.1565886939572,3.096062608872071,2.4152348292602857,False
UGC04278,5.4,82.8,4.0,17.13,35.21,0.0,39.15585524541636,1269.5999999999997,283.9224074074074,3.1036669137467916,2.453199668782901,False
UGC04278,5.68,84.8,15.7,23.98,35.26,0.0,42.6416228584232,1266.0281690140846,320.12464788732393,3.1024433688024087,2.5053191137859705,True
UGC04278,5.86,86.3,16.8,27.31,35.38,0.0,44.694300531499536,1270.9368600682592,340.88404436860066,3.1041239754123287,2.5326066738459594,True
UGC04278,6.36,90.2,8.07,36.83,34.91,0.0,50.74600476884855,1279.2515723270442,404.8988993710691,3.1069559594354694,2.6073465962356375,True
UGC04278,6.51,91.3,4.0,39.02,34.54,0.0,52.11115043826993,1280.4439324116743,417.13855606758835,3.107360566500406,2.6202803334888882,True
UGC04278,6.69,92.8,8.75,38.64,34.02,0.0,51.48213282295131,1287.270553064275,396.1748878923767,3.109669834669901,2.597886943702755,True
UGC04325,0.7,41.3,3.05,2.87,20.97,0.0,21.16548605631347,2436.7,639.9682857142857,3.3868020632985454,2.806158452608022,False
UGC04325,1.4,68.7,3.07,6.75,32.22,0.0,32.91946080967912,3371.2071428571435,774.0649285714285,3.527785438440863,2.8887773908348655,False
UGC04325,2.09,83.8,3.05,14.14,40.91,0.0,43.284728253738635,3360.0191387559807,896.443875598086,3.526341751149499,2.952523104516101,False
UGC04325,2.79,88.7,3.05,20.18,46.75,0.0,50.91949430228073,2819.960573476703,929.3171684587813,3.450243036389855,2.9681639604987677,False
UGC04325,3.49,90.1,3.05,24.08,50.1,0.0,55.58647677268276,2326.0773638968476,885.3456733524355,3.366624154998946,2.9471128692498723,False
UGC04325,4.19,91.6,3.05,26.71,49.34,0.0,56.10579025376971,2002.520286396181,751.2791646778044,3.3015769243694053,2.8758013446617583,False
UGC04325,4.89,92.7,3.05,28.08,47.94,0.0,55.558347707612754,1757.3190184049083,631.2331288343557,3.244850609165374,2.800189783757121,True
UGC04325,5.59,91.5,3.05,29.25,45.47,0.0,54.06554725516057,1497.7191413237924,522.9129516994633,3.1754303802464734,2.7184293987276256,True
UGC04483,0.08,5.11,2.79,1.47,3.91,0.0,4.177200019151585,326.40125,218.1125,2.513751813277482,2.338680555654181,False
UGC04483,0.24,10.8,1.94,4.46,8.92,0.0,9.972863179649062,486.00000000000006,414.40833333333336,2.6866362692622934,2.6174284800486967,False
UGC04483,0.4,17.3,1.56,7.28,9.95,0.0,12.328864505703677,748.225,380.00225,2.8740322149296285,2.579786168089682,False
UGC04483,0.57,20.8,1.25,9.38,9.7,0.0,13.493494728942537,759.0175438596492,319.42877192982456,2.8802518142530316,2.5043740318011682,True
UGC04483,0.73,20.8,1.62,10.63,9.13,0.0,14.012630017238022,592.6575342465754,268.97780821917814,2.772803809805067,2.429716450390804,True
UGC04483,0.89,22.9,1.76,11.34,8.44,0.0,14.136095642008085,589.2247191011236,224.52719101123594,2.770280958034863,2.3512689430723435,True
UGC04483,1.05,24.3,2.23,11.95,7.79,0.0,14.26487294019824,562.3714285714285,193.79676190476187,2.7500232481266864,2.2873465162718034,True
UGC04483,1.21,24.2,1.23,12.36,7.22,0.0,14.3142586255803,484.0,169.33719008264464,2.6848453616444123,2.2287523489768732,True
UGC04499,0.91,26.0,4.1,-3.26,30.14,0.0,30.315791264619833,742.8571428571428,1009.9419780219781,2.870905303620542,3.0042964239324337,False
UGC04499,1.82,45.1,3.02,5.75,35.45,0.0,35.91329837260844,1117.5879120879122,708.6620879120879,3.0482816957708465,2.8504391994455953,False
UGC04499,2.73,57.0,2.97,15.79,36.37,0.0,39.64972887675274,1190.10989010989,575.8611721611721,3.075587064304227,2.7603177969104853,False
UGC04499,3.63,62.0,2.85,22.36,38.25,0.0,44.306118087686265,1058.953168044077,540.7801928374655,3.0248767539603953,2.733020776315746,False
UGC04499,4.55,66.9,2.75,25.59,37.1,0.0,45.06948080464207,983.6505494505496,446.4303516483517,2.992840838878534,2.649753713495149,True
UGC04499,5.45,70.6,2.86,27.95,35.74,0.0,45.371247503237115,914.561467889908,377.71561467889904,2.961212899826965,2.5771649388352307,True
UGC04499,6.37,72.8,2.66,28.63,34.29,0.0,44.670807022036215,831.9999999999999,313.2623233908948,2.920123326290724,2.4959081646634487,True
UGC04499,7.28,73.3,2.66,31.18,33.63,0.0,45.86032381045734,738.0343406593405,288.89688186813186,2.868076569969219,2.460742854427194,True
UGC04499,8.18,74.3,2.67,32.26,33.14,0.0,46.248969718254266,674.8765281173594,261.4874327628362,2.8292243238498274,2.417450821261016,True
UGC05005,0.78,14.5,8.1,3.09,15.78,0.0,16.07969216123244,269.55128205128204,331.4826923076923,2.4306414017794693,2.5204608575326675,False
UGC05005,2.34,32.6,26.8,8.01,29.57,0.0,30.635681810594654,454.1709401709402,401.08760683760687,2.6572193427257353,2.6032392429709437,False
UGC05005,3.91,48.6,11.3,11.69,39.92,0.0,41.59642412515768,604.081841432225,442.52237851662403,2.78109578112872,2.6459352380181054,False
UGC05005,5.47,58.1,6.1,14.84,44.43,0.0,46.84282762600909,617.1133455210238,401.14268738574043,2.790364938447231,2.603298879657128,False
UGC05005,7.04,65.9,8.71,17.28,44.27,0.0,47.52295550573428,616.8764204545455,320.79990056818184,2.7901981700459078,2.5062342250027223,False
UGC05005,8.6,72.5,12.2,20.43,44.23,0.0,48.72040434971778,611.1918604651163,276.00904651162784,2.7861775618984197,2.440923316795991,True
UGC05005,10.17,78.6,28.4,23.88,42.94,0.0,49.13347127977016,607.4690265486724,237.3744346116027,2.783524139156071,2.37543394332547,True
UGC05005,17.97,97.1,10.0,35.26,33.89,0.0,48.90602928065209,524.6750139120757,133.0995937673901,2.7198903827070358,2.124176729968664,True
UGC05005,21.07,99.4,10.0,36.58,30.93,0.0,47.90366687425922,468.93023255813955,108.91130991931657,2.6711082331865263,2.0370729815051396,True
UGC05005,22.72,100.0,10.0,37.09,29.59,0.0,47.447193805324254,440.1408450704226,99.0861003521127,2.6435916729610187,1.9960127365866231,True
UGC05005,28.61,99.1,10.0,39.02,25.82,0.0,46.78923807885741,343.2649423278574,76.51984620761972,2.535629451165288,1.8837740884952316,True
UGC05253,0.13,232.0,33.4,-2.47,8.23,149.99,150.2359274607775,414030.7692307692,173621.79923076925,5.617032617474963,5.239604252472221,False
UGC05253,0.25,233.0,16.9,-2.73,15.54,220.78,221.34306607617054,217156.0,195971.0116,5.33677183338,5.292191834452167,False
UGC05253,0.38,234.0,14.6,-2.63,23.07,253.99,255.04913624633195,144094.73684210525,171184.37342105265,5.158648118203476,5.2334641175446786,False
UGC05253,0.51,235.0,10.6,-2.41,30.21,269.15,270.85083477811173,108284.3137254902,143843.47980392154,5.034565548445536,5.157890180794612,False
UGC05253,0.63,236.0,9.12,-2.13,36.51,276.27,278.68015699005196,88406.3492063492,123274.0157142857,4.946483456486631,5.090871543577453,False
UGC05253,0.76,237.0,10.3,-1.79,43.02,278.6,281.90758148726684,73906.57894736843,104568.26907894737,4.868683099739417,5.0193999191914624,False
UGC05253,0.89,238.0,9.95,-1.58,49.25,279.31,283.62322718705536,63644.94382022472,90384.42134831462,4.803763907468111,4.95609358196321,False
UGC05253,1.01,239.0,3.51,-1.03,54.76,280.44,285.73818803233144,56555.44554455445,80837.93277227723,4.752474428113633,4.907615198991311,False
UGC05253,1.14,240.0,3.18,0.66,60.48,280.12,286.57543579309095,50526.31578947369,72039.8950877193,4.703517632086739,4.857573071681397,False
UGC05253,1.27,240.0,5.19,1.42,65.96,277.94,285.663056064308,45354.330708661415,64254.631181102355,4.6566187624672555,4.807904435099257,False
UGC05253,1.39,241.0,3.54,1.91,70.82,277.61,286.50729938345376,41784.89208633094,59054.9874820144,4.621019284895642,4.771256581787784,False
UGC05253,1.52,242.0,2.6,2.31,75.88,276.52,286.75149677028713,38528.94736842105,54096.32953947367,4.5857871440160904,4.733167799028376,False
UGC05253,1.65,242.0,1.75,2.69,80.73,274.47,286.1089825573465,35493.333333333336,49611.121151515166,4.550146787746956,4.6955790416786884,False
UGC05253,1.77,243.0,1.94,3.02,85.03,272.42,285.39775349501264,33361.016949152545,46018.01000000001,4.523239280834818,4.662927834134766,False
UGC05253,1.9,244.0,3.09,3.34,89.52,270.29,284.74843300710194,31334.736842105263,42674.56321052633,4.4960260517246295,4.630169084649595,False
UGC05253,2.03,244.0,1.6,3.66,93.85,268.35,284.31134447995566,29328.078817733993,39819.18256157637,4.467283614764246,4.600092340255916,False
UGC05253,2.16,244.0,3.0,3.96,97.99,266.67,284.1313263264014,27562.96296296296,37375.282685185186,4.440325901526528,4.572584486099088,False
UGC05253,2.28,245.0,2.19,4.26,101.66,265.58,284.4040077073458,26326.754385964916,35476.157719298244,4.420397321728611,4.549936577008969,False
UGC05253,2.41,245.0,3.01,4.56,105.49,264.78,285.05680504067954,24906.639004149376,33716.756058091276,4.396315126154197,4.527845783810324,False
UGC05253,2.54,246.0,2.64,4.87,109.17,264.37,286.065207076988,23825.1968503937,32217.835708661416,4.37703649758682,4.508096362546391,False
UGC05253,2.66,246.0,2.38,5.17,112.45,264.0,286.9977898869606,22750.375939849622,30965.312556390978,4.356988577575692,4.4908754680313905,False
UGC05253,2.79,246.0,3.72,5.46,115.87,263.68,288.06737215450136,21690.322580645163,29742.94297491039,4.33626601093316,4.473383938447164,False
UGC05253,2.92,247.0,3.54,5.76,119.17,263.16,288.9426450006991,20893.49315068493,28591.730171232884,4.320011055070913,4.4562404366131085,False
UGC05253,3.04,247.0,3.74,6.05,122.1,262.58,289.64334775720295,20068.75,27596.470032894737,4.302520322910578,4.440853533395663,False
UGC05253,3.17,247.0,5.11,6.34,125.13,261.72,290.1638690464407,19245.741324921135,26559.959274447952,4.2843346443015795,4.424227404773688,False
UGC05253,3.3,247.0,3.63,6.65,128.05,260.64,290.47243345970026,18487.57575757576,25567.94987878788,4.266879966641444,4.407695906281145,False
UGC05253,3.42,247.0,3.84,6.94,130.65,259.42,290.54487174961463,17838.88888888889,24683.135233918132,4.251367800463196,4.392400322634737,False
UGC05253,3.55,248.0,5.12,7.23,133.35,257.92,290.4431472767089,17325.070422535213,23762.59769014085,4.238675008597339,4.375893915300197,False
UGC05253,3.68,248.0,2.77,7.53,135.94,256.73,290.5971049408442,16713.043478260868,22947.466684782612,4.223055542978915,4.360734748019386,False
UGC05253,3.8,248.0,3.24,7.83,138.27,255.39,290.52358578951896,16185.263157894738,22211.566815789472,4.209119765035623,4.346579194993812,False
UGC05253,3.93,248.0,6.79,8.14,140.68,253.66,290.1732544532662,15649.872773536896,21425.06809160305,4.194510811277006,4.3309222108407655,False
UGC05253,4.06,248.0,8.39,8.44,143.0,251.85,289.7389447416415,15148.768472906406,20677.008891625617,4.180377328075238,4.315487714508238,False
UGC05253,4.18,248.0,2.73,8.74,145.04,249.97,289.1331701828761,14713.875598086126,19999.519162679426,4.167727079877397,4.301019554288715,False
UGC05253,4.31,248.0,13.7,9.04,147.17,247.82,288.36692407417326,14270.069605568448,19293.615522041764,4.154426091491701,4.285413619771361,False
UGC05253,4.44,248.0,4.89,9.34,149.24,245.63,287.5654883674326,13852.25225225225,18624.754527027028,4.141520391537813,4.270090557486899,False
UGC05253,4.56,248.0,5.71,9.66,151.08,243.5,286.72413920003316,13487.719298245614,18028.669298245615,4.129938518987998,4.2559636724929755,False
UGC05253,4.69,248.0,15.1,9.96,152.98,241.12,285.728781189435,13113.859275053304,17407.449125799572,4.117730518937349,4.240735134600638,False
UGC05253,4.82,248.0,10.5,10.27,154.8,238.76,284.73645797473847,12760.165975103733,16820.508402489624,4.105856323413583,4.225839118278718,False
UGC05253,4.94,248.0,1.58,10.63,156.43,236.51,283.76102956537216,12450.202429149796,16299.660303643723,4.095176412728786,4.212178553496575,False
UGC05253,4.99,248.0,4.77,10.73,157.09,235.57,283.34718262230876,12325.450901803606,16089.303787575149,4.090802816029043,4.206537251820838,False
UGC05253,5.07,248.0,4.36,10.94,158.13,234.04,282.6649997788902,12130.966469428007,15759.270631163707,4.083895402319096,4.197536113649037,False
UGC05253,5.2,248.0,8.45,11.25,159.77,231.52,281.5218034184919,11827.692307692307,15241.254961538461,4.072900018017633,4.183020728186785,False
UGC05253,5.45,247.0,8.25,11.88,162.71,226.76,279.348843026063,11194.311926605504,14318.491027522934,4.048997404242689,4.155897251704325,False
UGC05253,5.58,247.0,2.34,12.19,164.01,224.24,278.0853354637745,10933.512544802867,13858.683476702508,4.038759707581753,4.141721975877519,False
UGC05253,5.7,247.0,2.34,12.5,165.02,222.01,276.90484015271386,10703.333333333332,13451.980789473684,4.02951905084684,4.12878623843508,False
UGC05253,5.83,247.0,6.13,12.81,165.84,219.54,275.4356790613736,10464.665523156089,13012.832469982846,4.019725351760317,4.11437183862114,False
UGC05253,6.47,247.0,6.89,14.58,169.31,208.79,269.2057142781334,9429.52086553323,11201.192673879445,3.974489625850631,4.049264267679774,False
UGC05253,6.59,246.0,5.95,14.9,170.15,206.9,268.2920843036559,9183.00455235205,10922.70751138088,3.9629847996127485,4.038330304257466,False
UGC05253,6.66,246.0,2.29,15.11,170.65,205.85,267.81328775846805,9086.486486486487,10769.362927927928,3.958395985036457,4.032190012948041,False
UGC05253,6.72,246.0,4.73,15.31,171.08,204.88,267.3547772155942,9005.357142857143,10636.69299107143,3.954500941152933,4.026806624296435,False
UGC05253,6.85,246.0,3.02,15.63,172.07,202.98,266.5581778899308,8834.452554744526,10372.73900729927,3.9461796427143327,4.015893450573108,False
UGC05253,6.97,246.0,5.81,16.04,173.03,201.26,265.8989471585023,8682.35294117647,10143.794849354377,3.9386374361087486,4.006200457346186,False
UGC05253,7.1,246.0,6.32,16.36,174.15,199.41,265.2550097547641,8523.38028169014,9909.890169014085,3.930611865487683,3.996068841240528,False
UGC05253,7.23,246.0,8.92,16.67,175.27,197.66,264.70160067517537,8370.1244813278,9691.139336099584,3.9227319169122272,3.98637483776222,False
UGC05253,8.32,246.0,2.13,19.69,182.58,184.24,260.1298331602894,7273.557692307692,8133.116598557693,3.861746887916034,3.9102569985078475,False
UGC05253,10.0,245.0,2.18,23.65,183.56,168.07,250.00224198994695,6002.5,6250.1121,3.7783321687290647,3.7958878067800472,False
UGC05253,11.61,245.0,0.94,26.98,182.9,155.97,241.88214340872707,5170.111972437554,5039.360146425496,3.713499948990491,3.702375397057118,False
UGC05253,13.35,246.0,2.02,29.27,173.27,145.45,228.11165752762395,4533.033707865168,3897.7474382022474,3.656388948506164,3.5908136947742433,False
UGC05253,14.98,245.0,1.33,30.52,164.53,137.31,216.4616072193866,4007.0093457943926,3127.8789986648862,3.6028203553656173,3.49524994412292,False
UGC05253,16.61,245.0,1.36,32.19,157.52,130.4,207.00943577528056,3613.7868753762796,2579.9462071041544,3.5579625362776706,3.411610650846415,False
UGC05253,18.34,245.0,1.59,34.17,152.73,124.1,199.7369565203195,3272.9007633587785,2175.291810250818,3.5149328373950626,3.3375175247761466,False
UGC05253,19.97,245.0,2.03,36.46,150.07,118.93,194.92224449764578,3005.7586379569357,1902.587951927892,3.4779541038583623,3.279344742264721,False
UGC05253,21.6,245.0,2.36,38.96,146.26,114.35,189.69921375693679,2778.935185185185,1666.0088749999995,3.443878417578134,3.2216773106081398,True
UGC05253,23.33,244.0,4.61,41.25,143.04,110.03,185.11781383756667,2551.9074153450497,1468.8643377625374,3.406864913883706,3.166981686816934,True
UGC05253,26.7,243.0,10.6,44.17,136.92,102.85,176.8507783415159,2211.5730337078653,1171.3931760299624,3.3447012858320493,3.0687026897097285,True
UGC05253,29.95,239.0,17.0,44.8,130.32,97.11,168.58438391499968,1907.212020033389,948.9380467445742,3.2803989751709453,2.977237859597733,True
UGC05253,33.32,231.0,18.3,44.07,123.68,92.07,160.36144237315904,1601.4705882352941,771.7824789915967,3.2045189670495384,2.887494914992518,True
UGC05253,36.68,219.0,12.1,44.17,117.57,87.75,153.21147574512818,1307.5517993456924,639.9606406761178,3.116458902682253,2.806153264510743,True
UGC05253,39.94,210.0,7.5,43.75,111.91,84.09,146.65960145861573,1104.1562343515272,538.5337681522284,3.043030528933155,2.731212940433222,True
UGC05253,43.3,210.0,3.56,43.34,107.39,80.76,141.18479131974522,1018.4757505773673,460.3497759815244,3.007950693114473,2.6630879361482807,True
UGC05253,46.67,212.0,2.64,44.9,104.0,77.79,137.4164986455411,963.0169273623312,404.61311549175053,2.983633920972347,2.6070399562730864,True
UGC05253,49.92,213.0,6.5,46.88,101.06,75.22,134.42063234488967,908.8341346153845,361.9572596153846,2.958484630203108,2.558657291502621,True
UGC05253,53.29,218.0,6.53,47.82,96.26,72.8,129.81748726577632,891.7995871645712,316.24282229311314,2.950267266968298,2.5000206771914026,True
UGC05414,0.68,20.5,2.47,1.03,19.12,0.0,19.147723102238555,618.0147058823529,539.1695588235294,2.7909988094052722,2.731725364224286,False
UGC05414,1.37,34.6,2.45,11.15,29.14,0.0,31.20035416465653,873.8394160583941,710.5562773722628,2.9414316304291463,2.851598480552468,False
UGC05414,2.05,46.0,2.45,16.87,32.19,0.0,36.34271591392146,1032.1951219512196,644.2892682926829,3.013761802307394,2.8090808975110444,False
UGC05414,2.74,51.8,2.46,20.26,33.36,0.0,39.03020881317444,979.2846715328466,555.9697810218977,2.990908956670078,2.745051186740153,False
UGC05414,3.42,56.8,2.44,21.81,33.94,0.0,40.343521165113984,943.3450292397661,475.90634502923973,2.9746705653659027,2.6775214950757413,False
UGC05414,4.11,61.4,2.44,23.37,34.3,0.0,41.50478165223857,917.265206812652,419.13549878345486,2.9624949204062663,2.6223544450688245,True
UGC05716,1.03,39.15,4.06,3.65,21.66,0.0,21.96538413049041,1488.0800970873784,468.4253398058252,3.172626308082752,2.6706403805083037,False
UGC05716,2.07,49.15,1.65,7.45,27.59,0.0,28.578148995342577,1167.015700483092,394.54618357487925,3.067076698879391,2.5960978468300464,False
UGC05716,3.09,55.05,0.6,11.19,26.88,0.0,29.116155309381078,980.7451456310679,274.3529126213592,2.9915561671907063,2.438309575170588,True
UGC05716,4.13,59.35,0.41,14.76,25.3,0.0,29.290742564844614,852.886803874092,207.73549636803872,2.930891394924819,2.31751071203637,True
UGC05716,5.16,63.85,0.46,18.24,24.0,0.0,30.144611458766555,790.0818798449612,176.10418604651161,2.897672101571657,2.2457696793931365,True
UGC05716,6.2,68.2,0.86,21.81,21.76,0.0,30.808662742806607,750.2,153.09253225806452,2.875177059814704,2.1849540066472226,True
UGC05716,7.23,71.7,1.07,25.2,19.92,0.0,32.12236603987944,711.0497925311204,142.71734439834023,2.8519000140410693,2.1544767560071247,True
UGC05716,8.26,73.5,1.07,27.64,18.42,0.0,33.21544821314323,654.0254237288136,133.56731234866828,2.8155946308480075,2.1257001871549086,True
UGC05716,9.28,73.15,1.0,28.96,17.21,0.0,33.68776780969615,576.6080280172415,122.29156250000001,2.7608806847037974,2.087396493944713,True
UGC05716,10.34,72.5,0.74,29.43,16.16,0.0,33.57484921782971,508.3413926499033,109.02035783365571,2.706155474384064,2.0375076031633994,True
UGC05716,11.4,73.0,1.07,28.96,15.29,0.0,32.748522104058374,467.4561403508772,94.07593859649123,2.669740868904439,1.9734785599734954,True
UGC05716,12.37,74.7,2.09,27.83,14.6,0.0,31.427200002545565,451.0986257073566,79.84388843977364,2.654271504001677,1.9022416791662795,True
UGC05721,0.09,16.5,4.57,1.23,16.63,0.0,16.6754250320644,3025.0,3089.6644444444446,3.4807253789884878,3.489911315075507,False
UGC05721,0.27,38.5,6.88,3.67,32.22,0.0,32.42834099981064,5489.814814814815,3894.804814814814,3.7395576948580143,3.590485698215803,False
UGC05721,0.45,47.4,4.57,5.99,40.27,0.0,40.713056873686114,4992.799999999999,3683.451111111112,3.6983441695728265,3.566254910022158,False
UGC05721,0.63,55.5,4.57,8.14,43.48,0.0,44.23539306935115,4889.285714285715,3105.9841269841268,3.689245416791771,3.492199231952482,False
UGC05721,0.81,56.4,5.45,10.08,44.07,0.0,45.20808887798731,3927.111111111111,2523.174444444444,3.594073189088035,3.4019472773271846,False
UGC05721,0.99,59.8,4.57,11.72,43.71,0.0,45.253977725720425,3612.1616161616157,2068.608585858586,3.5577671733792715,3.315678322911712,True
UGC05721,1.17,67.8,4.57,13.25,44.14,0.0,46.08581235044035,3928.9230769230767,1815.3009401709405,3.594273525987965,3.2589486325796204,True
UGC05721,1.35,76.4,4.57,15.37,42.83,0.0,45.50434924268228,4323.674074074074,1533.8117037037034,3.6358529486563738,3.1857720473171334,True
UGC05721,1.53,81.2,4.57,18.44,40.98,0.0,44.93766794127172,4309.437908496732,1319.865359477124,3.6344206276647517,3.1205296307372925,True
UGC05721,1.71,82.2,19.2,21.32,38.82,0.0,44.28921764944601,3951.3684210526317,1147.096374269006,3.596747524687947,3.059599907051175,True
UGC05721,1.89,82.6,4.57,22.09,36.95,0.0,43.049629498986405,3609.9259259259256,980.5664550264552,3.55749829046752,2.9914770320407995,True
UGC05721,2.07,82.3,4.57,20.36,35.17,0.0,40.63814095157405,3272.12077294686,797.8060386473431,3.514829324967622,2.9018973191902835,True
UGC05721,2.25,82.1,4.57,17.96,33.75,0.0,38.23119276193198,2995.7377777777774,649.6107111111111,3.476503796127519,2.812653177159997,True
UGC05721,2.67,81.4,4.57,18.44,30.81,0.0,35.906680436932625,2481.6329588014987,482.88003745318355,3.3947375484138274,2.6838392517802836,True
UGC05721,3.15,79.3,4.57,20.36,27.99,0.0,34.611698889248416,1996.3460317460317,380.3078412698412,3.3002358208456073,2.5801352798820427,True
UGC05721,3.61,78.5,4.57,20.55,25.88,0.0,33.04658681316423,1706.994459833795,302.514376731302,3.2322321115848474,2.48074601894454,True
UGC05721,4.04,78.2,4.57,20.74,24.31,0.0,31.955026208720277,1513.673267326733,252.75339108910887,3.1800321410090913,2.4026969910539706,True
UGC05721,4.49,78.1,4.57,21.71,22.96,0.0,31.598824345218922,1358.4877505567924,222.3798886414254,3.1330557267512775,2.3470955084181577,True
UGC05721,4.93,78.2,4.57,23.34,21.83,0.0,31.957855059437264,1240.4137931034486,207.16115618661257,3.093566586842466,2.316308326192471,True
UGC05721,5.38,78.3,4.57,24.59,20.85,0.0,32.23958126278938,1139.5706319702601,193.19527881040895,3.0567412484494976,2.2859965091827856,True
UGC05721,5.86,78.6,4.57,24.78,19.94,0.0,31.806477327739394,1054.2593856655287,172.63686006825938,3.022947476060725,2.237133528431111,True
UGC05721,6.28,78.9,4.57,24.59,19.24,0.0,31.22251911681695,991.2754777070065,155.2302070063694,2.9961943626816447,2.190976236636594,True
UGC05721,6.74,79.5,4.57,24.59,18.55,0.0,30.802120056905174,937.7225519287833,140.76715133531158,2.9720743607776208,2.148501322006375,True
UGC05750,0.31,3.1,4.5,1.0,4.05,0.0,4.17163037672323,31.000000000000004,56.13709677419355,1.4913616938342726,1.7492499485985533,False
UGC05750,1.47,15.7,8.5,4.69,16.67,0.0,17.317187993435887,167.68027210884352,204.00340136054425,2.224481970070291,2.309637408503353,False
UGC05750,2.52,28.0,10.0,7.69,21.39,0.0,22.73033655712119,311.1111111111111,205.02706349206352,2.4929155219028942,2.3118111915411186,False
UGC05750,3.35,36.0,11.0,9.58,24.52,0.0,26.325022317179524,386.86567164179104,206.86770149253732,2.5875601944977293,2.3156926890294898,False
UGC05750,4.09,43.6,4.5,11.47,24.68,0.0,27.21512998315459,464.7823960880196,181.091271393643,2.6672496705298303,2.2578975178075313,False
UGC05750,4.82,49.8,4.5,13.0,26.85,0.0,29.831568849123578,514.5311203319501,184.63122406639005,2.7114116472805856,2.2663051489814885,False
UGC05750,6.6,61.5,4.5,16.38,35.05,0.0,38.68858875689316,573.0681818181819,226.78892424242423,2.758206296008965,2.355621840971075,False
UGC05750,7.86,68.1,12.2,18.53,38.67,0.0,42.880412777863974,590.0267175572518,233.93508905852417,2.7708716777861624,2.36909536863066,False
UGC05750,9.43,73.4,12.2,20.89,42.63,0.0,47.473245096580456,571.32131495228,238.99353128313896,2.7568804270948126,2.3783861462784444,True
UGC05750,11.43,77.6,11.0,23.34,39.29,0.0,45.69966848895077,526.8381452318459,182.71738407699038,2.721677212121095,2.261779868915466,True
UGC05750,22.85,78.9,11.0,36.96,26.56,0.0,45.51346174485083,272.43807439824946,90.65536980306345,2.4352678020129717,1.957393533823363,True
UGC05764,0.36,21.45,1.99,2.75,5.37,0.0,6.033191526878622,1278.0625,101.10944444444445,3.1065520922741987,2.0047917241225166,False
UGC05764,0.73,31.3,1.58,6.05,10.22,0.0,11.87648517028502,1342.041095890411,193.22041095890413,3.127765814972441,2.286053001471863,False
UGC05764,1.09,41.7,1.16,9.4,11.44,0.0,14.806539095953518,1595.3119266055048,201.13174311926605,3.2028456120068913,2.303480617457103,False
UGC05764,1.45,48.35,0.44,12.81,11.24,0.0,17.042115479012576,1612.2224137931037,200.2991034482759,3.207424954603066,2.301679005367775,False
UGC05764,1.81,50.6,0.37,16.05,11.43,0.0,19.703994518878655,1414.5635359116022,214.50132596685083,3.150622458810414,2.3314299811748533,False
UGC05764,2.17,54.05,0.59,18.46,11.43,0.0,21.712127947301713,1346.2684331797234,217.24262672811062,3.1291316627301287,2.3369450453018974,False
UGC05764,2.54,55.8,0.76,20.04,11.39,0.0,23.05067677965226,1225.8425196850394,209.1864960629921,3.0884346812552192,2.320533645421726,False
UGC05764,2.9,54.55,0.71,20.71,11.38,0.0,23.63066863209757,1026.1043103448276,192.5546551724138,3.0111915119497654,2.284554022523814,False
UGC05764,3.26,50.0,2.65,20.29,11.12,0.0,23.137383170963822,766.8711656441718,164.21426380368098,2.8847224086040986,2.2154108776444663,True
UGC05764,3.62,49.9,2.77,19.63,11.17,0.0,22.585521911171323,687.8480662983425,140.91320441988947,2.837492520713614,2.1489516910369835,True
UGC05829,0.63,14.8,5.06,-2.24,7.48,0.0,7.808200817089684,347.6825396825397,96.77460317460319,2.5411828813363333,1.9857613991650205,False
UGC05829,1.26,27.2,5.06,-3.7,13.07,0.0,13.5836261727125,587.1746031746031,146.44039682539685,2.7687672629508344,2.165660897065862,False
UGC05829,1.88,34.1,5.06,3.88,16.73,0.0,17.1740298124814,618.5159574468087,156.88686170212765,2.7913509087213155,2.1955865756508164,False
UGC05829,2.52,38.8,5.06,-2.84,19.07,0.0,19.2803137941269,597.3968253968253,147.51210317460317,2.7762629104068703,2.168827655068757,False
UGC05829,3.14,42.8,5.06,11.17,20.36,0.0,23.222801295278742,583.388535031847,171.7511146496815,2.765957889953129,2.234899564273859,False
UGC05829,3.77,47.9,5.06,17.24,21.25,0.0,27.36384658632627,608.5968169761272,198.61541114058355,2.7843296766233334,2.298012943623839,False
UGC05829,4.4,51.9,5.06,20.77,21.39,0.0,29.814845295590583,612.1840909090907,202.02840909090907,2.7868820392107283,2.3054124439213903,False
UGC05829,5.03,57.6,5.06,26.16,21.32,0.0,33.74741471579712,659.5944333996024,226.4190854870775,2.819276981790497,2.3549130319348417,True
UGC05829,5.65,60.7,5.06,31.16,20.9,0.0,37.52006929631128,652.1221238938053,249.16028318584068,2.8143289343310767,2.3964788158045196,True
UGC05829,6.29,65.6,5.06,33.7,20.41,0.0,39.398706831569996,684.1589825119237,246.78189189189192,2.8351570333060514,2.3923132893160277,True
UGC05829,6.91,68.6,5.06,34.59,20.24,0.0,40.076498100507735,681.0361794500723,232.43497829233,2.833170184039305,2.3663014840292997,True
UGC05918,0.56,16.9,3.93,3.56,6.92,0.0,7.782030583337488,510.017857142857,108.14285714285714,2.7075853822211466,2.033997839485816,False
UGC05918,1.11,27.4,3.93,3.93,11.04,0.0,11.718638999474297,676.3603603603602,123.71756756756754,2.8301781468541183,2.0924313726763732,False
UGC05918,1.67,33.5,3.93,3.56,13.76,0.0,14.213064412715505,672.0059880239521,120.96479041916167,2.827373142926107,2.0826589773255555,False
UGC05918,2.23,36.4,3.93,8.55,16.36,0.0,18.459471823429833,594.1524663677129,152.8036322869955,2.773897904249951,2.1841336779533465,False
UGC05918,2.79,39.8,3.93,12.27,16.13,0.0,20.266469845535507,567.7562724014335,147.21498207885304,2.754161940873778,2.167952010429957,False
UGC05918,3.34,41.2,3.93,12.47,16.4,0.0,20.602448883567217,508.2155688622756,127.0841017964072,2.706047965254705,2.1040912237723353,False
UGC05918,3.9,42.6,3.93,13.27,17.86,0.0,22.250224717966333,465.323076923077,126.94166666666666,2.6677545911789387,2.1036041960370584,False
UGC05918,4.46,44.5,3.93,15.66,16.94,0.0,23.069442992842287,444.00224215246635,119.32717488789238,2.647385163249721,2.0767393586737533,True
UGC05986,0.63,29.5,2.53,-2.22,32.45,0.0,32.52584971987665,1381.3492063492063,1679.2553968253974,3.1403034825027443,3.2251167527174767,False
UGC05986,1.26,50.8,3.76,-8.54,43.44,0.0,44.27149421467497,2048.126984126984,1555.5279365079361,3.3113568794502757,3.191877815227616,False
UGC05986,1.88,68.2,2.58,-2.13,53.72,0.0,53.76221070603403,2474.0638297872347,1537.4336702127662,3.393410900049278,3.1867963880038914,False
UGC05986,2.51,84.3,2.28,8.88,65.57,0.0,66.168567311073,2831.2709163346617,1744.3343824701194,3.4519814277684464,3.2416297412282082,False
UGC05986,3.13,95.3,2.01,11.55,69.99,0.0,70.93660973009635,2901.6261980830673,1607.6685623003195,3.4626414637302045,3.206196519287696,False
UGC05986,3.77,106.0,3.58,16.04,70.54,0.0,72.34067458905814,2980.371352785146,1388.1096021220162,3.474270380323748,3.1424237584225585,False
UGC05986,4.39,112.0,4.25,20.82,71.78,0.0,74.73848272476502,2857.4031890660594,1272.4010933940776,3.4559715250982417,3.1046240336314987,True
UGC05986,5.02,115.0,3.18,24.3,71.41,0.0,75.43128064669192,2634.4621513944226,1133.4418525896413,3.420691963562204,3.0543992450208006,True
UGC05986,5.65,116.0,2.32,25.4,67.79,0.0,72.3922930980916,2381.592920353982,927.5476283185841,3.3768675306343985,2.9673362192950274,True
UGC05986,6.28,116.0,2.01,24.6,64.52,0.0,69.05063649235971,2142.6751592356686,759.2341401273884,3.3309563347166407,2.8803757285756837,True
UGC05986,6.9,116.0,2.28,25.5,61.11,0.0,66.21693212464619,1950.1449275362318,635.4611739130435,3.2900668877165815,2.803089020711532,True
UGC05986,7.54,114.0,3.05,25.7,56.38,0.0,61.961233041313825,1723.6074270557028,509.176976127321,3.236438356803171,2.706868757576035,True
UGC05986,8.16,112.0,3.69,24.6,53.17,0.0,58.585056968479606,1537.2549019607843,420.6138357843138,3.186745886586502,2.623883554384424,True
UGC05986,8.79,109.0,5.1,24.9,50.65,0.0,56.43963589535283,1351.6496018202504,362.3927758816837,3.1308641208074754,2.5591795316482844,True
UGC05986,9.41,107.0,6.39,27.79,48.55,0.0,55.94092062167014,1216.6843783209351,332.5596811902231,3.0851779319431625,2.5218695951600743,True
UGC05999,3.48,46.2,5.0,13.28,38.73,0.0,40.94351352778606,613.3448275862069,481.7158908045976,2.78770470716567,2.68279097302176,False
UGC05999,6.94,81.1,5.0,23.37,40.0,0.0,46.32663272891739,947.7247838616713,309.2445100864553,2.976682237967457,2.4903019984860517,False
UGC05999,10.42,91.2,5.0,31.3,39.75,0.0,50.59399667944805,798.2188099808062,245.6576295585413,2.9021219576933266,2.3903302568637526,True
UGC05999,13.89,97.7,5.0,35.52,35.72,0.0,50.37448560531413,687.2059035277179,182.6917782577394,2.8370868816999306,2.2617190030852146,True
UGC05999,16.22,100.0,5.0,46.95,33.5,0.0,57.67627328460119,616.5228113440198,205.08954993834774,2.7899491501248628,2.3119435320420214,True
UGC06399,0.87,24.8,6.5,2.79,20.37,0.0,20.560179960301905,706.9425287356323,485.8862068965518,2.849384109033814,2.6865345706955654,False
UGC06399,1.74,46.2,5.6,5.75,32.61,0.0,33.1130578473206,1226.6896551724137,630.157816091954,3.0887347028296515,2.7994493273500867,False
UGC06399,2.61,60.5,5.8,9.11,37.1,0.0,38.202121668828816,1402.3946360153257,559.1578927203066,3.1468702419666568,2.7475344595048825,False
UGC06399,3.5,69.6,3.9,13.36,42.69,0.0,44.73170799332393,1384.045714285714,571.6930571428571,3.1411504348708483,2.7571629180095236,False
UGC06399,4.37,77.5,3.7,16.6,44.26,0.0,47.27057858753159,1374.4279176201374,511.3289702517162,3.138121968042199,2.708700399149451,False
UGC06399,5.24,82.9,4.5,20.91,44.12,0.0,48.824199942241755,1311.5286259541986,454.924141221374,3.1177777741168207,2.6579389839195113,True
UGC06399,6.11,84.1,4.9,23.38,43.61,0.0,49.48188052206585,1157.5793780687395,400.7293780687397,3.06355078135327,2.602851182376424,True
UGC06399,6.98,85.6,4.9,23.92,43.31,0.0,49.47648431325735,1049.7650429799426,350.7052292263611,3.021092106731145,2.5449422415222838,True
UGC06399,7.85,87.6,4.9,25.86,40.62,0.0,48.1531307393403,977.5490445859872,295.3788535031847,2.990138555590909,2.4703794004694646,True
UGC06446,0.58,31.3,6.3,0.0,21.35,0.0,21.35,1689.1206896551726,785.9008620689657,3.2276606815299598,2.8953677651591483,False
UGC06446,1.16,54.8,5.8,2.75,29.36,0.0,29.4885079310568,2588.8275862068963,749.6311206896552,3.41310312774182,2.8748476078466907,False
UGC06446,1.74,61.1,4.1,6.18,30.8,0.0,31.413888648175988,2145.522988505747,567.1450574712644,3.3315331722025086,2.7536941516658415,False
UGC06446,2.33,63.9,4.1,7.45,31.81,0.0,32.670760627815206,1752.450643776824,458.1024034334764,3.2436457952907816,2.6609625703073174,False
UGC06446,2.91,67.2,4.1,14.25,31.67,0.0,34.72825074777018,1551.8350515463917,414.4506529209622,3.1908455571217433,2.617472828155442,False
UGC06446,3.49,70.4,3.6,16.89,31.97,0.0,36.15733673820571,1420.1031518624643,374.59971346704873,3.1523198913250448,2.573567440845606,False
UGC06446,4.07,73.7,3.6,15.31,32.15,0.0,35.609248798591636,1334.5675675675675,311.5524815724815,3.125340566492883,2.493531214839514,True
UGC06446,4.65,78.0,4.1,18.83,31.31,0.0,36.53607805991223,1308.3870967741934,287.0720430107526,3.1167362524910067,2.457990900064061,True
UGC06446,5.23,80.8,4.1,23.23,29.91,0.0,37.871374413929054,1248.305927342256,274.23346080305924,3.096321032681898,2.4381204444561773,True
UGC06446,5.81,80.5,3.6,26.13,28.44,0.0,38.62137361617269,1115.3614457831327,256.73158347676423,3.0474156283454064,2.4094792994697687,True
UGC06446,6.4,81.3,3.6,28.95,27.55,0.0,39.96379611598478,1032.7640625,249.54765625,3.014001117204249,2.397153495330284,True
UGC06446,6.98,82.1,4.6,31.41,26.52,0.0,41.10837505910444,965.6747851002863,242.1058022922636,2.9848308916157205,2.3840051978403958,True
UGC06446,7.62,82.8,4.6,34.05,25.42,0.0,42.492103972385266,899.7165354330707,236.95261154855643,2.9541057022301596,2.374661499593247,True
UGC06446,8.28,84.9,5.5,34.49,24.36,0.0,42.225225872693684,870.5326086956524,215.3345048309179,2.9397850437030253,2.333113626000898,True
UGC06446,8.9,84.3,5.5,32.03,23.44,0.0,39.69073569486965,798.48202247191,177.0061235955056,2.902265142604572,2.2479882912077653,True
UGC06446,9.52,83.2,7.0,32.29,22.66,0.0,39.44768307518199,727.1260504201682,163.45795168067227,2.8616097041969737,2.213406052399037,True
UGC06446,10.22,80.1,10.8,33.08,21.62,0.0,39.51848681313595,627.789628180039,152.8092759295499,2.7978141363697815,2.1841497178702056,True
UGC06614,3.23,194.0,16.7,-7.97,37.15,248.5,251.3879340779903,11652.012383900928,19565.292074303405,4.066400937529349,4.291486335513544,False
UGC06614,9.18,172.0,8.1,-15.63,83.53,176.71,196.08156950616242,3222.657952069717,4188.233322440088,3.5082142126138556,3.6220308678075845,False
UGC06614,10.64,170.0,10.7,-16.24,92.09,164.32,189.06445488245535,2716.1654135338345,3359.527077067669,3.4339562147975187,3.5262781457602337,False
UGC06614,11.58,170.0,6.8,-16.14,99.29,157.52,186.89985045472886,2495.6822107081175,3016.5418048359247,3.3971892833651305,3.479509348377354,False
UGC06614,12.52,171.0,6.8,-16.04,107.74,151.54,186.62679550375395,2335.543130990415,2781.913801916933,3.368387891909897,3.444343669174435,False
UGC06614,13.57,172.0,12.1,-16.04,120.8,145.51,189.79747548373766,2180.1031687546056,2654.6117686072216,3.3384770461553606,3.4240010154061222,True
UGC06614,15.76,174.0,19.6,-15.53,131.65,135.02,189.21760964561412,1921.0659898477159,2271.783236040609,3.2835422834116628,3.356366890470985,True
UGC06614,24.94,193.0,23.2,18.69,111.71,107.35,156.05275614355548,1493.5445068163592,976.4419687249397,3.1742181688730238,2.989646437678726,True
UGC06614,26.3,194.0,23.0,21.04,108.26,104.53,151.9520651389773,1431.0266159695816,877.9250988593157,3.155647711370694,2.9434574651775396,True
UGC06614,34.96,201.0,7.2,34.22,92.64,90.67,134.0679935704268,1155.6350114416475,514.1369250572083,3.0628206908786124,2.7110787957999545,True
UGC06614,36.84,202.0,17.1,37.39,88.8,88.32,130.70529637317685,1107.600434310532,463.73166395222574,3.044383117368436,2.6662667508671984,True
UGC06614,47.38,205.0,16.0,54.35,75.25,77.88,121.1683927433223,886.9776276910088,309.87292950612067,2.9479126657247625,2.491183637937812,True
UGC06614,64.59,204.0,16.0,61.29,63.17,66.7,110.43460961129894,644.3102647468648,188.81874903235794,2.809095050308648,2.276045116005562,True
UGC06628,1.1,26.9,8.27,3.02,29.07,0.0,29.22644863817703,657.8272727272725,776.5320909090908,2.8181118748465908,2.8901594080578237,False
UGC06628,2.2,38.0,8.27,-3.24,37.16,0.0,37.30098122033789,656.3636363636363,632.437818181818,2.817144512411414,2.8010178317481627,False
UGC06628,3.3,40.5,8.27,12.42,41.22,0.0,43.05049128639533,497.04545454545456,561.6196363636363,2.6963961065514495,2.7494422839780257,False
UGC06628,4.39,41.4,8.27,16.39,45.0,0.0,47.89187926987205,390.4236902050114,522.4674487471526,2.5915361619996764,2.7180592378072745,False
UGC06628,5.5,42.3,8.27,20.17,46.13,0.0,50.34685491666784,325.3254545454545,460.87378181818184,2.512318045255841,2.6635820026882913,False
UGC06628,6.59,42.3,8.27,25.63,47.72,0.0,54.16728994513201,271.5159332321699,445.23449165402127,2.433795320156075,2.6485888011136525,False
UGC06628,7.69,42.3,8.27,31.39,46.74,0.0,56.30239515331475,232.67750325097524,412.2184265279584,2.3667543949486536,2.615127401224247,True
UGC06667,0.87,26.6,4.4,0.0,6.92,0.0,6.92,813.2873563218392,55.04183908045977,2.9102440206435154,1.740692936294897,False
UGC06667,1.74,45.2,2.7,0.0,10.96,0.0,10.96,1174.16091954023,69.03540229885058,3.0697276213401645,1.839071860014101,False
UGC06667,2.61,57.0,3.9,8.65,14.33,0.0,16.738321301731546,1244.8275862068965,107.34536398467434,3.0951092040067016,2.0307832929329526,False
UGC06667,3.5,69.3,3.0,16.06,16.78,0.0,23.226967085695886,1372.1399999999999,154.1405714285714,3.137398424873338,2.1879169646656598,False
UGC06667,4.37,77.3,3.4,18.32,18.48,0.0,26.021775496687386,1367.3432494279175,154.95029748283756,3.135877550866228,2.1901924143605926,False
UGC06667,5.24,80.7,3.9,22.41,20.02,0.0,30.05009983344481,1242.8416030534352,172.3298664122137,3.0944157824604144,2.2363605513538345,False
UGC06667,6.11,84.0,3.0,23.49,21.36,0.0,31.749483460365145,1154.8281505728314,164.98031096563008,3.062517361881209,2.2174321178551395,False
UGC06667,6.98,85.0,3.0,25.65,22.68,0.0,34.23893835970969,1035.1002865329513,167.95199140401144,3.0149824288054243,2.225185157630771,False
UGC06667,7.85,85.7,3.4,24.46,24.0,0.0,34.26793836810146,935.6038216560511,149.59128662420383,2.971091987101144,2.1749062975308835,False
UGC06786,0.16,160.0,36.0,-1.22,8.07,119.49,119.76841570297238,160000.0,89652.95874999999,5.204119982655925,4.9525646268328885,False
UGC06786,0.32,177.0,30.9,-1.2,15.74,184.15,184.82535026343112,97903.125,106751.28156250001,4.990796554403707,5.028373097487985,False
UGC06786,0.49,180.0,25.3,-1.08,23.42,201.67,203.028204198333,66122.44897959183,84123.37081632651,4.820348930178098,4.924916666505962,False
UGC06786,0.65,180.0,32.0,-0.96,30.3,207.64,209.84132386162642,49846.153846153844,67743.66338461537,4.697631653563756,4.830868678353854,False
UGC06786,1.3,182.0,4.72,-0.33,55.43,203.18,210.60557020173994,25480.0,34119.00476923077,4.406199423663312,4.5329963545724175,False
UGC06786,1.46,183.0,10.8,0.44,61.06,200.04,209.1519036489986,22937.671232876713,29961.99917808219,4.3605493236764215,4.476570787767179,False
UGC06786,1.62,184.0,7.43,0.74,66.51,196.81,207.74576722523136,20898.765432098764,26640.928271604942,4.320120631476442,4.425549353238959,False
UGC06786,3.72,206.0,8.42,4.94,126.3,147.67,194.3772684755087,11407.526881720429,10156.592069892471,4.057191500856409,4.006748009766906,False
UGC06786,3.89,207.0,4.54,5.38,130.52,144.55,194.830996763862,11015.167095115681,9758.127840616968,4.0419910895881275,3.989366503478115,False
UGC06786,4.05,209.0,5.36,5.86,134.47,141.56,195.33497920239478,10785.432098765432,9421.173851851852,4.032837549007439,3.974105018039252,False
UGC06786,4.22,210.0,2.43,6.37,138.94,138.76,196.46688804986962,10450.236966824645,9146.738886255926,4.019126138506165,3.96126628137248,False
UGC06786,4.26,210.0,4.6,6.53,140.05,138.12,196.80898810775895,10352.112676056338,9092.436103286387,4.01502899036512,3.958680257751205,False
UGC06786,4.38,211.0,2.8,6.92,143.43,136.21,197.92224584416982,10164.611872146119,8943.656484018265,4.0070908000912855,3.9515151100906114,False
UGC06786,4.54,213.0,2.18,7.46,148.24,133.79,199.82620774062644,9993.1718061674,8795.267246696036,3.9997033540203715,3.9442490401552837,False
UGC06786,4.71,214.0,7.61,7.98,153.86,131.35,202.45839696095592,9723.142250530786,8702.633227176222,3.9878066395694853,3.939650680549786,False
UGC06786,4.86,215.0,4.7,8.49,158.53,129.31,204.75574985821524,9511.316872427982,8626.526152263375,3.9782406505689174,3.935835943266918,False
UGC06786,5.02,215.0,2.34,9.0,162.82,127.24,206.8365780030215,9208.167330677292,8522.185258964144,3.9641732026861916,3.930550970849102,False
UGC06786,5.18,216.0,2.95,9.51,166.08,125.27,208.2440380899295,9006.949806949808,8371.733474903476,3.9545777425566286,3.922815393553268,False
UGC06786,5.35,217.0,4.48,10.02,168.84,123.26,209.28538792758565,8801.682242990655,8186.98571962617,3.9445656856758307,3.9131240328601877,False
UGC06786,5.51,217.0,3.99,10.53,170.67,121.46,209.74189233436414,8546.098003629764,7983.967586206896,3.931767868845274,3.902218765107965,False
UGC06786,5.68,218.0,5.14,11.06,171.8,119.61,209.6285183366042,8366.901408450705,7736.64008802817,3.922564651498191,3.8885523937531623,False
UGC06786,5.84,218.0,2.51,11.59,172.47,117.97,209.27768610150486,8137.671232876713,7499.511969178082,3.91050014009681,3.875033002593153,False
UGC06786,6.0,219.0,3.95,12.13,172.94,116.4,208.8165235320232,7993.5,7267.390083333333,3.902736979296593,3.8613784719439725,False
UGC06786,6.15,219.0,7.84,12.55,173.44,114.95,208.45248523344594,7798.536585365853,7065.437170731707,3.8920131139048197,3.849139038790739,False
UGC06786,6.48,219.0,7.74,13.72,174.41,111.99,207.72300450359367,7401.388888888889,6658.772623456789,3.8693132238096433,3.823394185328948,False
UGC06786,6.64,219.0,6.69,14.25,174.58,110.63,207.17199569439882,7223.0421686746995,6463.8909337349405,3.858720150312219,3.810494019908131,False
UGC06786,6.81,220.0,6.26,14.68,174.53,109.24,206.42093135144992,7107.1953010279,6256.916431718062,3.851698249731627,3.7963603545162656,False
UGC06786,7.1,220.0,2.52,15.64,174.07,106.99,204.9190928147009,6816.901408450704,5914.34290140845,3.8335870129253373,3.7719065004187766,False
UGC06786,7.13,220.0,11.4,15.74,173.95,106.76,204.70478182006397,6788.218793828893,5877.145539971949,3.831755831792547,3.769166445593433,False
UGC06786,8.52,220.0,2.93,20.1,162.17,97.67,190.37475620470272,5680.751173708921,4253.820164319248,3.754405766877712,3.6287791256008664,False
UGC06786,10.66,225.0,1.79,25.95,149.89,87.32,175.40010547317237,4749.06191369606,2886.0409943714817,3.6766078315321717,3.4603024956773916,True
UGC06786,11.99,228.0,5.71,28.72,144.35,82.33,168.64160162901678,4335.613010842369,2371.9757964970804,3.6370505109020588,3.3751102531992276,True
UGC06786,12.1,228.0,9.96,29.04,143.9,81.96,168.13082168359256,4296.198347107438,2336.196132231405,3.6330843236844577,3.368509300585127,True
UGC06786,12.33,228.0,8.24,29.36,143.03,81.19,167.0670721596569,4216.058394160584,2263.6988321167883,3.624906617405176,3.3548186467873933,True
UGC06786,12.78,229.0,1.74,30.21,141.37,79.75,165.1005254382917,4103.364632237872,2132.8782081377153,3.613140110857395,3.328966057022861,True
UGC06786,14.93,228.0,1.64,33.5,133.3,73.78,155.99560378420927,3481.848626925653,1629.9148292029472,3.5418098862758822,3.212164911045925,True
UGC06786,17.08,226.0,1.34,35.21,125.19,68.98,147.20910501731882,2990.3981264637005,1268.7658430913352,3.475729011941816,3.1033814783305367,True
UGC06786,19.23,226.0,1.39,35.84,117.76,65.01,139.20568702463274,2656.0582423296933,1007.7079199167968,3.424237594056322,3.003334671841713,True
UGC06786,21.27,227.0,1.11,35.52,111.0,61.81,131.92098582105882,2422.6140103432062,818.201527973672,3.3842842244835163,2.912860286198672,True
UGC06786,23.42,227.0,1.37,34.46,106.04,58.91,126.10456494512798,2200.2134927412467,679.0077412467975,3.3424648236499013,2.831874725623068,True
UGC06786,25.57,224.0,2.79,32.87,101.01,56.38,120.25872691825738,1962.2995698083691,565.5909816190849,3.2927653086419904,2.752502475993418,True
UGC06786,27.72,218.0,9.41,31.59,96.03,54.15,114.68178364500615,1714.4300144300146,474.4556818181818,3.2341197612694406,2.6761956518724648,True
UGC06786,29.87,215.0,8.18,30.53,91.96,52.16,110.04266490775294,1547.5393371275527,405.40301640441913,3.1896416972270822,2.607886975740613,True
UGC06786,32.02,219.0,5.06,29.67,88.37,50.38,105.96088995473755,1497.8450968144907,350.64678950655843,3.1754669020969555,2.5448698668881056,True
UGC06786,34.05,211.0,7.05,29.04,85.42,48.86,102.602132531444,1307.518355359765,309.168798825257,3.1164477943465814,2.4901956586558867,True
UGC06787,0.12,134.0,41.1,-0.73,7.68,179.06,179.22611109991757,149633.33333333334,267683.32416666666,5.17502835068199,5.427621316842603,False
UGC06787,0.24,208.0,35.5,-0.84,14.95,278.38,278.78241067183563,180266.6666666667,323831.8020833334,5.2559154282139176,5.51031949664435,False
UGC06787,0.35,252.0,27.1,-0.93,21.23,309.46,310.1887641420946,181440.0,274905.9125714286,5.258733037212813,5.4391840805838525,False
UGC06787,0.47,272.0,11.6,-1.09,27.71,321.2,322.3949010142685,157412.76595744683,221145.68553191487,5.19703995013268,5.344678470868364,False
UGC06787,0.59,276.0,12.6,-1.27,33.83,323.58,325.34612061618316,129111.86440677967,179406.94610169492,5.110966152488292,5.253839253620215,False
UGC06787,0.71,271.0,16.3,-1.49,39.63,323.15,325.57438397392383,103438.02816901408,149293.9147887324,5.014680233029736,5.1740421062680015,False
UGC06787,0.83,266.0,11.9,-1.72,45.13,320.31,323.4782394535991,85248.19277108434,126070.0860240964,4.93068518088606,5.100612049175328,False
UGC06787,0.94,262.0,12.2,-1.96,49.93,316.84,320.7560320555172,73025.53191489363,109451.52351063829,4.863474729039792,5.039221811108686,False
UGC06787,1.06,260.0,12.1,-2.21,54.94,314.79,319.55599165091553,63773.58490566038,96335.87905660378,4.804640830676866,4.983788064635094,False
UGC06787,1.18,260.0,11.9,-2.45,59.69,313.21,318.8563982422181,57288.135593220344,86160.51076271186,4.7580646886355105,4.935308264811395,False
UGC06787,1.3,259.0,8.04,-2.69,64.21,311.21,317.7763746725046,51600.76923076923,77678.32638461537,4.712656175855667,4.890299859925742,False
UGC06787,1.42,257.0,10.2,-2.93,68.53,309.11,316.6290225168881,46513.380281690144,70601.36471830987,4.6675779022795325,4.8488130960079365,False
UGC06787,1.53,254.0,9.68,-3.17,72.32,306.55,314.98116419875015,42167.320261437904,64845.18549019608,4.624976002422278,4.811877736894112,False
UGC06787,1.66,244.0,4.95,-3.41,76.57,303.54,313.0672844613439,35865.06024096386,59042.846144578325,4.554671564637403,4.77116728436872,False
UGC06787,1.89,228.0,9.83,-3.87,83.6,297.2,308.7584442569952,27504.761904761905,50440.0935978836,4.439407889827663,4.70277588378936,False
UGC06787,2.01,220.0,18.6,-4.09,87.03,293.4,306.06291673445185,24079.601990049752,46604.23333333334,4.381649304223924,4.668425367973321,False
UGC06787,2.13,215.0,4.11,-4.3,90.32,289.39,303.18767207787323,21701.877934272303,43156.22746478873,4.336497316392473,4.635043473479975,False
UGC06787,2.24,213.0,16.1,-4.5,93.19,285.56,300.4149458665464,20254.017857142855,40289.794508928564,4.306511188543313,4.6051950523507506,False
UGC06787,3.1,228.0,9.59,-5.53,112.13,255.35,278.93967143452363,16769.032258064515,25099.142032258063,4.224508000166635,4.399658876181261,False
UGC06787,3.79,236.0,7.22,-5.65,121.66,232.68,262.6272272632828,14695.51451187335,18198.696701846966,4.16718479597214,4.260040287135447,False
UGC06787,3.9,236.0,7.24,-5.61,122.76,229.34,260.18901840777215,14281.02564102564,17358.544948717947,4.154759398913714,4.2395133183504505,False
UGC06787,4.14,237.0,8.26,-5.45,124.89,222.83,255.50033953010708,13567.391304347828,15768.218236714978,4.1324963508993084,4.197782622074607,False
UGC06787,4.25,237.0,4.07,-5.32,125.78,219.95,253.43029278284789,13216.235294117647,15112.214894117647,4.121107761969896,4.179328120579866,False
UGC06787,4.37,237.0,4.04,-5.15,126.75,216.93,251.29804993274422,12853.318077803204,14450.963363844394,4.109015255049786,4.1598968000099195,False
UGC06787,4.49,237.0,1.94,-4.93,127.73,214.04,249.3037893815495,12509.799554565701,13842.400757238307,4.097250351016885,4.141211418531215,False
UGC06787,4.61,237.0,1.49,-4.62,128.73,211.23,247.40830665117124,12184.164859002169,13277.84603036876,4.08579576663056,4.123127628270163,False
UGC06787,4.72,236.0,2.38,-4.24,129.65,208.76,245.7800596061446,11800.0,12798.270699152541,4.071882007306125,4.107151291792198,False
UGC06787,5.16,235.0,2.4,-1.43,133.7,199.77,240.3867463068628,10702.519379844962,11198.796085271319,4.029486022916261,4.049171336810651,False
UGC06787,5.43,234.0,4.05,3.32,136.22,194.84,237.75940864664008,10083.977900552487,10410.596022099448,4.003631885231439,4.017475594227058,False
UGC06787,5.56,233.0,3.03,4.2,137.4,192.59,236.6163732711665,9764.208633093525,10069.659730215828,3.9896370504699803,4.00301479530174,False
UGC06787,5.67,233.0,2.48,4.99,138.33,190.72,235.65696976749913,9574.779541446209,9794.392839506172,3.9811287831591313,3.9909775189805794,False
UGC06787,5.79,233.0,3.03,5.73,139.24,188.73,234.60525015438165,9376.338514680483,9505.979861830741,3.9720332783246017,3.977996889918234,False
UGC06787,5.91,232.0,6.7,6.43,139.93,186.59,233.31861884556065,9107.275803722505,9211.096091370558,3.959388488900544,3.964311312944943,False
UGC06787,6.03,232.0,7.44,7.14,140.45,184.7,232.1449377005667,8926.036484245438,8937.192719734658,3.950658657641648,3.9512011230700868,False
UGC06787,6.2,232.0,1.64,8.18,141.04,182.21,230.56382652098748,8681.290322580646,8574.141629032258,3.9385842802835453,3.9331906529790435,False
UGC06787,6.5,233.0,14.3,9.96,142.01,177.9,227.84743075136925,8352.153846153846,7986.838723076924,3.9217984854091825,3.9023749148838407,False
UGC06787,6.85,235.0,7.57,11.78,143.12,173.33,225.08974143661013,8062.043795620439,7396.407547445257,3.906445153051047,3.86902083308884,False
UGC06787,6.98,236.0,3.05,12.31,143.59,171.7,224.16626463408807,7979.3696275071625,7199.2140687679075,3.901968583317052,3.857285087510759,False
UGC06787,7.09,236.0,2.91,12.85,144.05,170.36,223.46824069652496,7855.571227080395,7043.449167842033,3.8951777707571464,3.84778538467164,False
UGC06787,7.21,237.0,4.07,13.38,144.62,168.93,222.78086475278795,7790.429958391123,6883.677350901526,3.8915614273007786,3.8378205060473087,False
UGC06787,7.22,238.0,2.02,13.48,144.67,168.82,222.73596858163702,7845.429362880886,6871.372811634348,3.8946167165433847,3.8370435121623943,False
UGC06787,7.33,238.0,6.76,13.91,145.21,167.55,222.15407873815866,7727.694406548431,6732.937885402455,3.888049939471896,3.8282046079104832,False
UGC06787,7.45,239.0,3.49,14.44,145.73,166.2,221.5134002718571,7667.2483221476505,6586.33375838926,3.8846395291479827,3.8186437345377584,False
UGC06787,7.56,240.0,10.1,14.86,146.08,164.99,220.86621765222495,7619.047619047619,6452.630436507938,3.8819006879220055,3.8097367923376546,False
UGC06787,8.26,247.0,0.85,17.52,144.87,157.97,215.05531427983826,7386.077481840194,5599.126900726393,3.868413859198949,3.748120310620662,False
UGC06787,8.98,252.0,8.91,19.64,141.68,151.5,208.35355048570688,7071.714922048997,4834.2095768374165,3.849524744895784,3.6843254743900116,False
UGC06787,9.09,253.0,7.13,19.85,141.18,150.58,207.3647783496513,7041.694169416942,4730.489691969197,3.8476771591296686,3.6749061004655146,False
UGC06787,9.3,254.0,0.73,20.28,140.17,148.87,205.47794090850724,6937.204301075269,4539.912279569891,3.841184484685941,3.6570474614767523,False
UGC06787,10.32,253.0,0.96,21.76,134.57,141.32,196.35153398942418,6202.422480620155,3735.845436046511,3.7925613450604434,3.57238889976879,False
UGC06787,11.38,247.0,1.99,22.29,131.1,134.58,189.19786071729246,5361.072056239015,3145.5035588752194,3.729251644460279,3.4976901808893275,False
UGC06787,12.4,238.0,3.15,22.29,127.84,128.93,182.92855053271484,4568.064516129032,2698.6173064516133,3.659732228950789,3.431141301199577,False
UGC06787,13.41,229.0,1.67,21.87,125.7,123.98,177.90398337305436,3910.5891126025354,2360.1660924683074,3.592242186828177,3.372942566743113,False
UGC06787,14.43,223.0,3.52,21.55,123.24,119.52,173.02465286773443,3446.223146223146,2074.6729383229385,3.5373433950028272,3.3169496421194222,True
UGC06787,15.44,220.0,1.13,21.55,120.61,115.54,168.4062534468361,3134.7150259067357,1836.8307124352332,3.496198065644695,3.264069132330269,True
UGC06787,16.57,220.0,1.12,22.08,117.78,111.53,163.70276631749385,2920.9414604707304,1617.2960591430294,3.465522853225076,3.2087895283064625,True
UGC06787,17.58,224.0,1.93,22.61,115.53,108.28,159.9467142519658,2854.15244596132,1455.230455062571,3.4554771659305725,3.162931775065335,True
UGC06787,18.6,228.0,2.04,23.25,113.08,105.27,156.23514905423812,2794.838709677419,1312.334505376344,3.446356749782991,3.1180445479381707,True
UGC06787,19.61,234.0,2.55,24.2,110.31,102.52,152.52634690439552,2792.2488526262114,1186.3481132075474,3.4459541211525018,3.074212143886457,True
UGC06787,20.62,239.0,2.91,26.01,107.85,99.98,149.34571637646658,2770.1745877788553,1081.6752182347236,3.4425071409487775,3.03409687989975,True
UGC06787,21.64,243.0,3.08,28.66,105.68,97.6,146.6813485075727,2728.6968576709796,994.242975970425,3.4359552907620925,2.9974925315080956,True
UGC06787,22.77,245.0,3.6,31.74,103.62,95.14,144.2087084749045,2636.1440491875273,913.3136407553798,3.420969138113922,2.9606199440823233,True
UGC06787,23.78,247.0,2.67,34.4,101.87,93.1,142.22681498226697,2565.5592935239697,850.650416316232,3.409182056236659,2.9297511188894942,True
UGC06787,24.79,249.0,3.37,36.31,99.95,91.18,140.0793025396686,2501.048810004034,791.5373537716823,3.3981221674236513,2.8984714146552686,True
UGC06787,25.81,250.0,2.08,37.37,97.79,89.36,137.63942240506532,2421.5420379697794,734.0027353738861,3.3840920128002066,2.865697678384151,True
UGC06787,26.82,251.0,1.68,37.79,95.84,87.67,135.27534365138388,2349.0305741983593,682.3049440715884,3.3708886694464963,2.8339785182463864,True
UGC06787,27.84,251.0,2.78,37.79,94.22,86.04,133.0728150299677,2262.9669540229884,636.0766558908047,3.354678212023552,2.803509457196021,True
UGC06787,29.41,248.0,3.4,37.26,91.66,83.72,129.61057672890743,2091.2614756885414,571.1969262155728,3.320408337145363,2.75678586170368,True
UGC06787,30.99,246.0,2.91,36.63,88.64,81.55,125.8936416186298,1952.758954501452,511.42978380122616,3.2906486379674753,2.708786016149983,True
UGC06787,32.57,249.0,3.46,35.88,86.0,79.55,122.5217405197951,1903.6229659195578,460.9019619281547,3.2795809356265995,2.6636085567961585,True
UGC06787,34.03,252.0,3.23,35.14,84.24,77.83,119.95293285284858,1866.1181310608285,422.82415809579777,3.2709391324672787,2.626159792798042,True
UGC06787,37.19,255.0,4.16,33.12,79.85,74.45,114.0866311186372,1748.4538854530788,349.98008604463564,3.2426541825089377,2.5440433335874917,True
UGC06818,0.87,23.4,5.55,3.13,27.44,0.0,27.61793801137225,629.3793103448276,876.7247126436782,2.7989124622016672,2.9428632483856587,False
UGC06818,1.74,28.0,5.2,4.07,38.72,0.0,38.93331863584198,450.57471264367814,871.1513218390805,2.6537668144018385,2.9400935999349156,False
UGC06818,2.61,36.7,4.25,7.08,40.85,0.0,41.45900264116348,516.0498084291188,658.562796934866,2.712691621165898,2.818597193211212,False
UGC06818,3.5,47.6,4.25,10.56,41.42,0.0,42.74494122115505,647.36,522.0371428571428,2.8111458610907105,2.7177014040827774,True
UGC06818,4.37,63.3,4.75,13.36,40.22,0.0,42.38086832522429,916.9084668192218,411.01556064073225,2.962325983064288,2.6138582641448758,True
UGC06818,5.24,71.2,5.25,17.35,39.25,0.0,42.91369245357477,967.4503816793894,351.44751908396944,2.985628700289986,2.54586048191941,True
UGC06818,6.11,68.1,6.0,19.51,37.01,0.0,41.83754533908508,759.0196399345334,286.4779378068739,2.880253013583016,2.457091181774027,True
UGC06818,6.98,74.4,6.0,20.91,34.75,0.0,40.556018049113256,793.0315186246419,235.6433524355301,2.899290448468596,2.3722551927004134,True
UGC06917,1.74,59.2,3.5,0.0,56.25,0.0,56.25,2014.16091954023,1818.426724137931,3.30409416516324,3.2596958052842004,False
UGC06917,2.61,71.2,4.0,0.0,59.09,0.0,59.09,1942.314176245211,1337.788544061303,3.288319479935432,3.126387472621052,False
UGC06917,3.5,84.5,4.4,6.4,61.72,0.0,62.05093391722642,2040.0714285714287,1100.0909714285715,3.309645373549109,3.0414286003907995,False
UGC06917,4.37,93.5,4.5,14.66,63.73,0.0,65.39440725322005,2000.5148741418764,978.5877574370709,3.3011417847746136,2.9905997782430664,False
UGC06917,5.24,97.5,3.5,17.89,64.38,0.0,66.8194320538569,1814.1698473282443,852.0680343511449,3.258677944413347,2.930474272893045,False
UGC06917,6.11,100.0,3.5,20.91,64.3,0.0,67.61448143704128,1636.6612111292961,748.2353682487725,3.2139587897574455,2.8740382329616785,False
UGC06917,6.98,101.0,4.0,24.79,64.23,0.0,68.84792662092302,1461.4613180515757,679.0883954154727,3.164787324942124,2.8319263091001043,True
UGC06917,7.85,103.0,3.5,27.59,62.94,0.0,68.72155193241782,1351.4649681528663,601.6116815286624,3.1308047926650917,2.7793162603864188,True
UGC06917,8.72,105.0,4.0,29.1,61.95,0.0,68.44422912123417,1264.334862385321,537.2262041284404,3.101862113207309,2.7301571879706783,True
UGC06917,9.6,110.0,4.9,32.76,60.68,0.0,68.9585382675706,1260.4166666666667,495.34166666666664,3.100514137276882,2.6949048610781903,True
UGC06917,10.47,111.0,6.0,36.86,60.19,0.0,70.57971167410646,1176.7908309455586,475.7875549188156,3.0706992758944724,2.6774130780947507,True
UGC06923,0.93,40.5,7.35,9.26,50.64,0.0,51.479677543667655,1763.7096774193546,2849.6313978494622,3.2464270978754017,3.454788687295208,False
UGC06923,1.94,53.9,5.9,16.49,55.16,0.0,57.572091329045875,1497.5309278350517,1708.528711340206,3.1753758004432515,3.2326222813916434,False
UGC06923,2.87,73.0,4.7,21.98,56.07,0.0,60.22429161061174,1856.794425087108,1263.750975609756,3.2687638235069194,3.101661503872466,False
UGC06923,3.72,78.4,3.9,25.0,55.82,0.0,61.16267162248556,1652.3010752688174,1005.6108602150538,3.2180891854869795,3.002429954918555,True
UGC06923,4.47,79.3,5.3,28.23,53.8,0.0,60.75666959272866,1406.821029082774,825.8104921700223,3.148238851503271,2.916880396415405,True
UGC06923,5.16,81.1,5.1,30.82,51.88,0.0,60.34407013120677,1274.6531007751937,705.6989922480622,3.1053920067951006,2.848619497253578,True
UGC06930,1.74,54.7,8.3,0.0,52.62,0.0,52.62,1719.5919540229886,1591.3013793103448,3.235425404384262,3.2017524392167687,False
UGC06930,3.5,85.4,7.0,5.24,59.95,0.0,60.17856844425597,2083.76,1034.702885714286,3.3188476970277345,3.0148156603058056,False
UGC06930,5.24,93.8,6.2,17.89,62.66,0.0,65.16385270991886,1679.0916030534347,810.3678816793893,3.2250743897744023,2.908682219758652,False
UGC06930,6.98,98.7,5.2,25.97,65.09,0.0,70.07959046683992,1395.6575931232092,703.6030085959885,3.1447788827161123,2.8473276878261324,False
UGC06930,8.72,103.0,5.2,29.85,66.99,0.0,73.33950231628245,1216.6284403669724,616.8213990825686,3.0851579644777773,2.790159432069924,False
UGC06930,10.47,107.0,5.2,34.48,67.16,0.0,75.49394677720856,1093.505253104107,544.3491881566379,3.0388208736915767,2.7358775795491463,True
UGC06930,12.19,109.0,5.2,40.3,63.93,0.0,75.57205105063643,974.6513535684988,468.509835931091,2.9888492902628654,2.670718712930855,True
UGC06930,13.94,108.0,7.4,42.57,59.68,0.0,73.30693896214737,836.7288378766141,385.5026757532281,2.922584737211909,2.5860273968119536,True
UGC06930,15.68,108.0,7.4,40.84,54.03,0.0,67.72847628582826,743.8775510204082,292.5476084183674,2.8715014526254796,2.466196552096535,True
UGC06930,16.61,108.0,7.4,39.98,51.7,0.0,65.35510997619085,702.2275737507525,257.15173991571345,2.846477878522505,2.4101894671491833,True
UGC06983,1.74,56.9,6.6,0.0,57.53,0.0,57.53,1860.6954022988505,1902.1269540229887,3.2696752845075427,3.2792394997683987,False
UGC06983,2.61,87.4,4.8,0.0,63.17,0.0,63.17,2926.7279693486594,1528.907624521073,3.466382357930525,3.1843812464504553,False
UGC06983,3.5,92.1,5.7,0.0,61.1,0.0,61.1,2423.5457142857144,1066.6314285714286,3.384451216043422,3.028014376134833,False
UGC06983,4.37,93.5,5.2,8.69,59.01,0.0,59.64642654845301,2000.5148741418764,814.1181235697939,3.3011417847746136,2.9106874229391715,False
UGC06983,5.24,98.2,4.4,16.6,57.64,0.0,59.98274418530716,1840.3129770992366,686.627786259542,3.264891688590173,2.836721374351919,False
UGC06983,6.11,99.7,4.4,18.86,56.44,0.0,59.50775747749196,1626.8559738134206,579.5700818330605,3.2113491063807573,2.7631059585276216,False
UGC06983,6.98,102.0,3.5,23.82,56.03,0.0,60.88311177986881,1490.5444126074497,531.0534813753582,3.173344920900674,2.725138260246454,False
UGC06983,7.85,107.0,4.4,29.74,55.57,0.0,63.027712159017796,1458.471337579618,506.05,3.1638978986251667,2.704193429194155,False
UGC06983,8.72,108.0,4.4,30.17,54.32,0.0,62.13607084455856,1337.6146788990825,442.7627637614679,3.126331026041332,2.6461710896843016,True
UGC06983,9.6,110.0,4.4,31.9,52.55,0.0,61.47448657776655,1260.4166666666667,393.65755208333326,3.100514137276882,2.595118587536345,True
UGC06983,10.47,113.0,4.4,35.89,51.23,0.0,62.55081933915814,1219.5797516714422,373.696752626552,3.086210205287997,2.5725193239066435,True
UGC06983,11.35,110.0,5.2,38.26,49.57,0.0,62.61798862946653,1066.079295154185,345.4636563876652,3.0277895087873086,2.538402365283274,True
UGC06983,12.19,108.0,5.7,39.33,47.76,0.0,61.86975432309393,956.8498769483183,314.01694011484824,2.9808438053555175,2.496953077372437,True
UGC06983,13.12,109.0,8.6,40.63,45.68,0.0,61.13476343292743,905.564024390244,284.867324695122,2.956919160841606,2.45464263695996,True
UGC06983,13.94,108.0,9.8,40.95,43.38,0.0,59.65506600448951,836.7288378766141,255.28887374461985,2.922584737211909,2.4070318873596266,True
UGC06983,14.86,108.0,9.8,40.63,41.42,0.0,58.02080058048148,784.9259757738897,226.5419448183042,2.894828701549343,2.355148624523787,True
UGC06983,15.68,109.0,12.3,40.09,39.99,0.0,56.62515518742532,757.7168367346939,204.49031887755106,2.8795069375328275,2.3106727521595865,True
UGC07089,0.87,20.9,4.7,4.05,19.26,0.0,19.68121185293223,502.0804597701149,445.2300000000001,2.7007733196034893,2.6485844198035062,False
UGC07089,1.74,36.4,3.9,8.89,32.89,0.0,34.07028323921009,761.4712643678159,667.1173563218391,2.8816535190155124,2.82420223979326,False
UGC07089,2.61,43.4,3.9,12.07,42.35,0.0,44.03643264389158,721.6704980842912,742.9913409961687,2.8583389516867403,2.8709837524153587,False
UGC07089,3.5,51.2,4.7,13.47,46.88,0.0,48.7767905873275,748.9828571428573,679.7643714285715,2.874471877601386,2.832358398114849,False
UGC07089,4.37,59.7,3.9,14.33,50.13,0.0,52.13794971035973,815.5812356979405,622.0516704805492,2.9114672252883165,2.79382646069172,False
UGC07089,5.24,64.5,4.4,18.1,50.81,0.0,53.93761303580276,793.9408396946565,555.2034541984733,2.899788142286809,2.744452159418466,False
UGC07089,6.11,67.9,3.9,21.23,49.78,0.0,54.11803119109194,754.5679214402619,479.3390016366612,2.8776983383184493,2.6806427669982065,True
UGC07089,6.55,72.8,7.3,22.41,49.26,0.0,54.11797945230401,809.1358778625953,447.1382748091603,2.908021458634291,2.6504418468462325,True
UGC07089,6.98,70.3,6.1,23.49,48.73,0.0,54.096145888593576,708.035816618911,419.254011461318,2.8500552274164868,2.622477226667939,True
UGC07089,7.85,73.7,6.1,25.32,47.5,0.0,53.82706010920529,691.9350318471338,369.0894777070064,2.8400653189728504,2.5671316641636257,True
UGC07089,8.72,77.6,6.1,26.4,46.22,0.0,53.22826692651189,690.5688073394494,324.91380733944953,2.8392069575838095,2.51176816725117,True
UGC07089,9.16,79.1,7.3,26.4,45.5,0.0,52.60427739262274,683.0578602620087,302.0971615720524,2.834457493327503,2.480146644772168,True
UGC07125,1.44,26.1,3.3,9.09,27.58,0.0,29.03936121886981,473.06250000000006,585.6142361111112,2.6749185225813124,2.7676116257507273,False
UGC07125,2.88,43.0,3.47,16.12,37.24,0.0,40.57920649790974,642.0138888888889,571.7611111111112,2.8075444233999423,2.7572146130642796,False
UGC07125,4.33,48.5,2.35,15.32,39.71,0.0,42.56273604927202,543.2448036951502,418.3802540415704,2.734995580851162,2.6215711792933725,False
UGC07125,5.76,52.5,2.0,18.34,39.12,0.0,43.20567092408125,478.515625,324.0850694444444,2.6798961233887018,2.5106590236047133,False
UGC07125,7.2,56.4,2.05,17.63,37.66,0.0,41.58235803799491,441.8,240.15173611111106,2.6452257115354163,2.3804857305991747,False
UGC07125,8.64,58.5,2.21,22.27,36.69,0.0,42.91979729681863,396.09375,213.20706018518516,2.5977979896854677,2.3288015819150374,True
UGC07125,10.08,61.5,2.1,25.8,36.12,0.0,44.38799837793995,375.2232142857143,195.46571428571426,2.574289699441327,2.291070590875892,True
UGC07125,11.47,64.6,2.01,29.52,34.86,0.0,45.67986427300326,363.83260680034863,181.92240627724493,2.5609016180889004,2.2598861917698803,True
UGC07125,13.0,65.6,2.12,36.98,33.7,0.0,50.03209369994424,331.0276923076923,192.55464615384614,2.5198643264444835,2.2845540021830217,True
UGC07125,14.42,65.4,2.65,38.39,31.99,0.0,49.971513885412755,296.613037447989,173.1728294036061,2.4721902362651242,2.238479752775201,True
UGC07125,15.84,65.5,3.05,37.89,29.33,0.0,47.915561146667166,270.84911616161617,144.94324494949495,2.4327274227300912,2.1611979799564867,True
UGC07125,17.26,65.1,3.22,39.0,27.53,0.0,47.737835099635596,245.5393974507531,132.03365585168018,2.390121185757193,2.1206846485361877,True
UGC07125,18.68,64.9,3.48,34.46,26.15,0.0,43.258688144695284,225.48233404710928,100.17741434689508,2.353112521706664,2.0007698180365923,True
UGC07151,0.5,24.2,2.18,-0.51,24.79,0.0,24.795245511992817,1171.28,1229.6083999999998,3.068660727624844,3.089766821359928,False
UGC07151,1.0,42.0,2.91,-5.39,39.13,0.0,39.49948100924872,1764.0,1560.2090000000003,3.246498580795801,3.193182778782025,False
UGC07151,1.5,59.4,2.4,-5.79,45.87,0.0,46.233981009642676,2352.24,1425.0539999999999,3.3714816309067057,3.153831321507815,False
UGC07151,2.0,63.9,2.01,7.68,49.56,0.0,50.15153038542294,2041.605,1257.588,3.309971720652819,3.0995383846442457,False
UGC07151,2.49,66.0,2.0,15.55,48.96,0.0,51.37007007976532,1749.3975903614457,1059.79281124498,3.242888523988001,3.0252209692949124,False
UGC07151,3.0,67.2,2.07,19.33,48.14,0.0,51.875895172999186,1505.28,897.0361666666668,3.177617291387988,2.952809953263848,False
UGC07151,3.49,68.7,2.38,19.89,46.88,0.0,50.924910407383145,1352.3467048710602,743.0792263610315,3.131088047159921,2.871035120270806,True
UGC07151,4.0,71.3,2.91,25.08,45.84,0.0,52.252387505261424,1270.9225,682.578,3.104119068375769,2.8341522865318756,True
UGC07151,4.49,72.5,3.21,25.36,46.88,0.0,53.29975609700293,1170.6570155902004,632.7091314031181,3.0684296721386644,2.8012041023418246,True
UGC07151,5.01,74.0,3.41,26.06,48.01,0.0,54.62676724830053,1093.0139720558882,595.625489021956,3.0386257135947066,2.7749732745481097,True
UGC07151,5.5,76.2,3.17,28.3,47.84,0.0,55.583771012769546,1055.7163636363637,561.7373818181818,3.023547253184957,2.749533325740418,True
UGC07232,0.21,16.4,3.3,3.43,15.55,0.0,15.923799797786959,1280.7619047619048,1207.4638095238097,3.1074684013614764,3.081874122811006,False
UGC07232,0.41,26.2,3.3,6.87,25.1,0.0,26.023199265270982,1674.2439024390244,1651.724146341464,3.2238187259197555,3.217937517726995,False
UGC07232,0.62,35.2,3.3,10.25,25.64,0.0,27.61289734888391,1998.451612903226,1229.7937096774194,3.300693637458008,3.0898322673235485,False
UGC07232,0.82,44.0,3.3,12.77,24.3,0.0,27.451100160102875,2360.9756097560976,918.9791463414634,3.373091500588658,2.9633056564007068,True
UGC07261,0.95,46.8,5.66,3.86,27.74,0.0,28.0072704846438,2305.515789473684,825.6917894736841,3.3627681008594004,2.916817966073445,False
UGC07261,1.9,63.0,5.66,4.52,51.06,0.0,51.25967225802366,2088.947368421053,1382.9231578947372,3.3199274979543345,3.1407980492131164,False
UGC07261,2.86,66.8,5.66,4.73,51.26,0.0,51.47776704558969,1560.2237762237762,926.5596153846153,3.1931868918220485,2.9668733673134677,False
UGC07261,3.81,69.6,5.66,12.72,49.4,0.0,51.01135559853316,1271.4330708661414,682.9812073490813,3.1042935035455046,2.8344087539642877,True
UGC07261,4.76,73.4,5.66,18.24,44.13,0.0,47.750963341067795,1131.840336134454,479.0240546218488,3.053785167111648,2.680357322448449,True
UGC07261,5.72,74.7,5.66,23.64,39.21,0.0,45.78508163146594,975.5402097902098,366.48141608391614,2.9892451748377735,2.564051956884821,True
UGC07261,6.67,76.1,5.66,29.52,35.32,0.0,46.03186722261003,868.2473763118439,317.68107946026987,2.938643479624597,2.5019913497635895,True
UGC07323,0.58,23.9,3.87,1.43,21.96,0.0,22.00651040033381,984.8448275862069,834.9767241379312,2.993367808333338,2.9216743692328833,False
UGC07323,1.17,34.7,3.87,3.24,34.79,0.0,34.940545216123915,1029.1367521367524,1043.4544444444446,3.012473087835586,3.018473493211466,False
UGC07323,1.75,42.8,3.87,-0.61,43.08,0.0,43.08431849292733,1046.765714285714,1060.7191428571427,3.0198494893400496,3.0256004066589766,False
UGC07323,2.33,51.3,3.87,-3.66,48.67,0.0,48.80742259124118,1129.4806866952788,1022.3881974248926,3.0528788091976136,3.0096158272943447,False
UGC07323,2.91,57.7,3.87,9.71,52.39,0.0,53.28223155987369,1144.085910652921,975.6000687285223,3.058458637325556,2.9892718222366264,False
UGC07323,3.5,67.3,3.87,13.91,55.75,0.0,57.45912112101959,1294.0828571428572,943.3001714285714,3.1119620840976783,2.974649913364277,False
UGC07323,4.07,75.4,3.87,18.68,58.69,0.0,61.59105860431366,1396.8452088452088,932.0536855036854,3.145148282514328,2.9694409280691363,False
UGC07323,4.65,79.5,3.87,24.75,61.08,0.0,65.90393690819995,1359.1935483870966,934.0492258064517,3.1332813044229866,2.9703697648090652,False
UGC07323,5.23,82.8,3.87,27.13,61.82,0.0,67.5111050124348,1310.8680688336517,871.4625812619502,3.117558984702486,2.940248744170813,False
UGC07323,5.82,85.6,3.87,28.72,60.87,0.0,67.30523976630646,1258.996563573883,778.34970790378,3.100024544704418,2.8911747667702006,True
UGC07399,0.61,47.3,2.77,2.98,31.89,0.0,32.02893223321689,3667.688524590163,1681.7254098360656,3.564392446464856,3.22575508615381,False
UGC07399,1.22,70.4,3.27,8.37,39.0,0.0,39.888054602850715,4062.4262295081976,1304.145,3.6087854876094765,3.1153258806589146,False
UGC07399,1.84,83.7,2.5,14.43,37.15,0.0,39.8540763285263,3807.4402173913045,863.2322826086955,3.5806330929769836,2.936127673445772,False
UGC07399,2.45,89.1,2.45,17.93,36.43,0.0,40.60332252414819,3240.330612244897,672.9101224489796,3.510589323709217,2.8279570613545992,False
UGC07399,3.07,91.7,2.48,20.44,35.9,0.0,41.31105905202625,2739.052117263844,555.8969381107491,3.4376002958628558,2.744994281944176,False
UGC07399,3.68,95.1,3.01,21.54,34.58,0.0,40.74000490917987,2457.6114130434776,451.0184782608696,3.39051321520131,2.6541943353199473,False
UGC07399,4.3,96.9,3.62,21.34,33.94,0.0,40.091385608382254,2183.6302325581396,373.79516279069765,3.339179098521944,2.572633676960147,True
UGC07399,4.91,100.0,3.9,23.04,32.94,0.0,40.19807458075573,2036.6598778004072,329.1008553971486,3.3089185078770313,2.5173290111116895,True
UGC07399,5.52,103.0,4.82,25.45,31.6,0.0,40.57416049655248,1921.9202898550727,298.23596014492756,3.2837353716811455,2.4745600078323884,True
UGC07399,6.13,106.0,4.97,25.55,31.05,0.0,40.21075726717914,1832.952691680261,263.76916802610117,3.2631512560111253,2.4212240295019023,True
UGC07524,0.35,14.4,2.82,-0.61,15.45,0.0,15.462037381923508,592.4571428571429,683.0702857142857,2.772656939840224,2.8344653934727053,False
UGC07524,0.69,24.4,3.97,-1.22,17.95,0.0,17.991411840097484,862.8405797101449,469.11724637681164,2.9359305619402036,2.6712813994118805,False
UGC07524,1.03,29.2,3.26,-2.04,20.19,0.0,20.29279921548528,827.8058252427184,399.8035922330098,2.9179284781916643,2.6018466919330865,False
UGC07524,1.38,32.9,3.73,-1.72,21.43,0.0,21.498913926056822,784.3550724637681,334.9299275362319,2.894512709498712,2.524953955491906,False
UGC07524,1.72,37.8,3.41,3.47,22.82,0.0,23.082315741710143,830.720930232558,309.76354651162785,2.9194551527669015,2.4910303079346425,False
UGC07524,2.07,42.0,3.12,3.53,25.15,0.0,25.396523384116968,852.1739130434784,311.5861835748792,2.9305282353388833,2.4935781918432,False
UGC07524,2.41,45.1,2.92,4.13,26.82,0.0,27.13612536822455,843.98755186722,305.54742738589215,2.926336041181053,2.485078631447059,False
UGC07524,2.76,47.6,2.79,6.88,28.98,0.0,29.78547968389967,820.9275362318842,321.44014492753627,2.914304823375769,2.5071001152143255,False
UGC07524,3.1,52.3,2.78,9.39,30.06,0.0,31.49247052868352,882.3516129032256,319.9276451612903,2.9456416839002757,2.5050517693815606,False
UGC07524,3.45,57.3,2.78,11.99,30.89,0.0,33.1353617756016,951.6782608695651,318.2470144927536,2.9784901488615056,2.502764338184595,False
UGC07524,3.79,61.4,2.93,14.78,31.14,0.0,34.469522770122595,994.7124010554089,313.4955145118734,2.997697532314263,2.496231331333631,False
UGC07524,4.14,64.5,3.42,16.87,32.08,0.0,36.24532107734735,1004.8913043478261,317.3244685990338,3.0021190881496365,2.5015035614411842,False
UGC07524,4.48,66.4,4.53,18.27,32.77,0.0,37.518872584340805,984.1428571428572,314.2111160714286,2.993058144737891,2.4972215453223034,False
UGC07524,4.82,66.9,5.46,19.32,33.02,0.0,38.25680070262018,928.5497925311204,303.64788381742744,2.9678051972967965,2.4823702587843965,False
UGC07524,5.17,69.4,4.77,19.78,33.86,0.0,39.21413010637875,931.5976789168279,297.436750483559,2.969228397815767,2.4733946277574086,False
UGC07524,5.51,70.2,4.44,19.55,34.37,0.0,39.541110252495436,894.3811252268603,283.75669691470057,2.9515226254078257,2.452946120064718,False
UGC07524,5.86,70.9,4.24,19.78,34.15,0.0,39.464805840140656,857.8174061433448,265.7800170648464,2.9333948543480424,2.4245223249712304,False
UGC07524,6.2,72.3,4.38,20.48,34.36,0.0,40.000499996875035,843.1112903225807,258.0709677419355,2.9258849050908076,2.4117391503840038,False
UGC07524,6.55,73.9,3.51,21.53,34.78,0.0,40.904636656496535,833.7725190839697,255.44874809160305,2.9210475767978683,2.4073037786243074,False
UGC07524,6.89,75.0,3.22,22.81,35.14,0.0,41.89410101673027,816.400580551524,254.73377358490563,2.911903304875774,2.406086529216331,False
UGC07524,7.25,75.5,3.23,24.09,35.58,0.0,42.96818008712959,786.2413793103449,254.65717241379306,2.895555896687383,2.4059559125792136,False
UGC07524,7.58,77.1,2.98,25.37,36.1,0.0,44.12308806056077,784.2229551451186,256.8399604221636,2.89443955046986,2.409662594321714,False
UGC07524,7.94,77.0,2.79,26.77,36.68,0.0,45.409859061661926,746.7254408060453,259.7046977329975,2.8731609479178672,2.414479805544073,False
UGC07524,8.27,77.0,2.82,28.28,37.11,0.0,46.65737347944052,716.9286577992746,263.22980652962514,2.855475940792417,2.4203350645711645,False
UGC07524,8.63,78.2,2.93,29.91,37.49,0.0,47.95944328284055,708.6025492468135,266.5247045191193,2.8504027104044867,2.4257374705448504,False
UGC07524,8.97,79.6,3.14,31.07,37.76,0.0,48.89951431251644,706.3723522853956,266.5732998885172,2.849033692431246,2.425816648109424,True
UGC07524,9.3,80.3,3.39,32.12,37.98,0.0,49.741077591865654,693.3430107526881,266.04030107526876,2.840948142003427,2.42494743064931,True
UGC07524,9.66,81.2,3.66,33.05,38.12,0.0,50.45232303868673,682.5507246376812,263.502784679089,2.834134932066857,2.420785209166675,True
UGC07524,9.99,82.3,3.9,33.75,38.33,0.0,51.07104267586477,678.007007007007,261.08622622622624,2.8312341821985574,2.4167839609392563,True
UGC07524,10.35,83.8,4.1,34.21,38.96,0.0,51.84790931175529,678.4966183574879,259.73001932367157,2.8315476874676166,2.4145221478317573,True
UGC07524,10.69,79.0,2.78,34.56,38.32,0.0,51.60248056053119,583.8166510757718,249.09410664172123,2.766276477372105,2.396363452613755,True
UGC07559,0.36,9.31,3.23,2.82,9.53,0.0,9.938475738260871,240.76694444444448,274.37027777777774,2.381596861195398,2.438337062952203,False
UGC07559,0.72,15.9,3.23,5.91,14.9,0.0,16.02928881766125,351.125,356.85847222222225,2.5454617522096346,2.552496011855686,False
UGC07559,1.08,21.4,3.23,7.85,16.55,0.0,18.317341510164624,424.03703703703695,310.6712962962963,2.627403791211432,2.4923011295472595,False
UGC07559,1.45,26.1,3.23,9.57,17.31,0.0,19.779307369066288,469.8,269.80758620689653,2.671913012441587,2.431054156608959,False
UGC07559,1.8,29.7,3.23,11.59,16.91,0.0,20.500639014430746,490.04999999999995,233.48677777777777,2.6902403935311185,2.3682622917512135,True
UGC07559,2.17,31.1,3.23,14.33,15.67,0.0,21.234354240240037,445.7188940092166,207.78700460829495,2.6490610442051454,2.3176183824733636,True
UGC07559,2.53,32.1,3.23,16.45,15.47,0.0,22.581483565080486,407.2766798418973,201.5507509881423,2.6098895436339262,2.304384420694967,True
UGC07577,0.19,3.74,3.17,-1.81,3.43,0.0,3.8782728114458376,73.61894736842106,79.16315789473684,1.8669896034481315,1.8985231103057574,False
UGC07577,0.38,5.4,3.17,-1.88,6.16,0.0,6.440496875241847,76.73684210526316,109.1578947368421,1.885003923029127,2.038055151100193,False
UGC07577,0.57,7.31,3.17,1.42,8.66,0.0,8.77564812421282,93.74754385964913,135.10877192982457,1.9719598982432296,2.130683546483516,False
UGC07577,0.75,8.85,3.17,4.71,10.45,0.0,11.462399399776645,104.42999999999999,175.18213333333333,2.0188252780039506,2.2434898107908707,False
UGC07577,0.94,10.7,3.17,5.82,11.68,0.0,13.049704977508112,121.79787234042551,181.16468085106382,2.0856397017707207,2.258073533260231,False
UGC07577,1.13,12.4,3.17,6.52,12.49,0.0,14.089375429734279,136.070796460177,175.67300884955753,2.1337649268410503,2.2447050397641135,False
UGC07577,1.32,14.1,3.17,7.99,13.06,0.0,15.310248201776483,150.61363636363635,177.57856060606062,2.17786429410491,2.2493905314170837,False
UGC07577,1.51,15.9,3.17,8.69,12.91,0.0,15.56226847217333,167.42384105960264,160.38688741721853,2.2238173013477334,2.205168859240365,False
UGC07577,1.69,17.8,3.17,9.12,11.87,0.0,14.969011323397414,187.47928994082844,132.58656804733727,2.2729533000041147,2.1224995292090556,False
UGC07603,0.34,19.6,2.89,4.29,19.73,0.0,20.19101285225682,1129.8823529411766,1199.05,3.053033225670697,3.0788372934168975,False
UGC07603,0.68,32.5,2.89,6.17,28.0,0.0,28.671743930218128,1553.3088235294117,1208.9248529411764,3.1912578092515123,3.0823993058506094,False
UGC07603,1.02,41.9,2.89,5.94,31.57,0.0,32.123955235929465,1721.1862745098038,1011.7142156862744,3.235827874170673,3.0050578523471945,False
UGC07603,1.37,50.6,2.89,8.81,31.98,0.0,33.17132044402212,1868.8759124087592,803.1653284671534,3.2715804665231913,2.904804952315388,True
UGC07603,1.71,57.0,2.89,15.21,31.44,0.0,34.92588867874374,1900.0,713.3436842105264,3.278753600952829,2.853298820446678,True
UGC07603,2.05,60.5,2.89,17.87,29.65,0.0,34.618772364137925,1785.487804878049,584.6143414634147,3.2517568882491834,2.766869465044727,True
UGC07603,2.39,60.5,2.89,17.46,27.89,0.0,32.90446322309483,1531.4853556485355,453.01410041841,3.1851128483568,2.656111719978845,True
UGC07603,2.74,60.0,2.89,15.96,26.14,0.0,30.627131762540223,1313.868613138686,342.34350364963507,3.1185519379468993,2.5344620910586473,True
UGC07603,3.08,61.5,2.89,15.55,24.58,0.0,29.085716425764726,1228.0032467532467,274.668474025974,3.0891995150503893,2.4388088147089757,True
UGC07603,3.42,61.5,2.89,16.29,23.19,0.0,28.339728297921276,1105.921052631579,234.8363157894737,3.0437241254946983,2.3707652583652554,True
UGC07603,3.76,63.0,2.89,16.96,21.99,0.0,27.770518540351382,1055.585106382979,205.106835106383,3.0234932539795025,2.3119801333060725,True
UGC07603,4.11,64.0,2.89,17.21,20.84,0.0,27.027572957999762,996.5936739659367,177.7347201946472,2.9985181260917053,2.249772274828606,True
UGC07608,0.6,14.6,6.69,4.56,9.68,0.0,10.70028037015853,355.26666666666665,190.82666666666665,2.5505544611852304,2.2806390641676164,False
UGC07608,1.19,31.5,6.69,6.39,13.08,0.0,14.55742078803797,833.8235294117648,178.0827731092437,2.9210741461866703,2.25062190988745,False
UGC07608,1.79,44.8,6.69,9.63,14.81,0.0,17.665588017385666,1121.2513966480444,174.34245810055867,3.0497029970163947,2.241403164925904,False
UGC07608,2.38,50.6,6.69,13.15,16.52,0.0,21.114755504149226,1075.781512605042,187.32474789915966,3.031724076623086,2.2725951567988854,False
UGC07608,2.99,55.6,6.69,14.93,16.97,0.0,22.602783014487397,1033.8996655518395,170.86481605351167,3.0144783948396854,2.2326526433706593,False
UGC07608,3.59,61.4,6.69,18.09,16.51,0.0,24.49139032394854,1050.1281337047353,167.08306406685242,3.021242293704016,2.222932431012071,False
UGC07608,4.18,66.0,6.69,21.26,16.39,0.0,26.844360674078274,1042.1052631578948,172.39705741626798,3.017911589308702,2.2365298487347283,True
UGC07608,4.78,69.3,6.69,24.12,16.26,0.0,29.088863848558955,1004.705020920502,177.0213389121339,3.0020385726114944,2.2480256212386585,True
UGC07690,0.59,45.3,4.31,4.24,45.76,0.0,45.956013752282736,3478.118644067796,3579.5850847457627,3.5413443923835195,3.553832689814731,False
UGC07690,1.18,59.8,4.31,11.75,48.85,0.0,50.24325825421755,3030.5423728813557,2139.3093220338988,3.481520360670696,3.3302735836085193,False
UGC07690,1.77,60.7,4.31,15.81,45.2,0.0,47.885238852907484,2081.632768361582,1295.4780225988702,3.3184041157887085,3.1124300497070245,True
UGC07690,2.36,58.8,4.31,19.15,42.05,0.0,46.2052486196103,1465.0169491525423,904.6292372881355,3.1658426491821703,2.956470619876526,True
UGC07690,2.95,57.9,4.31,20.97,38.14,0.0,43.524711371817276,1136.4101694915253,642.1696610169491,3.0555351114767095,2.807649783690514,True
UGC07690,3.54,56.9,4.31,21.99,34.5,0.0,40.91222433454334,914.5790960451976,472.82771186440675,2.9612212707643546,2.6747029220971976,True
UGC07690,4.13,55.9,4.31,22.39,31.16,0.0,38.370010424809635,756.6125907990315,356.4788619854722,2.8788735641164456,2.5520337827285915,True
UGC07866,0.33,12.2,4.07,3.43,9.04,0.0,9.66884170932589,451.03030303030295,283.29242424242415,2.654205721471609,2.4522349608469365,False
UGC07866,0.66,19.4,4.07,3.44,13.22,0.0,13.660234258606256,570.2424242424241,282.73030303030305,2.7560595243185833,2.4513723586612652,False
UGC07866,1.0,23.9,4.07,5.29,17.22,0.0,18.014230485924177,571.2099999999999,324.5125,2.7567958018962755,2.5112314301855956,False
UGC07866,1.33,26.0,4.07,8.85,17.5,0.0,19.610520135886247,508.2706766917293,289.15225563909775,2.70609505497455,2.4611265845275345,False
UGC07866,1.67,28.2,4.07,11.12,17.11,0.0,20.40604077228113,476.19161676646706,249.3452095808383,2.677781745491139,2.396801028970694,True
UGC07866,2.0,30.6,4.07,13.66,16.29,0.0,21.259343828067692,468.18000000000006,225.97984999999997,2.670412857299179,2.354069716032571,True
UGC07866,2.32,33.1,4.07,14.34,16.35,0.0,21.747599867571594,472.2456896551725,203.86125000000004,2.674168002660538,2.3093346828134793,True
UGC08286,0.47,22.2,2.81,-3.85,16.14,0.0,16.59283279009344,1048.595744680851,585.7917021276597,3.0206080909655597,2.7677432155093005,False
UGC08286,0.95,43.4,3.47,-1.38,24.37,0.0,24.409041357660897,1982.6947368421054,627.1592631578949,3.2972558537361736,2.797377841193753,False
UGC08286,1.42,60.2,3.04,-0.63,30.01,0.0,30.016612067320324,2552.140845070423,634.5049295774648,3.4069046381325925,2.802435000552039,False
UGC08286,1.9,69.6,2.05,8.67,34.64,0.0,35.70852139195909,2549.5578947368417,671.1044736842105,3.406464878268295,2.8267901338988293,False
UGC08286,2.37,72.5,2.0,11.4,38.52,0.0,40.17151229416189,2217.827004219409,680.907341772152,3.3459276671318836,2.8330880169128756,False
UGC08286,2.84,74.3,2.02,11.54,39.29,0.0,40.94967277036533,1943.8345070422536,590.4491901408451,3.288659287474113,2.7711825312622,True
UGC08286,3.3,75.8,2.01,12.92,40.32,0.0,42.33944732752189,1741.1030303030302,543.2208484848486,3.2408244713862198,2.734976429549641,True
UGC08286,3.78,77.2,2.05,16.18,39.87,0.0,43.028005996095146,1576.6772486772488,489.7908201058201,3.1977428008342472,2.6900106411097497,True
UGC08286,4.25,79.3,2.08,18.85,39.64,0.0,43.89364532594667,1479.6447058823528,453.32990588235293,3.170157444584896,2.6564143701314196,True
UGC08286,4.73,81.3,2.08,23.39,37.47,0.0,44.171178385911325,1397.397463002114,412.4932346723044,3.145319950450325,2.615416830053021,True
UGC08286,5.2,81.6,2.03,23.16,35.37,0.0,42.27791976907094,1280.4923076923076,343.7350961538461,3.107376973872923,2.5362238768791503,True
UGC08286,5.67,82.1,2.02,23.39,33.69,0.0,41.01351240749809,1188.784832451499,296.6681128747795,3.075103255345975,2.47227086904437,True
UGC08286,6.15,82.9,2.0,22.11,32.23,0.0,39.08484360976771,1117.4650406504065,248.39430894308936,3.0482339453251304,2.3951416413317324,True
UGC08286,6.62,83.2,2.0,22.46,30.9,0.0,38.20028272146687,1045.6555891238672,220.4322658610272,3.019388663141748,2.3432751648611316,True
UGC08286,7.1,83.5,2.02,26.07,29.56,0.0,39.41368417187107,982.0070422535211,218.79415492957747,2.992114602248129,2.3400357156699023,True
UGC08286,7.57,83.8,2.0,25.72,28.4,0.0,38.315511219348224,927.6671070013209,193.9337384412153,2.96739215776048,2.2876533693893872,True
UGC08286,8.04,84.3,2.0,26.3,27.44,0.0,38.00846747765556,883.8917910447761,179.68203980099506,2.9463991005010333,2.2545046691783353,True
UGC08490,0.34,38.8,3.69,0.91,27.87,0.0,27.88485251888559,4427.764705882352,2286.955882352941,3.646184534146159,3.35925778671629,False
UGC08490,0.68,50.1,3.69,7.1,39.52,0.0,40.152713482403655,3691.1911764705883,2370.9417647058826,3.567166539028255,3.374920886927371,False
UGC08490,1.02,60.2,3.69,10.23,44.52,0.0,45.68022876475117,3552.980392156863,2045.7679411764707,3.5505928107537317,3.3108563685832064,False
UGC08490,1.36,68.2,3.69,12.18,46.26,0.0,47.83659686892453,3420.0294117647063,1682.6029411764705,3.53402984094274,3.2259816437235327,False
UGC08490,1.69,72.8,3.69,14.42,45.8,0.0,48.01641802550457,3135.9999999999995,1364.2463905325444,3.496376054012401,3.134892813418077,True
UGC08490,2.03,75.3,3.69,15.29,45.05,0.0,47.5740118131738,2793.1477832512314,1114.9195073891626,3.446093914488188,3.047243514237467,True
UGC08490,2.37,76.6,3.69,18.41,43.11,0.0,46.876435444687985,2475.7637130801686,927.1730801687763,3.393709193255104,2.967160813697694,True
UGC08490,2.7,77.6,3.69,20.65,41.2,0.0,46.08538271512997,2230.281481481481,786.6157407407408,3.3483596783573897,2.895762632702315,True
UGC08490,3.05,78.5,3.69,21.24,39.62,0.0,44.954221158863376,2020.409836065574,662.5842622950819,3.305439474143719,2.8212411163036033,True
UGC08490,3.38,78.2,3.69,22.11,38.18,0.0,44.11988780584103,1809.242603550296,575.9066568047338,3.2574968058420413,2.7603520984931893,True
UGC08490,3.72,78.8,3.69,23.77,36.93,0.0,43.91853595009743,1669.2043010752686,518.5047849462366,3.222509495097213,2.7147527685672164,True
UGC08490,4.06,79.2,3.69,25.04,35.68,0.0,43.58972355957307,1544.985221674877,467.9960591133005,3.188924329601793,2.670242195996018,True
UGC08490,4.39,79.2,3.69,24.74,34.2,0.0,42.21027836913659,1428.8473804100229,405.8559453302962,3.1549858429368656,2.608371912272396,True
UGC08490,4.74,79.2,3.69,24.74,32.41,0.0,40.773468088942344,1323.3417721518988,350.7332700421941,3.121672021504902,2.5449769643714104,True
UGC08490,5.08,78.8,3.69,23.87,31.05,0.0,39.16477243646387,1222.3307086614172,301.9447637795276,3.0871887226951915,2.4799275026266505,True
UGC08490,5.41,78.5,3.69,22.31,29.85,0.0,37.26605157512666,1139.0480591497228,256.70214417744916,3.056542048383936,2.4094294962544014,True
UGC08490,5.75,80.1,3.69,22.6,28.79,0.0,36.600875672584664,1115.8278260869563,232.97810434782608,3.0475971874788446,2.3673151072588694,True
UGC08490,6.09,80.1,3.69,23.18,27.84,0.0,36.22675806637961,1053.5320197044334,215.49720853858787,3.0226477395356,2.3334416488626917,True
UGC08490,6.42,80.1,3.69,22.99,26.98,0.0,35.44658657755355,999.3785046728971,195.7103582554517,2.999730004099622,2.291613811933612,True
UGC08490,6.77,80.1,3.69,22.99,26.18,0.0,34.84153412236608,947.711964549483,179.31056129985228,2.976676363483331,2.253605870037182,True
UGC08490,7.11,79.8,3.69,22.8,25.47,0.0,34.18422004375703,895.6455696202531,164.3545569620253,2.9521361819716927,2.2157817500119568,True
UGC08490,7.44,79.8,3.69,23.87,24.82,0.0,34.435581888505965,855.9193548387096,159.38297043010755,2.9324328471555803,2.2024419165373144,True
UGC08490,7.78,79.5,3.69,24.06,24.22,0.0,34.13930286341535,812.3714652956298,149.80616966580973,2.9097546603232516,2.1755296998563707,True
UGC08490,8.12,79.5,3.69,22.89,23.66,0.0,32.92032350995354,778.3559113300494,133.46646551724137,2.8911782280717655,2.1253721595560155,True
UGC08490,8.46,78.8,3.69,23.09,23.15,0.0,32.696645087837375,733.9763593380613,126.36768321513001,2.865682071940087,2.101636023346544,True
UGC08490,8.8,77.9,3.69,23.38,22.65,0.0,32.5522180503879,689.5920454545455,120.41442045454541,2.8385922431949604,2.080678499785747,True
UGC08490,9.13,77.2,3.69,22.8,22.21,0.0,31.829610428027546,652.775465498357,110.96649507119386,2.814763823137173,2.045191868856729,True
UGC08490,9.47,77.6,3.69,22.21,21.79,0.0,31.114115767606187,635.8775079197464,102.22684266103484,2.8033734635131036,2.009564947549259,True
UGC08490,9.77,76.6,3.69,22.21,21.43,0.0,30.863068544783424,600.5690890481064,97.49529170931423,2.7785629755464347,1.988983643041746,True
UGC08490,10.15,77.6,3.69,22.5,21.0,0.0,30.777426793024787,593.2768472906403,93.32512315270935,2.773257400267145,1.969998571697799,True
UGC08550,0.49,25.0,2.04,3.42,17.04,0.0,17.379815879346936,1275.5102040816328,616.4448979591835,3.1056839373155616,2.7898942624698324,False
UGC08550,0.97,42.5,2.7,4.1,26.7,0.0,27.012959852633696,1862.1134020618558,752.2680412371134,3.2700061258343784,2.876372611986423,False
UGC08550,1.47,48.0,2.15,10.21,28.91,0.0,30.659944553113593,1567.3469387755101,639.47768707483,3.1951651400029983,2.8058253954928043,True
UGC08550,1.95,49.2,2.08,12.59,27.91,0.0,30.61823312995053,1241.3538461538465,480.7570256410257,3.093895594172203,2.6819256396080413,True
UGC08550,2.44,50.4,2.06,13.04,24.63,0.0,27.868952258741267,1041.0491803278687,318.3108606557377,3.0174712465523212,2.502851456850313,True
UGC08550,2.92,51.6,2.04,12.14,22.08,0.0,25.197341129571587,911.8356164383562,217.43356164383562,2.959916551806004,2.337326579822782,True
UGC08550,3.41,53.2,2.0,13.38,20.22,0.0,24.24608834430824,829.9824046920821,172.39671554252197,2.9190688855975986,2.236528987501765,True
UGC08550,3.89,55.1,2.05,14.95,18.69,0.0,23.9336290603828,780.46529562982,147.25413881748074,2.892353596377862,2.1680675101846596,True
UGC08550,4.39,57.8,2.24,18.33,17.42,0.0,25.287255683446556,761.0113895216401,145.65952164009116,2.8813911565989367,2.1633388793556545,True
UGC08550,4.88,57.3,2.0,21.25,16.4,0.0,26.842550176911285,672.8053278688524,147.64805327868854,2.827889421932069,2.169227725219845,True
UGC08550,5.36,57.5,2.0,22.04,15.57,0.0,26.984930980085906,616.8376865671642,135.85569029850745,2.790170899686491,2.1330778335046428,True
UGC08699,0.22,152.0,39.4,0.62,26.39,158.03,160.21952877224425,105018.18181818182,116683.17,5.021264495067339,5.067008219342449,False
UGC08699,0.43,167.0,32.9,1.83,47.21,231.8,236.56579000354216,64858.139534883725,130147.37906976746,4.81196448671558,5.114435426636583,False
UGC08699,0.65,179.0,20.9,2.76,65.47,250.59,259.01599680328627,49293.84615384615,103214.28707692308,4.692792705316931,5.013739817147894,False
UGC08699,0.87,188.0,15.7,3.59,80.81,244.02,257.077623685921,40625.28735632184,75964.25816091955,4.608796445908741,4.880609301035471,False
UGC08699,1.08,195.0,10.6,4.38,93.2,231.39,249.4929988997687,35208.33333333333,57635.885648148134,4.546645467238086,4.7606929710302,False
UGC08699,1.31,199.0,8.88,5.12,104.66,217.32,241.26316005557084,30229.77099236641,44433.52091603053,4.480434857163649,4.6477107281366195,False
UGC08699,1.52,202.0,4.4,5.84,113.51,203.82,233.36927411293885,26844.736842105263,35829.74875,4.428859150948475,4.554243762760831,False
UGC08699,1.73,202.0,2.3,6.53,120.8,191.4,226.42712050458974,23586.127167630057,29635.399364161847,4.372656635764452,4.471810784130566,False
UGC08699,1.96,202.0,3.38,7.2,127.95,179.83,220.82090344892623,20818.367346938776,24878.50581632653,4.318446667536771,4.3958242934138525,False
UGC08699,2.17,200.0,4.47,7.85,133.72,170.88,217.12354846952923,18433.179723502304,21724.7167281106,4.2656002574794325,4.336954122325745,False
UGC08699,2.39,196.0,2.88,8.49,138.13,162.54,213.47418719835895,16073.640167364016,19067.459665271963,4.206114241764815,4.280292836368298,False
UGC08699,2.6,193.0,3.32,9.1,140.07,156.06,209.89792400116778,14326.538461538461,16945.053269230768,4.1561412700447296,4.229042938443189,False
UGC08699,2.83,189.0,2.21,9.69,139.86,149.58,205.00949270704518,12622.261484098939,14851.198621908132,4.101137172822198,4.171761506439315,False
UGC08699,3.04,184.0,14.0,10.26,138.24,144.32,200.10953900301706,11136.842105263158,13172.311710526317,4.046762062410319,4.11966199933715,False
UGC08699,5.87,170.0,5.45,16.97,124.36,103.86,162.91190901834034,4923.3390119250425,4521.344139693356,3.6922597415089333,3.65526756438482,False
UGC08699,6.08,172.0,6.66,17.59,125.28,102.05,162.5382693398696,4865.789473684211,4345.179111842105,3.6871533145423627,3.638007683127935,False
UGC08699,6.3,174.0,3.96,18.32,126.27,100.25,162.264591947843,4805.714285714286,4179.332984126984,3.6817579471116177,3.621106974495577,False
UGC08699,6.52,176.0,5.18,18.94,127.31,98.55,162.10694679747687,4750.920245398774,4030.4696625766874,3.6767777398963797,3.605355656558165,False
UGC08699,6.74,178.0,3.04,19.56,128.27,96.92,161.95453960911377,4700.890207715133,3891.583516320475,3.6721801080824683,3.5901263551722833,False
UGC08699,6.95,180.0,2.75,20.18,129.11,95.45,161.82498879962887,4661.8705035971225,3767.960719424461,3.6685602056164983,3.576106366672293,False
UGC08699,7.16,182.0,2.34,20.9,130.08,94.04,161.8676558179552,4626.256983240223,3659.376815642459,3.665229753662294,3.5634071322327796,False
UGC08699,7.39,183.0,3.39,21.52,131.37,92.56,162.13741363423804,4531.664411366712,3557.312706359946,3.656257741066033,3.551122043616297,False
UGC08699,7.6,184.0,7.58,22.25,132.89,91.28,162.74782026190087,4454.736842105263,3485.1122368421047,3.6488220537382814,3.5422167689638115,False
UGC08699,7.82,185.0,6.08,22.97,134.56,89.98,163.4943879770801,4376.598465473146,3418.21162404092,3.6411367037461795,3.5337989467136035,True
UGC08699,8.03,186.0,6.73,23.7,136.18,88.8,164.29279472940985,4308.3437110834375,3361.4100124533006,3.6343103431571517,3.526521489347077,True
UGC08699,8.26,187.0,6.83,24.42,137.94,87.55,165.1931672315777,4233.535108958838,3303.726694915254,3.6267031657526156,3.519004112558865,True
UGC08699,8.47,187.0,6.11,25.15,139.4,86.46,165.95244529683796,4128.571428571428,3251.501074380165,3.615799802742291,3.5120839018460854,True
UGC08699,8.68,188.0,4.78,25.77,140.55,85.41,166.47301132616062,4071.889400921659,3192.7722926267284,3.609795973350868,3.5041679459174313,True
UGC08699,8.91,188.0,4.14,26.49,141.3,84.3,166.6550332273226,3966.7789001122333,3117.160505050505,3.5984379944904847,3.4937591650176487,True
UGC08699,9.53,187.0,5.93,28.25,140.15,81.51,164.5720665848248,3669.3599160545646,2841.9690556138517,3.5645903124346714,3.4536193448619246,True
UGC08699,9.78,187.0,7.63,28.97,138.99,80.46,163.1909697256561,3575.5623721881393,2723.0360531697343,3.5533443582853965,3.4350533914644656,True
UGC08699,9.99,186.0,7.89,29.6,137.71,79.61,161.79603270785103,3463.063063063063,2620.416036036036,3.53946040020985,3.4183702484994276,True
UGC08699,10.21,186.0,9.86,30.11,136.12,78.75,160.11504926146074,3388.442703232125,2510.9528893241913,3.530000146348922,3.3998385645255564,True
UGC08699,11.46,182.0,2.51,33.53,126.5,74.33,150.5040192154349,2890.4013961605583,1976.567172774869,3.4609581583387783,3.295911578238687,True
UGC08699,13.39,177.0,3.62,37.77,114.46,68.77,138.76951178122664,2339.731142643764,1438.1611202389843,3.3691659557116043,3.157807543703971,True
UGC08699,15.21,175.0,6.71,39.12,106.58,64.52,130.58522581057935,2013.4779750164364,1121.1374884944114,3.3039468833195906,3.0496588747118856,True
UGC08699,17.13,177.0,6.13,39.12,99.72,60.8,123.17099009101128,1828.8966725043783,885.6446468184471,3.262189169758103,2.94725950192909,True
UGC08699,19.06,180.0,3.95,39.01,94.0,57.64,116.96217208995394,1699.8950682056663,717.7413273871983,3.2304221139043046,2.855967953532683,True
UGC08699,20.99,181.0,4.46,38.7,89.28,54.92,111.7354679589252,1560.7908527870416,594.7982277274893,3.1933447111559685,2.774369665819455,True
UGC08699,22.92,182.0,7.09,37.05,85.64,52.56,107.09559141253202,1445.2006980802792,500.41298865619547,3.159928162674797,2.6993285736602814,True
UGC08699,25.7,183.0,7.49,34.05,80.57,49.64,100.57363968754436,1303.0739299610896,393.5819844357976,3.1149690561295644,2.5950352111028367,True
UGC08837,0.52,7.31,2.12,-3.67,11.19,0.0,11.776459569836767,102.76173076923075,266.70192307692304,2.0118314102809216,2.4260261472185034,False
UGC08837,1.05,14.6,2.05,-4.64,16.58,0.0,17.217026456389036,203.00952380952378,282.31047619047615,2.307516412498936,2.450726994573757,False
UGC08837,1.57,21.0,2.05,2.4,20.63,0.0,20.769133347349857,280.89171974522293,274.7496178343949,2.4485389370586046,2.4389370970098905,False
UGC08837,2.09,28.1,2.06,12.6,23.82,0.0,26.94721506946497,377.80382775119625,347.4413397129187,2.577266353699106,2.540881490970815,False
UGC08837,2.63,35.3,2.5,16.76,25.79,0.0,30.75746576036459,473.7984790874524,359.70406844106463,2.675593662285887,2.5559453499439266,False
UGC08837,3.15,43.0,3.38,17.12,27.83,0.0,32.674199301589624,586.984126984127,338.92168253968254,2.7686263573695724,2.5300993537477274,False
UGC08837,3.68,46.6,3.15,20.09,26.92,0.0,33.590095266313256,590.0978260869565,306.6017663043478,2.7709240147064826,2.486574652455806,False
UGC08837,4.2,48.0,3.0,22.95,25.81,0.0,34.53778510559124,548.5714285714286,284.0139523809524,2.739233184353274,2.4533396755865358,False
UGC09037,2.43,62.2,5.69,10.89,136.53,0.0,136.96361925708595,1592.1152263374486,7719.766666666667,3.2019744957833254,3.8876041737929192,False
UGC09037,3.65,88.2,3.85,14.29,148.1,0.0,148.78781569738834,2131.2986301369865,6065.154547945204,3.3286443058071646,3.782841871726028,False
UGC09037,4.86,107.0,4.42,16.72,150.72,0.0,151.64457392204972,2355.761316872428,4731.70304526749,3.372131286108126,3.675017481127391,False
UGC09037,6.08,120.0,3.93,25.95,151.05,0.0,153.2628624292265,2368.4210526315787,3863.4054276315796,3.3744589128225146,3.5869702856090155,False
UGC09037,7.29,124.0,5.15,32.85,157.64,0.0,161.02637082167627,2109.190672153635,3556.8576268861448,3.3241158420064956,3.551066481689801,False
UGC09037,8.51,128.0,4.29,38.2,155.32,0.0,159.9485617315767,1925.2643948296122,3006.291703877791,3.284490379211149,3.47803111837932,False
UGC09037,9.73,133.0,5.36,40.33,153.04,0.0,158.26481131319116,1817.9856115107914,2574.2806269270295,3.2595904416658197,3.410655888365862,False
UGC09037,10.96,138.0,6.78,39.17,152.74,0.0,157.682581473034,1737.5912408759123,2268.5945711678833,3.2399476186541225,3.3557568884643962,True
UGC09037,12.19,143.0,6.42,46.36,150.89,0.0,157.8513278373039,1677.5225594749795,2044.0559228876125,3.2246683693117415,3.3104927733948024,True
UGC09037,13.41,146.0,5.4,53.75,145.59,0.0,155.19507273106322,1589.5600298284862,1796.0858016405668,3.201276933717275,3.254327079708214,True
UGC09037,14.55,148.0,4.5,56.66,141.61,0.0,152.52458064194113,1505.4295532646047,1598.8830034364262,3.1776604374679884,3.2038166858719785,True
UGC09037,15.78,154.0,4.46,60.84,137.81,0.0,150.64229718110383,1502.915082382763,1438.09262991128,3.1769344427995247,3.157786860569606,True
UGC09037,17.0,158.0,4.02,62.11,133.01,0.0,146.79683988424273,1468.4705882352941,1267.6065999999998,3.166865252530571,3.1029844917490284,True
UGC09037,18.23,159.0,5.07,60.94,128.36,0.0,142.09142549781112,1386.780032912781,1107.513614920461,3.142007579985927,3.044349073810216,True
UGC09037,19.46,160.0,7.33,60.06,123.99,0.0,137.7705472878728,1315.51901336074,975.3712076053442,3.1190971293795164,2.989169931322516,True
UGC09037,20.69,158.0,7.82,64.05,120.09,0.0,136.10294118791114,1206.5732237796035,895.3122571290479,3.0815536832431105,2.9519745301726505,True
UGC09037,21.92,155.0,8.07,63.17,117.0,0.0,132.96408876083797,1096.0310218978102,806.5442016423357,3.0398228465282515,2.9066281733410086,True
UGC09037,23.14,156.0,7.93,61.23,113.92,0.0,129.33243715325247,1051.685393258427,722.8556309420916,3.0218858420931927,2.8590515684620335,True
UGC09037,24.28,154.0,9.09,62.4,110.72,0.0,127.09318785835849,976.7710049423393,665.2668204283361,2.9897927592697062,2.8229958639477553,True
UGC09037,25.51,150.0,13.4,60.16,107.64,0.0,123.31096950393342,882.0070560564484,596.0641003528028,2.945472059501572,2.7752929660029766,True
UGC09037,26.73,141.0,20.1,64.54,105.08,0.0,123.3175494404588,743.7710437710438,568.9194912083801,2.8714392665542228,2.7550508129719185,True
UGC09037,27.96,152.0,16.0,66.58,102.79,0.0,122.46910018449552,826.3233190271817,536.4334942775394,2.9171500088159013,2.7295158868636995,True
UGC09133,0.32,284.0,34.7,-3.24,26.79,189.88,191.7879456587405,252050.0,114945.6753125,5.40148670177417,5.0604926361250975,False
UGC09133,0.63,282.0,18.8,-2.41,50.47,292.13,296.4674786549108,126228.57142857143,139512.64428571428,5.101157667185141,5.1446135702953555,False
UGC09133,0.95,281.0,12.6,-0.21,72.14,320.6,328.6161646967477,83116.84210526316,113672.19336842108,4.919689034521312,5.055654240029949,False
UGC09133,1.26,280.0,10.6,2.45,90.82,326.59,338.99159724099354,62222.22222222222,91202.62142857142,4.7939455175668755,4.960007321394223,False
UGC09133,1.58,280.0,10.8,3.54,108.12,325.9,343.38502588202647,49620.25316455696,74628.65569620252,4.695658975730016,4.872905618640635,False
UGC09133,1.89,279.0,7.67,4.4,123.29,320.4,343.33066291841743,41185.71428571429,62368.22439153439,4.614746602373951,4.794963379966867,False
UGC09133,2.21,279.0,11.2,5.23,137.43,313.32,342.17507244099477,35222.17194570136,52979.08606334842,4.546816132862085,4.724104462057321,False
UGC09133,2.52,279.0,4.45,6.01,149.84,305.5,340.32101859861666,30889.285714285714,45959.68083333333,4.489807865765651,4.662377004071874,False
UGC09133,2.84,279.0,5.03,6.75,161.33,297.22,338.24940472970536,27408.80281690141,40286.147816901415,4.437890066500158,4.605155741902,False
UGC09133,3.15,279.0,4.26,7.48,171.56,290.7,337.63186164815664,24711.428571428572,36188.97587301587,4.392897852757595,4.558576293000675,False
UGC09133,3.47,279.0,4.14,8.19,181.11,286.88,339.3641740078054,22432.56484149856,33189.63763688761,4.350878931756322,4.521002510825017,False
UGC09133,3.79,279.0,5.73,8.9,189.8,283.42,341.21861965607917,20538.522427440632,30720.355250659635,4.312569196579123,4.487426233576567,False
UGC09133,4.1,280.0,4.52,9.6,197.34,279.37,342.17368762077547,19121.951219512197,28556.788414634153,4.281532205964703,4.455709363740344,False
UGC09133,4.42,280.0,4.86,10.25,204.41,274.03,342.02478199686055,17737.556561085974,26466.278619909503,4.248893793335347,4.4226928801582845,False
UGC09133,4.73,280.0,1.59,10.97,210.6,267.5,340.63022605165264,16575.05285412262,24530.433594080336,4.219454921946626,4.389705224759677,False
UGC09133,5.05,281.0,1.85,11.69,215.35,260.4,338.11305594430985,15635.841584158416,22637.710613861385,4.194121261691499,4.35483250387484,False
UGC09133,5.36,282.0,4.81,12.31,218.91,253.49,335.15713374475564,14836.567164179103,20957.146324626865,4.171333426945952,4.321332145685626,False
UGC09133,5.68,282.0,20.3,13.02,222.04,246.69,332.15544267706946,14000.704225352114,19423.809524647888,4.1461498809277035,4.28833441060192,False
UGC09133,5.99,283.0,12.8,13.74,224.98,240.45,329.5769872123962,13370.450751252087,18133.72128547579,4.126146048659269,4.258486936357511,False
UGC09133,6.31,284.0,8.08,14.46,228.22,234.35,327.43454689449004,12782.250396196514,16991.027337559433,4.106607320849941,4.230219638642113,False
UGC09133,6.62,284.0,7.81,15.07,231.93,228.92,326.22537638877816,12183.68580060423,16075.981299093655,4.085778690654376,4.206177492313158,False
UGC09133,6.94,285.0,10.4,15.79,235.94,223.68,325.49923210354893,11703.890489913543,15266.534596541787,4.068330249562165,4.183740466237839,False
UGC09133,7.57,286.0,6.82,17.23,242.45,214.14,323.93643666620767,10805.284015852047,13861.93064729194,4.033636186758013,4.141823721695193,False
UGC09133,7.89,287.0,13.4,17.95,243.91,209.75,322.19458887448747,10439.670468948036,13157.078973384032,4.018686790258564,4.119159481485316,False
UGC09133,8.2,287.0,10.5,18.77,244.06,205.73,319.75370115137054,10045.0,12468.588951219512,4.001949941084268,4.095817307899303,False
UGC09133,8.31,288.0,2.93,18.97,244.14,204.35,318.9406261359628,9981.227436823105,12241.04969915764,3.999183951734351,4.087818661192298,False
UGC09133,8.52,288.0,5.58,19.59,244.43,201.86,317.61179543587485,9735.211267605635,11840.053122065729,3.9883453807517615,4.073353650914625,False
UGC09133,8.83,288.0,5.74,20.3,245.34,198.26,316.08674948501084,9393.431483578708,11314.930147225366,3.972824271940893,4.053651877179991,False
UGC09133,9.15,288.0,7.0,21.12,245.9,194.78,314.40755843331755,9064.918032786885,10803.509595628415,3.9573638814520136,4.033564862006869,False
UGC09133,9.78,289.0,12.7,22.56,245.25,188.37,310.06414336391754,8539.97955010225,9830.24263803681,3.9314568307254945,3.9925642375737413,False
UGC09133,10.1,289.0,3.89,23.18,244.0,185.3,307.26113063646693,8269.405940594059,9347.465584158417,3.917474311730453,3.970693874827851,False
UGC09133,11.04,288.0,5.02,25.23,239.18,177.32,298.8076433092032,7513.04347826087,8087.500697463769,3.875815902125282,3.9078143311301914,False
UGC09133,11.36,288.0,3.39,25.74,237.64,174.8,296.1255767406794,7301.408450704225,7719.221584507042,3.8634066441434616,3.88757350777124,False
UGC09133,11.67,288.0,10.7,26.35,236.26,172.47,293.69884405628835,7107.45501285347,7391.5176520994,3.8517141194730917,3.8687336184032723,False
UGC09133,13.57,285.0,4.07,29.02,230.28,159.94,281.87203195776624,5985.63006632277,5854.962593957258,3.777109872357283,3.7675241248072124,False
UGC09133,13.88,284.0,8.92,29.38,229.01,158.15,279.8574404942631,5810.951008645533,5642.66476945245,3.7642472139752394,3.7514842496140792,False
UGC09133,14.2,284.0,5.69,29.84,228.03,156.35,278.088886868929,5680.0,5446.016126760564,3.754348335711019,3.7360789230400737,False
UGC09133,16.61,278.0,9.14,32.61,219.86,144.57,265.14584024645757,4652.859723058399,4232.529596628538,3.6677199593847583,3.6266000036640245,False
UGC09133,19.35,273.0,6.1,35.69,212.46,133.94,253.67883494686743,3851.627906976744,3325.733917312661,3.585644324726582,3.521887499584203,True
UGC09133,22.19,269.0,2.26,39.89,201.82,125.08,240.76447183918143,3260.9734114465973,2612.3267643082463,3.5133472577728075,3.4170274999613897,True
UGC09133,24.92,265.0,1.32,44.61,194.49,118.03,231.83505580476825,2818.0176565008023,2156.801488764045,3.4499437098864836,3.333810174633502,True
UGC09133,27.66,262.0,3.15,49.22,187.22,112.03,223.66192724735248,2481.706435285611,1808.5559544468545,3.394750406866199,3.257331949830614,True
UGC09133,30.5,257.0,4.71,51.48,179.93,106.69,215.42458401955892,2165.5409836065573,1521.565619672131,3.3355664073158033,3.1822906866626304,True
UGC09133,33.23,252.0,4.96,51.89,173.14,102.21,207.64613119439522,1911.0442371351191,1297.5298164309359,3.281270740284377,3.1131173464531683,True
UGC09133,35.96,247.0,2.58,50.25,166.11,98.25,199.42581853912498,1696.579532814238,1105.9693298109012,3.2295742234581404,3.0437430834979984,True
UGC09133,38.8,242.0,2.52,48.3,159.33,94.59,191.48422128206806,1509.381443298969,945.0053350515467,3.1787990063666554,2.975434260336678,True
UGC09133,41.54,238.0,2.3,47.17,153.43,91.42,184.72517478676264,1363.6013480982185,821.45859894078,3.134687421913944,2.9145856801208625,True
UGC09133,44.27,235.0,0.63,47.68,147.95,88.55,178.89574449941506,1247.4587756946012,722.9204291845492,3.0960262025646244,2.859090497753964,True
UGC09133,47.11,236.0,1.4,49.73,142.73,85.84,173.82011218498278,1182.2542984504353,641.33796221609,3.0727109017019796,2.807086947531483,True
UGC09133,49.84,239.0,2.07,50.56,138.21,83.46,169.18596070596402,1146.0874799357944,574.3155959069021,3.059217768245162,2.7591506099854004,True
UGC09133,52.58,242.0,2.63,49.43,133.98,81.25,164.30315821675492,1113.807531380753,513.4181780144542,3.0468101501905185,2.7104712411792304,True
UGC09133,55.42,245.0,1.64,49.12,129.96,79.14,159.8921999348311,1083.0927463009743,461.30486466979426,3.034665647282852,2.663988034465427,True
UGC09133,58.15,247.0,1.31,50.56,126.43,77.26,156.556590726804,1049.1659501289769,421.4955477214102,3.0208441874548644,2.624792991510617,True
UGC09133,60.89,246.0,2.14,53.22,123.2,75.51,153.9882089641931,993.8577763179504,389.42960256199706,2.9973242401522358,2.5904289614127722,True
UGC09133,63.62,243.0,4.0,53.84,120.17,73.87,150.984606500133,928.1515246777743,358.3205187048099,2.96761888242528,2.554271678121811,True
UGC09133,66.46,239.0,4.67,53.63,117.27,72.27,147.822131969472,859.4793860969005,328.7899894673488,2.9342354649535833,2.516918586285062,True
UGC09133,69.19,234.0,5.12,53.12,114.7,70.83,144.89552546576448,791.386038444862,303.43565977742446,2.898388384216792,2.4820666177642194,True
UGC09133,71.93,230.0,2.1,53.02,112.26,69.47,142.26562796403073,735.4372306409008,281.37785207840955,2.8665456117343995,2.449289910089919,True
UGC09133,74.77,228.0,1.32,53.32,109.91,68.14,139.87955568988627,695.2521064598101,261.68637287682225,2.842142313354228,2.417781107666667,True
UGC09133,77.5,228.0,1.6,54.04,107.81,66.93,137.92368397052047,670.7612903225806,245.45732387096777,2.8265679914945974,2.3899759949581716,True
UGC09133,80.23,227.0,3.16,54.66,105.81,65.78,136.05322524659238,642.2659852922847,230.71768789729526,2.8077149221837505,2.36308089084413,True
UGC09133,83.07,226.0,3.48,54.96,103.86,64.64,134.1112627634234,614.854941615505,216.51415432767547,2.788772667829565,2.3354862930472104,True
UGC09133,85.81,224.0,3.71,54.86,102.09,63.6,132.20040733674008,584.733714019345,203.6702913413355,2.7669581346966208,2.3089276846335283,True
UGC09133,88.54,222.0,1.49,54.35,100.4,62.62,130.21269868949034,556.6297718545289,191.49928732776146,2.7455664312584482,2.2821671620634065,True
UGC09133,91.38,222.0,1.18,53.73,98.74,61.64,128.2029254736412,539.3302692055155,179.86419457211645,2.731854795181591,2.2549447172787223,True
UGC09133,94.12,224.0,1.22,53.22,97.22,60.73,126.38128698505962,533.1066723331917,169.70069804504885,2.726814118164342,2.229683628743659,True
UGC09133,99.69,227.0,2.8,52.91,94.34,59.01,123.21397566834698,516.8923663356405,152.28893369445282,2.713400118387872,2.1826683458176652,True
UGC09133,108.31,229.0,4.12,51.38,90.37,56.61,118.36947832950858,484.17505308835746,129.36324808420275,2.685002408845535,2.1118109114077503,True
UGC09992,0.78,28.1,5.66,6.39,20.31,0.0,21.291505348377786,1012.3205128205129,581.1899999999998,3.0053180371196793,2.764318133185892,False
UGC09992,1.55,31.3,5.66,10.35,23.49,0.0,25.66909815322696,632.0580645161291,425.09845161290315,2.8007569769226057,2.6284895230871026,False
UGC09992,2.34,33.0,5.66,14.5,22.94,0.0,27.138415576448086,465.3846153846154,314.74085470085475,2.667812022345632,2.4979531198421516,False
UGC09992,3.12,33.4,5.66,17.55,22.52,0.0,28.550882648352573,357.55128205128204,261.26695512820515,2.5533383396046863,2.417084483921727,True
UGC09992,3.89,34.3,5.66,17.55,22.05,0.0,28.181642961332116,302.43958868894595,204.16580976863753,2.4806386387598334,2.3099830155567447,True
UGC10310,1.1,33.2,5.06,3.45,21.28,0.0,21.557850078335733,1002.0363636363637,422.49172727272725,3.0008834822498476,2.6258182095342804,False
UGC10310,2.21,54.6,5.06,6.51,35.54,0.0,36.13131190532666,1348.9411764705883,590.7111764705883,3.129993011724364,2.771375187945278,False
UGC10310,3.31,65.7,5.06,11.85,39.59,0.0,41.32542316782734,1304.0755287009065,515.948821752266,3.115302745343843,2.712606625013073,False
UGC10310,4.42,69.2,5.06,18.75,38.75,0.0,43.047938394306414,1083.4027149321269,419.25904977375563,3.0347899195644237,2.622482445695265,False
UGC10310,5.52,70.9,5.06,26.75,39.1,0.0,47.37480870673781,910.6539855072465,406.58922101449286,2.959353392636934,2.6091558609818586,True
UGC10310,6.64,72.4,5.06,30.8,37.98,0.0,48.8990838359984,789.4216867469881,360.1084939759036,2.8973090530262766,2.5564333653128535,True
UGC10310,7.74,73.2,5.06,30.9,35.45,0.0,47.02672112746114,692.2790697674419,285.7251291989664,2.840281201433891,2.455948437766425,True
UGC11455,0.62,35.1,4.01,0.82,71.2,0.0,71.20472175354666,1987.1129032258063,8177.600645161292,3.2982225434333943,3.912625897874268,False
UGC11455,1.23,64.6,4.19,1.0,112.64,0.0,112.64443883299343,3392.8130081300806,10316.072845528455,3.53055992455077,4.013514400187433,False
UGC11455,1.83,80.1,6.32,2.09,139.71,0.0,139.72563186473698,3506.0163934426223,10668.443825136614,3.544813942438046,4.028101074771713,False
UGC11455,2.47,113.0,10.4,3.39,159.08,0.0,159.1161164055986,5169.635627530364,10250.177530364374,3.7134599337071736,4.010731387322498,False
UGC11455,3.08,136.0,7.59,2.17,171.23,0.0,171.24374966695865,6005.194805194805,9520.916168831167,3.778527100239991,3.978678741233584,False
UGC11455,3.68,150.0,7.75,0.18,180.9,0.0,180.90008955221666,6114.130434782608,8892.620217391304,3.7863346994378446,3.94902974502979,False
UGC11455,4.32,171.0,9.19,0.0,190.21,0.0,190.21,6768.75,8374.963912037038,3.8305084739693958,3.922982944325367,False
UGC11455,4.91,192.0,9.16,0.2,198.61,0.0,198.61010069983854,7507.942973523422,8033.802871690429,3.8755209652841307,3.9049211710865404,False
UGC11455,5.53,197.0,9.96,0.2,213.09,0.0,213.09009385703504,7017.9023508137425,8211.100922242314,3.8462073210184875,3.9144013900549575,False
UGC11455,6.17,195.0,12.4,0.0,230.24,0.0,230.24,6162.8849270664505,8591.646288492708,3.789784058691794,3.9340763891518185,False
UGC11455,6.78,196.0,7.09,0.58,253.17,0.0,253.17066437484416,5666.076696165192,9453.596651917404,3.753282448845889,3.975597068711188,False
UGC11455,7.38,216.0,5.99,2.58,275.53,0.0,275.54207900064915,6321.951219512195,10287.728631436314,3.8008511404788203,4.012319499959606,False
UGC11455,8.0,225.0,5.24,0.0,287.96,0.0,287.96,6328.125,10365.1202,3.801275049230781,4.015574342792064,False
UGC11455,8.62,240.0,6.15,0.0,290.86,0.0,290.86,6682.134570765662,9814.331740139212,3.8249152175984995,3.9918607337424015,False
UGC11455,9.23,247.0,4.37,7.92,295.63,0.0,295.7360703397541,6609.859154929577,9475.603824485373,3.820192205493419,3.9766068945542448,False
UGC11455,9.85,254.0,6.48,16.06,302.1,0.0,302.52658329475776,6549.847715736041,9291.60747208122,3.8162312027422645,3.9680908545601916,False
UGC11455,10.43,257.0,7.41,21.24,307.81,0.0,308.54194803948457,6332.598274209013,9127.337842761266,3.8015819382360583,3.9603441259691152,False
UGC11455,11.05,273.0,5.38,23.48,312.49,0.0,313.37088329964547,6744.7058823529405,8886.996425339366,3.8289630160603827,3.948755005479882,False
UGC11455,11.67,272.0,5.98,24.19,316.07,0.0,316.9943232930205,6339.674378748929,8610.574207369322,3.802066952023027,3.9350321139132167,False
UGC11455,12.19,270.0,20.9,23.78,319.44,0.0,320.3239016995141,5980.311730926989,8417.342247744053,3.7767238226995925,3.925174985876728,False
UGC11455,12.91,279.0,9.4,22.46,323.2,0.0,323.97946169471913,6029.512006196746,8130.340170410534,3.780282164280775,3.9101087166938946,False
UGC11455,14.56,287.0,10.8,23.48,326.62,0.0,327.4628754530809,5657.211538461538,7364.830686813187,3.7526024184909663,3.8671627671151105,False
UGC11455,16.63,291.0,10.0,24.49,316.26,0.0,317.20679012278407,5092.062537582682,6050.520006013228,3.7068937287522954,3.7817927012701893,True
UGC11455,17.77,286.0,9.67,24.49,310.12,0.0,311.0854778031273,4603.038829487901,5445.929909960609,3.6630446384527846,3.7360720475964495,True
UGC11455,18.49,288.0,6.96,26.12,307.21,0.0,308.31840441335964,4485.884261763115,5141.170281233099,3.6518480643592888,3.7110619884177445,True
UGC11455,20.24,289.0,6.63,41.26,301.54,0.0,304.3497317232266,4126.53162055336,4576.519723320159,3.6155851773453342,3.6605353383709063,True
UGC11455,22.62,288.0,10.0,55.9,294.39,0.0,299.6502663105775,3666.8435013262597,3969.508492484527,3.564292374929025,3.59873673542393,True
UGC11455,24.89,269.0,8.23,53.66,286.32,0.0,291.30488839015385,2907.2318200080354,3409.3426275612696,3.463479663396223,3.5326706485688564,True
UGC11455,27.06,267.0,7.11,52.14,273.02,0.0,277.95413290685207,2634.478935698448,2855.0813008130076,3.420694730467546,3.4556184796542797,True
UGC11455,29.13,272.0,5.36,47.05,261.41,0.0,265.61041131702655,2539.787161002403,2421.8637349811197,3.40479732344073,3.384149704120581,True
UGC11455,31.3,274.0,5.78,45.53,250.43,0.0,254.5351956017085,2398.5942492012778,2069.9094504792333,3.3799567880943275,3.3159513473809046,True
UGC11455,33.46,259.0,5.81,50.92,239.85,0.0,245.1955727577478,2004.8117154811714,1796.7982337118947,3.302073591536128,3.2544993119975505,True
UGC11455,35.53,272.0,6.69,49.39,229.51,0.0,234.76416293804297,2082.2966507177034,1551.2021446664787,3.3185426005790695,3.190668396519446,True
UGC11455,37.7,274.0,6.39,46.04,219.93,0.0,224.69732196891002,1991.4058355437664,1339.2277586206897,3.299159775434983,3.12685444250914,True
UGC11455,39.87,272.0,5.59,49.19,212.13,0.0,217.75856584759185,1855.6308001003263,1189.3351642839227,3.268491572406003,3.0753042595700104,True
UGC11455,41.93,266.0,8.82,49.09,205.47,0.0,211.25280826535774,1687.4791318864775,1064.3393512997852,3.2272384108585657,3.027080119405971,True
UGC11557,0.33,4.0,7.9,1.71,21.94,0.0,22.006537664975834,48.484848484848484,1467.538484848485,1.6856060427780373,3.1665894990427734,False
UGC11557,0.99,17.0,8.6,2.41,47.32,0.0,47.3813307115788,291.9191919191919,2267.667171717172,2.465262648158998,3.355579312966154,False
UGC11557,1.76,33.3,7.9,-7.34,59.39,0.0,59.84185575331033,630.0511363636363,2034.6861931818182,2.79937579919849,3.3084974380927035,False
UGC11557,2.42,44.9,10.5,-10.59,70.77,0.0,71.55795553256115,833.0619834710743,2115.9260330578513,2.920677316026215,3.3255004818904235,False
UGC11557,3.19,53.0,7.9,0.97,81.19,0.0,81.19579422605582,880.564263322884,2066.6949843260186,2.944761056144397,3.3152763854813054,False
UGC11557,3.85,60.8,7.9,9.74,83.68,0.0,84.24494050089893,960.1662337662337,1843.431168831169,2.9823464290369692,3.265626926289908,False
UGC11557,4.62,69.0,7.9,11.43,87.03,0.0,87.77736496386754,1030.5194805194806,1667.7198701298703,3.013056205918385,3.2221231032118705,False
UGC11557,5.28,76.6,7.9,16.36,90.49,0.0,91.95699918983871,1111.2803030303028,1601.5321401515148,3.0458236167313957,3.2045356586728904,False
UGC11557,5.94,85.0,7.9,17.72,93.96,0.0,95.6163165992081,1216.3299663299663,1539.1380471380469,3.0850514064473917,3.1872775739715586,False
UGC11557,7.04,78.1,6.7,24.54,93.48,0.0,96.64741072579234,866.4218749999998,1326.8071022727274,2.9377294086124883,3.122807787590887,True
UGC11557,8.8,81.6,6.7,35.45,87.18,0.0,94.1119275118728,756.6545454545453,1006.4835113636364,2.8788976453575534,3.0028066644880185,True
UGC11557,10.56,84.5,6.7,33.35,79.1,0.0,85.84306902714977,676.1600378787879,697.8250473484848,2.830049499701591,2.843746553719154,True
UGC11820,0.26,16.0,5.09,-0.43,8.55,0.0,8.56080603681686,984.6153846153845,281.87461538461537,2.9932666173410314,2.4500559666315147,False
UGC11820,0.44,18.9,4.44,1.29,13.84,0.0,13.899989208628904,811.8409090909089,439.11295454545456,2.9094709318603007,2.642576249686069,False
UGC11820,0.61,25.8,3.36,1.97,18.2,0.0,18.306307656105858,1091.2131147540983,549.3785245901638,3.0379095769156934,2.7398716786843296,False
UGC11820,0.79,35.8,3.79,2.55,21.35,0.0,21.501744115303765,1622.3291139240505,585.2215189873418,3.2101389619973073,2.767320287045951,False
UGC11820,1.01,44.1,7.91,3.22,24.45,0.0,24.66112122349671,1925.5544554455448,602.149405940594,3.2845558051530346,2.779704262229726,False
UGC11820,5.26,59.65,0.98,17.11,26.68,0.0,31.69502326864582,676.449144486692,190.98374524714828,2.8302351518589823,2.2809964057300696,True
UGC11820,7.91,69.15,1.23,28.49,24.35,0.0,37.47802822988424,604.5161188369154,177.57302149178255,2.7814078853929822,2.2493769844873386,True
UGC11820,10.52,76.95,0.54,35.7,21.4,0.0,41.62271014722612,562.8614543726237,164.68155893536124,2.750401508517275,2.216644969533977,True
UGC11820,13.14,81.25,0.73,35.45,18.93,0.0,40.18765233252622,502.4020167427702,122.91076103500761,2.701051374078062,2.0895899077321256,True
UGC11820,15.82,84.45,1.31,35.37,17.02,0.0,39.25197192498741,450.80926042983566,97.39047408343868,2.653992828652397,1.988516479924643,True
UGC11914,0.28,168.0,49.7,0.42,42.14,211.56,215.7164564886045,100799.99999999999,166191.3914285714,5.003460532109506,5.220608523949317,False
UGC11914,0.37,187.0,40.2,0.61,53.98,220.85,227.35200680882497,94510.81081081081,139699.82432432432,4.975481489006003,5.145195859979432,False
UGC11914,0.47,204.0,26.9,0.79,66.33,227.4,236.8777173986612,88544.68085106384,119385.21914893617,4.9471624769160805,5.076950560969101,False
UGC11914,0.56,218.0,23.5,0.96,76.79,231.5,243.90546467842825,84864.28571428571,106231.92089285715,4.928724960203009,5.02625503449129,False
UGC11914,0.65,232.0,8.63,1.14,86.68,234.01,249.5503999195353,82806.15384615384,95808.31092307692,4.918062613138944,4.981403183728633,False
UGC11914,0.75,243.0,4.97,1.31,97.06,236.69,255.82125752173138,78732.0,87259.3544,4.896151283804924,4.940811995476899,False
UGC11914,0.84,253.0,3.65,1.48,105.9,240.47,262.76000704064535,76201.19047619047,82193.83488095237,4.881961756289754,4.914839243603371,False
UGC11914,0.93,262.0,2.86,1.66,114.28,245.03,270.37450859872126,73810.75268817204,78604.70419354839,4.868119634085556,4.895448537695459,False
UGC11914,1.03,269.0,3.8,1.83,123.11,249.19,277.9479755277955,70253.39805825242,75004.92922330096,4.846667335299644,4.875089805580167,False
UGC11914,1.12,275.0,5.39,2.0,130.64,251.82,283.6972365039885,67522.32142857142,71860.8232142857,4.829447364990344,4.856492188033867,False
UGC11914,1.21,280.0,5.01,2.17,137.79,253.43,288.4745359646151,64793.38842975207,68774.84123966942,4.811530692367988,4.83742959653442,False
UGC11914,1.3,284.0,10.0,2.33,144.6,253.93,292.2242868072399,62043.07692307692,65688.48753846154,4.792693327787239,4.817489262457466,False
UGC11914,1.41,287.0,6.59,2.5,152.47,253.45,295.78751393525727,58417.73049645391,62049.82510638298,4.766544680812605,4.792740561734187,False
UGC11914,1.5,289.0,3.56,2.66,158.56,252.44,298.1179343816806,55680.666666666664,59249.535200000006,4.745704426457414,4.772684947747678,False
UGC11914,1.59,290.0,6.13,2.82,164.36,251.04,300.07206401129713,52893.08176100629,56630.97081761006,4.72339887147746,4.753054006746026,False
UGC11914,1.68,291.0,10.2,2.97,169.88,249.18,301.59361349338946,50405.357142857145,54142.08791666667,4.702476696245951,4.733534999738931,False
UGC11914,1.78,292.0,8.61,3.12,175.7,246.75,302.92868286116453,47901.12359550562,51553.81286516853,4.680345700587942,4.712260790765352,False
UGC11914,1.87,292.0,11.2,3.26,180.66,244.32,303.8764972813791,45595.72192513369,49380.17411764706,4.658924096360337,4.693552616948688,False
UGC11914,1.96,291.0,5.15,3.39,185.38,241.92,304.7991517376648,43204.5918367347,47399.24637755102,4.635529906615338,4.675771436680986,False
UGC11914,2.05,291.0,4.92,3.5,189.88,239.71,305.82274032517597,41307.80487804878,45623.19439024391,4.6160321169160605,4.659185689916681,False
UGC11914,2.16,291.0,9.32,3.61,195.08,237.06,307.02879685788434,39204.166666666664,43641.982453703706,4.593332226820884,4.639904470356931,False
UGC11914,2.25,290.0,7.19,3.7,199.1,234.93,307.9717599066512,37377.77777777778,42154.046622222224,4.5726134776865495,4.62483927151938,False
UGC11914,2.34,290.0,12.2,3.76,202.92,232.89,308.914901065002,35940.170940170945,40781.3744017094,4.55558013838777,4.610461858151783,False
UGC11914,2.43,290.0,7.94,3.79,206.55,231.12,309.989872415213,34609.05349794238,39544.74115226338,4.5391897221996,4.597088737128066,False
UGC11914,2.46,290.0,5.16,3.79,207.71,230.63,310.3997504831471,34186.9918699187,39165.855731707314,4.533860888694533,4.59290761984833,False
UGC11914,2.53,290.0,3.56,3.79,210.36,229.44,311.3011521019477,33241.10671936759,38303.71830039526,4.521675474622095,4.583240934777023,False
UGC11914,2.62,290.0,3.79,3.8,213.61,227.9,312.381308819846,32099.236641221374,37245.0695038168,4.5064947044781665,4.571068789057176,False
UGC11914,2.71,290.0,5.65,3.81,216.71,226.55,313.5325225554759,31033.21033210332,36274.03789667897,4.491826704923507,4.559595902386011,False
UGC11914,2.8,290.0,9.38,3.84,219.64,225.09,314.51865334189637,30035.714285714286,35329.27975,4.477637964455693,4.5481347836621575,False
UGC11914,2.99,290.0,10.6,3.94,225.37,221.46,315.9931836290144,28127.090301003343,33395.21474916388,4.449124807473482,4.523684240556465,False
UGC11914,3.28,291.0,15.3,4.12,233.01,215.11,317.14814613993883,25817.37804878049,30665.5325,4.4119121342601355,4.486650510513931,False
UGC11914,3.74,292.0,18.8,4.56,241.64,204.42,316.5410235656667,22797.860962566843,26790.967807486624,4.357894100696356,4.427988402516724,False
UGC11914,3.83,292.0,15.2,4.69,242.91,202.36,316.19113491684107,22262.1409921671,26103.61195822454,4.347566928928214,4.416700604847608,False
UGC11914,4.02,292.0,19.8,5.12,245.41,198.15,315.4610990280735,21209.95024875622,24755.150497512437,4.326539649812367,4.393665570943831,False
UGC11914,4.09,292.0,2.4,5.35,246.19,196.62,315.11515831517846,20846.943765281176,24278.132762836187,4.319042394889495,4.38521528199217,False
UGC11914,4.12,292.0,9.0,5.4,246.51,195.97,314.9612372975443,20695.14563106796,24077.810922330096,4.315868486863702,4.381616999713333,False
UGC11914,4.3,291.0,8.71,6.12,248.01,192.16,313.80229460601464,19693.25581395349,22900.43723255814,4.294317522392228,4.359843774299476,False
UGC11914,4.39,291.0,7.92,6.56,248.54,190.25,313.06585201838925,19289.521640091116,22325.792186788152,4.285321457729693,4.3488068779187845,False
UGC11914,4.49,291.0,8.84,7.04,249.06,188.24,312.2735064010394,18859.91091314031,21718.205523385303,4.2755396369684915,4.3368239386199825,False
UGC11914,4.58,290.0,4.2,7.58,249.41,186.48,311.5085791755983,18362.44541484716,21187.247794759824,4.2639305177940425,4.326074545895428,False
UGC11914,4.87,289.0,10.6,9.59,250.14,181.04,308.9295539439372,17150.102669404518,19597.016283367557,4.234266724298461,4.292189953483515,False
UGC11914,4.91,288.0,2.26,10.06,250.19,180.31,308.55783218061407,16892.8716904277,19390.618289205704,4.227703483395493,4.287591657212238,False
UGC11914,4.96,288.0,6.97,10.42,250.25,179.41,308.0934712063857,16722.58064516129,19137.416733870967,4.223303299028264,4.281883314112638,False
UGC11914,5.05,287.0,3.23,11.18,250.32,177.88,307.28877167901857,16310.693069306932,18698.29489108911,4.212472415349323,4.271802004763546,False
UGC11914,5.14,287.0,10.2,12.03,250.34,176.33,306.4426624998549,16025.097276264592,18269.86486381323,4.204800674472709,4.261735335030848,False
UGC11914,5.24,286.0,10.3,12.78,250.33,174.68,305.5184768553287,15609.923664122136,17813.270935114506,4.193400779274359,4.2507436734576185,False
UGC11914,5.33,286.0,17.8,13.42,250.26,173.23,304.66177459602636,15346.341463414634,17414.408424015008,4.186004857231514,4.240908725848537,False
UGC11914,5.42,285.0,11.4,14.16,250.17,171.83,303.8273907994472,14986.162361623616,17031.565202952028,4.175690433478634,4.231254561513347,False
UGC11914,5.51,285.0,12.0,14.91,250.09,170.39,302.98526086263666,14741.379310344828,16660.629455535392,4.168538121165235,4.221691405468216,False
UGC11914,5.61,284.0,4.03,15.66,250.01,168.9,302.1215743703187,14377.183600713011,16270.489429590016,4.157673818837914,4.211400617065516,False
UGC11914,5.71,284.0,4.73,16.4,249.99,167.49,301.3583584372599,14125.39404553415,15904.879194395799,4.150000571848227,4.201530374769598,False
UGC11914,5.8,283.0,6.44,17.15,249.96,166.22,300.67126982802995,13808.448275862069,15586.760775862069,4.1401448774856435,4.192755869945987,False
UGC11914,5.89,283.0,4.96,17.89,249.9,164.93,299.9532746945764,13597.453310696095,15275.376400679119,4.1334575762614785,4.183991920500444,False
UGC11914,5.98,283.0,5.37,18.64,249.84,163.71,299.2798678494763,13392.809364548493,14977.999882943142,4.126871687060169,4.175453822856362,False
UGC11914,6.08,283.0,11.0,19.38,249.76,162.34,298.51284327479107,13172.532894736842,14656.23644736842,4.119669291775845,4.166022462802967,False
UGC11914,6.15,283.0,1.14,20.02,249.7,161.44,298.01638210004495,13022.60162601626,14441.26243902439,4.114697755273164,4.159605160431456,True
UGC11914,6.17,283.0,17.3,20.24,249.69,161.19,297.8875119906842,12980.388978930308,14382.004829821717,4.113287707015338,4.157819430263812,True
UGC11914,6.26,283.0,7.94,21.09,249.61,160.0,297.237178360985,12793.769968051118,14113.408977635785,4.106998537838151,4.149631926678547,True
UGC11914,6.35,283.0,18.3,21.83,249.49,158.86,296.5776603185075,12612.44094488189,13851.702141732287,4.100799145756604,4.141503144183165,True
UGC11914,6.73,284.0,10.5,24.6,248.66,154.26,293.654734680032,11984.546805349182,12813.239702823179,4.078621615870098,4.107658950757402,True
UGC11914,6.83,284.0,9.37,25.24,248.3,153.14,292.81701999713067,11809.077598828697,12553.705300146414,4.072215976412543,4.0987719293152916,True
UGC11914,6.92,285.0,12.9,25.88,247.92,152.15,292.0337708211158,11737.716763005781,12324.237471098266,4.069583625560263,4.0907600579826155,True
UGC11914,7.37,288.0,1.24,28.33,245.58,147.41,287.8225727770496,11254.27408412483,11240.411587516961,4.05131748765941,4.050782213983466,True
UGC11914,8.6,297.0,2.13,31.2,235.09,136.47,273.6143435567661,10256.860465116279,8705.21034883721,4.011014447390857,3.9397792696791463,True
UGC11914,9.83,305.0,5.07,29.29,222.03,127.66,257.7834374043453,9463.377416073245,6760.1526551373345,3.976046160861436,3.8299565031214025,True
UGC12506,0.82,107.0,25.6,8.12,32.7,0.0,33.69309127996421,13962.195121951221,1384.42,4.144953702986703,3.1412678646952608,False
UGC12506,2.46,159.0,26.5,22.67,79.76,0.0,82.91915641153135,10276.829268292682,2794.9538617886183,4.011859141537524,3.4463746430861293,False
UGC12506,4.1,194.0,13.9,31.68,107.57,0.0,112.13798330628208,9179.512195121952,3067.0554390243906,3.9628196031407166,3.486721626209017,False
UGC12506,5.74,198.0,14.6,34.72,124.14,0.0,128.90390994845734,6829.965156794425,2894.81149825784,3.8344184881250887,3.461620288985111,False
UGC12506,7.38,211.0,13.2,31.78,137.6,0.0,141.22226594981402,6032.655826558265,2702.4022222222225,3.7805085487723438,3.4317499893533587,False
UGC12506,9.02,222.0,13.6,23.89,155.68,0.0,157.50236347433014,5463.858093126386,2750.221119733925,3.7374994113593356,3.439367612819243,False
UGC12506,10.65,230.0,11.6,14.68,168.58,0.0,169.21796240352265,4967.136150234742,2688.705990610329,3.6961060642604293,3.4295433148166223,False
UGC12506,12.29,239.0,11.6,14.98,175.29,0.0,175.92891888487236,4647.762408462165,2518.3876729048006,3.667243919009821,3.401122584883813,False
UGC12506,13.93,237.0,11.6,26.72,175.91,0.0,177.92775640691926,4032.232591529074,2272.669526202441,3.6055455755962442,3.356536288614905,False
UGC12506,15.57,240.0,11.6,39.88,176.17,0.0,180.6274710557616,3699.421965317919,2095.4581438664095,3.5681338708550916,3.3212789903574556,False
UGC12506,17.21,245.0,11.6,50.51,175.33,0.0,182.46059574604047,3487.797791981406,1934.449099360837,3.542551298401505,3.286557306733643,False
UGC12506,18.85,249.0,11.6,57.09,172.3,0.0,181.5118676560847,3289.177718832891,1747.8280159151193,3.517087339649661,3.242498696368347,True
UGC12506,20.49,248.0,11.6,60.02,168.12,0.0,178.51256202295679,3001.6593460224503,1555.2335187896535,3.4773614032512374,3.1917956077085607,True
UGC12506,22.13,250.0,11.6,60.43,164.68,0.0,175.417465778069,2824.220515137822,1390.4784139177589,3.4508986034168174,3.1431642511727276,True
UGC12506,23.77,255.0,11.6,58.91,161.19,0.0,171.61761040173005,2735.5910811947833,1239.0662263357171,3.43705117913973,3.0930945194216712,True
UGC12506,25.41,244.0,14.9,57.29,157.33,0.0,167.436175899953,2343.0145611963794,1103.3007870916965,3.3697749876270895,3.0426939280032226,True
UGC12506,27.05,244.0,11.6,58.0,153.64,0.0,164.22317010702233,2200.9611829944547,997.0147726432531,3.3426123832348704,2.9987015932463774,True
UGC12506,28.68,249.0,11.6,61.94,149.77,0.0,162.0728740412781,2161.8200836820083,915.8862099023711,3.33481954719571,2.961841520085699,True
UGC12506,30.32,251.0,11.6,65.99,146.07,0.0,160.28451266419972,2077.8693931398416,847.3326187335092,3.3176182460020605,2.9280539252352766,True
UGC12506,31.96,249.0,11.6,67.21,143.32,0.0,158.29657766357425,1939.956195244055,784.0364987484354,3.287791923549519,2.8943362805876025,True
UGC12506,33.6,244.0,12.9,64.98,140.67,0.0,154.95305514897083,1771.904761904762,714.5967053571428,3.2484403752876148,2.8540610095595205,True
UGC12506,35.24,239.0,16.2,62.25,138.0,0.0,151.39043067512557,1620.9137343927355,650.3706725312145,3.209759902156265,2.8131609491834446,True
UGC12506,36.88,238.0,18.4,61.64,135.58,0.0,148.93430095179554,1535.9002169197395,601.4486442516269,3.186363001731432,2.779198550262201,True
UGC12506,38.52,241.0,24.9,63.36,133.6,0.0,147.86294194286816,1507.8141225337486,567.5869574247143,3.1783478066972397,2.754032407251335,True
UGC12506,40.16,237.0,23.0,64.98,131.71,0.0,146.86702999652442,1398.6304780876494,537.0997136454184,3.145702987883245,2.7300549208315643,True
UGC12506,41.8,228.0,14.0,64.88,130.03,0.0,145.3176358877339,1243.6363636363637,505.1965382775121,3.0946934122258725,2.7034603660081444,True
UGC12506,43.44,233.0,16.9,63.87,129.69,0.0,144.56442508445846,1249.7467771639042,481.0974447513812,3.0968220254712473,2.682233050244235,True
UGC12506,45.08,233.0,13.7,64.47,130.42,0.0,145.48456034919994,1204.2812777284828,469.5154680567879,3.0807279346779692,2.6716499045489908,True
UGC12506,46.71,230.0,11.6,69.03,123.79,0.0,141.73603987694875,1132.5198030400343,430.08146007278964,3.054045804747403,2.6335507214156872,True
UGC12506,48.35,226.0,11.6,76.21,119.55,0.0,141.77505633925875,1056.380558428128,415.72216339193375,3.023820399875781,2.6188031786612114,True
UGC12506,49.99,225.0,11.6,82.59,116.42,0.0,142.74005919853053,1012.7025405081016,407.5760052010402,3.005481899470135,2.6102086083188754,True
UGC12632,0.71,24.1,7.55,0.75,14.22,0.0,14.239764745247726,818.0422535211269,285.59281690140847,2.9127757364306617,2.45574728006733,False
UGC12632,1.42,33.6,5.02,2.55,19.97,0.0,20.132148419878092,795.0422535211268,285.42492957746475,2.9003902103966315,2.45549190257365,False
UGC12632,2.14,44.8,3.38,7.39,23.97,0.0,25.08332115171354,937.8691588785045,294.00607476635514,2.972142254647097,2.4683563039164125,False
UGC12632,2.85,54.4,2.9,10.7,26.52,0.0,28.597209654090378,1038.3719298245612,286.9475087719298,3.0163529393878497,2.4578024586306313,False
UGC12632,3.55,57.4,2.89,12.26,27.06,0.0,29.707763295138864,928.1014084507042,248.6059718309859,2.967595431740853,2.395511556735609,False
UGC12632,4.26,61.4,3.44,12.02,28.45,0.0,30.88499473854577,884.9671361502348,223.91617370892018,2.9469271431796162,2.3500854642750943,False
UGC12632,4.97,63.8,3.64,14.16,29.24,0.0,32.48820093510873,819.0020120724346,212.37086519114686,2.9132849687089926,2.327094936351971,False
UGC12632,5.69,65.5,3.82,15.95,29.3,0.0,33.3600434651995,753.9982425307556,195.5874340949033,2.877370333588495,2.2913409492320143,False
UGC12632,6.4,67.6,3.54,18.56,30.76,0.0,35.92563430198554,714.0249999999999,201.66424999999998,2.853713417899385,2.3046289155462616,True
UGC12632,7.11,69.2,2.91,22.61,29.42,0.0,37.10456171416124,673.507735583685,193.63551336146273,2.8283425881837494,2.2869850112497185,True
UGC12632,7.82,70.3,2.79,26.3,28.8,0.0,39.001666631055656,631.9808184143221,194.51790281329923,2.8007038969797997,2.2889595785934382,True
UGC12632,8.52,71.4,2.93,28.44,27.59,0.0,39.62375171535376,598.3521126760564,184.27719483568075,2.7769568287856488,2.265471592572083,True
UGC12632,9.25,73.2,3.0,29.27,27.31,0.0,40.03209962017981,579.2691891891893,173.2507027027027,2.762880429377751,2.2386750047804522,True
UGC12632,9.95,73.0,2.81,30.7,26.87,0.0,40.798123731367845,535.5778894472362,167.28511557788946,2.728822639495186,2.223457300735485,True
UGC12632,10.66,73.1,2.79,31.41,26.73,0.0,41.24416322341866,501.2767354596622,159.57607879924953,2.7000775492251674,2.2029677891192483,True
UGC12732,0.96,34.2,3.32,1.81,20.68,0.0,20.75905826380378,1218.3750000000002,448.89427083333334,3.0857809790727018,2.652144062605157,False
UGC12732,1.92,49.5,4.6,-7.24,30.32,0.0,31.172423710709438,1276.171875,506.1041666666667,3.1059091691635876,2.704239912793657,False
UGC12732,2.88,59.9,4.38,-2.56,33.18,0.0,33.27861174989125,1245.8368055555554,384.53680555555553,3.095461157019392,2.5849379141886564,False
UGC12732,3.84,65.3,4.31,8.12,35.24,0.0,36.16340691914964,1110.4401041666665,340.5708333333333,3.045495138182617,2.5322074520095113,False
UGC12732,4.8,69.8,3.83,11.3,34.72,0.0,36.51257865448564,1015.0083333333333,277.7434166666667,3.006469607870735,2.4436437736823073,False
UGC12732,5.76,73.8,3.45,16.0,34.11,0.0,37.67614762684741,945.5625,246.43960069444444,2.975690240222871,2.3917104964355262,True
UGC12732,6.72,76.2,3.24,18.2,34.88,0.0,39.342780786314535,864.0535714285716,230.33547619047621,2.936540669625376,2.3623608330020196,True
UGC12732,7.68,79.3,3.19,19.2,33.08,0.0,38.24822087365633,818.8138020833334,190.4852083333333,2.9131851546036955,2.2798612572367154,True
UGC12732,8.64,80.3,3.31,23.3,31.11,0.0,38.86800869609865,746.3067129629628,174.85209490740738,2.8729173480784684,2.2426708399696955,True
UGC12732,9.6,81.9,3.69,25.5,29.68,0.0,39.12994249931886,698.7093750000001,159.49504166666668,2.844296570481269,2.2027471863883252,True
UGC12732,10.6,84.0,3.89,27.8,28.19,0.0,39.59186911475638,665.6603773584906,147.87887735849057,2.823252706858993,2.16990614491119,True
UGC12732,11.5,85.6,3.67,31.1,26.95,0.0,41.15230856221799,637.1617391304346,147.26195652173914,2.8042496890006947,2.1680905662136856,True
UGC12732,12.5,87.9,3.43,35.1,25.7,0.0,43.502873468312416,618.1128000000001,151.4,2.7910677371394876,2.180125875164054,True
UGC12732,13.4,90.8,3.36,38.3,24.69,0.0,45.56847704279791,615.2716417910448,154.96164925373134,2.789066898677363,2.1902242299231296,True
UGC12732,14.4,95.5,3.18,41.4,23.69,0.0,47.69880606472241,633.3506944444445,157.99834027777774,2.801644251072243,2.1986525248532294,True
UGC12732,15.4,98.0,3.18,43.4,22.77,0.0,49.010538662618266,623.6363636363636,155.97616233766234,2.7949314305485267,2.193058230686129,True
UGCA442,0.42,14.2,1.91,4.87,4.78,0.0,6.823877197019302,480.0952380952381,110.86976190476193,2.6813273983682127,2.044813114872743,False
UGCA442,1.26,28.6,1.82,13.14,10.76,0.0,16.983438992147615,649.1746031746032,228.9184126984127,2.8123615211405233,2.359680725884305,False
UGCA442,2.11,41.0,1.74,19.65,13.6,0.0,23.897332487120817,796.6824644549763,270.6552132701422,2.9012852581417783,2.4324163967426173,False
UGCA442,2.96,49.0,1.91,22.42,13.29,0.0,26.06301018685294,811.1486486486486,229.48665540540543,2.909100448998089,2.360757436486372,True
UGCA442,3.79,54.8,2.05,22.82,12.56,0.0,26.048147726853824,792.3588390501318,179.02532981530342,2.8989219070006658,2.2529144824924883,True
UGCA442,4.65,56.4,3.12,21.37,12.33,0.0,24.671963845628504,684.0774193548386,130.90447311827958,2.835105255076731,2.1169544870197727,True
UGCA442,5.48,57.8,2.83,18.73,12.04,0.0,22.265994251324148,609.6423357664232,90.46979927007298,2.785075118356689,1.9565036267265974,True
UGCA442,6.33,56.5,0.65,16.75,10.62,0.0,19.832975066792173,504.304897314376,62.14011058451817,2.702693185621522,1.7933720217899451,True
UGCA444,0.12,6.48,2.6,-0.66,2.2,0.0,2.296867431960321,349.9200000000001,43.96333333333334,2.543968765693562,1.6430906135374113,False
UGCA444,0.19,8.6,2.65,0.47,2.24,0.0,2.2887769659798662,389.2631578947368,27.57105263157895,2.5902433015343065,1.4404533472939975,False
UGCA444,0.26,10.2,3.03,1.82,2.72,0.0,3.2727358585745967,400.15384615384613,41.195384615384626,2.6022269955530173,1.6148485619469435,False
UGCA444,0.33,11.7,3.55,3.08,2.9,0.0,4.2304136913545465,414.81818181818176,54.23151515151515,2.617857783614436,1.7342517381760063,False
UGCA444,0.4,12.7,3.75,4.2,2.92,0.0,5.115310352266029,403.22499999999997,65.416,2.605547450583951,1.8156839847440494,False
UGCA444,0.47,14.1,3.43,5.32,3.03,0.0,6.122360655825497,423.00000000000006,79.75170212765958,2.6263403673750423,1.9017399609049106,False
UGCA444,0.55,16.0,3.33,6.65,3.44,0.0,7.487062174177533,465.45454545454544,101.92018181818182,2.667877275817606,2.0082601897416934,False
UGCA444,0.62,18.1,2.66,7.97,3.69,0.0,8.782767217682592,528.4032258064517,124.41451612903226,2.722965460240115,2.094871054847933,False
UGCA444,0.69,21.2,3.78,9.25,3.81,0.0,10.003929228058343,651.3623188405797,145.0414492753623,2.8138226311202477,2.1614921306430785,False
UGCA444,0.76,21.6,3.33,10.36,3.95,0.0,11.087474915416944,613.8947368421053,161.75276315789472,2.7880939100210704,2.2088517082834054,False
UGCA444,0.83,23.3,3.09,11.58,4.15,0.0,12.301174740649772,654.0843373493976,182.31192771084338,2.815633749675964,2.260815083188946,False
UGCA444,0.9,24.5,3.26,12.39,4.32,0.0,13.121528112228392,666.9444444444445,191.30499999999998,2.82408965928974,2.281726321015441,False
UGCA444,0.97,24.4,3.29,13.1,4.46,0.0,13.838410313327177,613.7731958762886,197.4243298969072,2.788007918411214,2.295400672593322,False
UGCA444,1.04,25.3,2.78,13.71,4.57,0.0,14.451608906969495,615.4711538461538,200.81634615384618,2.7892077030528553,2.30279906084092,False
UGCA444,1.11,25.4,2.78,14.22,4.69,0.0,14.973459854021716,581.2252252252251,201.98603603603604,2.7643444544532185,2.305321346267818,False
UGCA444,1.19,25.9,2.73,14.63,4.81,0.0,15.400422072138154,563.7058823529411,199.30504201680677,2.751052566769973,2.299518285616588,False
UGCA444,1.26,26.7,2.67,14.83,4.88,0.0,15.612280422795383,565.7857142857142,193.4470634920635,2.7526519776115874,2.2865621415585697,False
UGCA444,1.33,27.1,3.16,15.03,4.95,0.0,15.824139787046876,552.187969924812,188.27323308270675,2.742086940781726,2.2747885805010735,False
UGCA444,1.4,28.6,3.34,15.13,5.03,0.0,15.94420898006546,584.2571428571429,181.5841428571429,2.766604030579848,2.2590779203396485,False
UGCA444,1.48,28.9,3.21,15.24,5.09,0.0,16.067535591994186,564.331081081081,174.4362837837838,2.7515339701181385,2.2416368258264985,False
UGCA444,1.55,30.4,4.14,15.34,5.13,0.0,16.175057959710685,596.2322580645161,168.79516129032257,2.775415469047216,2.2273599929114845,False
UGCA444,1.62,30.8,4.35,15.54,5.17,0.0,16.377438749694655,585.5802469135803,165.56820987654316,2.7675864184582575,2.218976953218446,False
UGCA444,1.69,30.5,4.56,15.54,5.21,0.0,16.390109822694903,550.4437869822485,158.95603550295857,2.7407129740798983,2.201277022567665,False
UGCA444,1.75,33.0,4.04,15.54,5.22,0.0,16.393291310777098,622.2857142857143,153.56571428571425,2.7939898310694806,2.186294264142037,False
UGCA444,1.83,32.1,4.35,15.64,5.25,0.0,16.497639225052776,563.0655737704918,148.72792349726777,2.750558975079315,2.172392514468763,False
UGCA444,1.9,32.9,4.36,15.64,5.28,0.0,16.5072105456979,569.6894736842105,143.4147368421053,2.7556381949471196,2.1565937803441053,False
UGCA444,1.97,34.2,4.9,15.64,5.3,0.0,16.51361862221603,593.7258883248732,138.42619289340104,2.7735859859506773,2.141218274750627,False
UGCA444,2.04,32.6,3.98,15.64,5.31,0.0,16.516830809813364,520.9607843137255,133.72828431372548,2.716805032709979,2.1262232727985917,False
UGCA444,2.11,33.7,4.73,15.74,5.33,0.0,16.617957154837054,538.2417061611376,130.87985781990523,2.730977346444985,2.116872814535804,True
UGCA444,2.19,33.8,4.67,15.64,5.35,0.0,16.52973381515867,521.6621004566209,124.76351598173517,2.717389285715191,2.096087605183775,True
UGCA444,2.26,34.9,3.74,15.64,5.36,0.0,16.532973114355446,538.9424778761063,120.94654867256638,2.731542414770959,2.0825934798591583,True
UGCA444,2.33,36.1,5.47,15.64,5.39,0.0,16.54272347589719,559.3175965665235,117.45137339055793,2.747658482785297,2.0698580994657196,True
UGCA444,2.4,37.2,5.39,15.24,5.42,0.0,16.175104327329702,576.6000000000001,109.01416666666668,2.760874638052189,2.03748293927435,True
UGCA444,2.48,37.6,7.1,14.73,5.5,0.0,15.723323440036461,570.0645161290323,99.68665322580645,2.7559240090291057,1.9986370156998174,True
UGCA444,2.55,35.6,4.73,14.22,5.46,0.0,15.232202729743324,497.00392156862756,90.98823529411766,2.696359815511795,1.958985242022754,True
UGCA444,2.62,38.3,7.78,13.81,5.25,0.0,14.774254634329273,559.8816793893129,83.3124427480916,2.7480962566175,1.920709868312966,True
